feature_id,family,source,unit,frequency,support_h,event_time,availability_time,transform,licence,role,note,admissibility,train_rows,train_finite,train_coverage
px.logret_1h,returns,lake:features/trading_asset_data/eurusd/5m.parquet,log-return,1h,1,"UTC hourly bar [t-1h, t)",t (bar end),ln(C(t)/C_asof(t-1h)) elapsed time,HistData.com free data (lake copy; research use; redistribution of raw bytes not granted),feature,,ADMISSIBLE,71734,71734,1.0
px.logret_2h,returns,lake:features/trading_asset_data/eurusd/5m.parquet,log-return,1h,2,"UTC hourly bar [t-1h, t)",t (bar end),ln(C(t)/C_asof(t-2h)) elapsed time,HistData.com free data (lake copy; research use; redistribution of raw bytes not granted),feature,,ADMISSIBLE,71734,71734,1.0
px.logret_4h,returns,lake:features/trading_asset_data/eurusd/5m.parquet,log-return,1h,4,"UTC hourly bar [t-1h, t)",t (bar end),ln(C(t)/C_asof(t-4h)) elapsed time,HistData.com free data (lake copy; research use; redistribution of raw bytes not granted),feature,,ADMISSIBLE,71734,71734,1.0
px.logret_6h,returns,lake:features/trading_asset_data/eurusd/5m.parquet,log-return,1h,6,"UTC hourly bar [t-1h, t)",t (bar end),ln(C(t)/C_asof(t-6h)) elapsed time,HistData.com free data (lake copy; research use; redistribution of raw bytes not granted),feature,,ADMISSIBLE,71734,71734,1.0
px.logret_12h,returns,lake:features/trading_asset_data/eurusd/5m.parquet,log-return,1h,12,"UTC hourly bar [t-1h, t)",t (bar end),ln(C(t)/C_asof(t-12h)) elapsed time,HistData.com free data (lake copy; research use; redistribution of raw bytes not granted),feature,,ADMISSIBLE,71734,71734,1.0
px.logret_24h,returns,lake:features/trading_asset_data/eurusd/5m.parquet,log-return,1h,24,"UTC hourly bar [t-1h, t)",t (bar end),ln(C(t)/C_asof(t-24h)) elapsed time,HistData.com free data (lake copy; research use; redistribution of raw bytes not granted),feature,,ADMISSIBLE,71734,71734,1.0
px.logret_48h,returns,lake:features/trading_asset_data/eurusd/5m.parquet,log-return,1h,48,"UTC hourly bar [t-1h, t)",t (bar end),ln(C(t)/C_asof(t-48h)) elapsed time,HistData.com free data (lake copy; research use; redistribution of raw bytes not granted),feature,,ADMISSIBLE,71734,71734,1.0
px.logret_120h,returns,lake:features/trading_asset_data/eurusd/5m.parquet,log-return,1h,120,"UTC hourly bar [t-1h, t)",t (bar end),ln(C(t)/C_asof(t-120h)) elapsed time,HistData.com free data (lake copy; research use; redistribution of raw bytes not granted),feature,,ADMISSIBLE,71734,71734,1.0
px.logret_168h,returns,lake:features/trading_asset_data/eurusd/5m.parquet,log-return,1h,168,"UTC hourly bar [t-1h, t)",t (bar end),ln(C(t)/C_asof(t-168h)) elapsed time,HistData.com free data (lake copy; research use; redistribution of raw bytes not granted),feature,,ADMISSIBLE,71734,71734,1.0
px.log_hl,range,lake:features/trading_asset_data/eurusd/5m.parquet,log-ratio,1h,1,"UTC hourly bar [t-1h, t)",t (bar end),ln(H/L),HistData.com free data (lake copy; research use; redistribution of raw bytes not granted),feature,,ADMISSIBLE,71734,71734,1.0
px.close_loc,range,lake:features/trading_asset_data/eurusd/5m.parquet,fraction,1h,1,"UTC hourly bar [t-1h, t)",t (bar end),(C-L)/(H-L),HistData.com free data (lake copy; research use; redistribution of raw bytes not granted),feature,,ADMISSIBLE,71734,71733,0.9999860596091115
px.log_co,range,lake:features/trading_asset_data/eurusd/5m.parquet,log-ratio,1h,1,"UTC hourly bar [t-1h, t)",t (bar end),ln(C/O),HistData.com free data (lake copy; research use; redistribution of raw bytes not granted),feature,,ADMISSIBLE,71734,71734,1.0
px.rv5,volatility,lake:features/trading_asset_data/eurusd/5m.parquet,log-return,1h,1,"UTC hourly bar [t-1h, t)",t (bar end),sqrt(sum within-hour 5m log-return^2),HistData.com free data (lake copy; research use; redistribution of raw bytes not granted),feature,,ADMISSIBLE,71734,71730,0.9999442384364458
px.ewma_vol_24,volatility,lake:features/trading_asset_data/eurusd/5m.parquet,log-return,1h,120,"UTC hourly bar [t-1h, t)",t (bar end),"EWMA std of 1h log returns, halflife 24 bars",HistData.com free data (lake copy; research use; redistribution of raw bytes not granted),feature,support ~5 halflives,ADMISSIBLE,71734,71734,1.0
px.ewma_vol_168,volatility,lake:features/trading_asset_data/eurusd/5m.parquet,log-return,1h,840,"UTC hourly bar [t-1h, t)",t (bar end),"EWMA std of 1h log returns, halflife 168 bars",HistData.com free data (lake copy; research use; redistribution of raw bytes not granted),feature,support ~5 halflives,ADMISSIBLE,71734,71734,1.0
px.parkinson_24,volatility,lake:features/trading_asset_data/eurusd/5m.parquet,log-return,1h,24,"UTC hourly bar [t-1h, t)",t (bar end),Parkinson over 24 bars,HistData.com free data (lake copy; research use; redistribution of raw bytes not granted),feature,,ADMISSIBLE,71734,71734,1.0
px.hours_since_prev_bar,market_state,lake:features/trading_asset_data/eurusd/5m.parquet,hours,1h,72,"UTC hourly bar [t-1h, t)",t (bar end),elapsed hours since previous bar end,HistData.com free data (lake copy; research use; redistribution of raw bytes not granted),feature,,ADMISSIBLE,71734,71734,1.0
px.zclose_24,returns,lake:features/trading_asset_data/eurusd/5m.parquet,z,1h,24,"UTC hourly bar [t-1h, t)",t (bar end),(C-mean_24)/std_24 over bars,HistData.com free data (lake copy; research use; redistribution of raw bytes not granted),feature,,ADMISSIBLE,71734,71734,1.0
px.zclose_168,returns,lake:features/trading_asset_data/eurusd/5m.parquet,z,1h,168,"UTC hourly bar [t-1h, t)",t (bar end),(C-mean_168)/std_168 over bars,HistData.com free data (lake copy; research use; redistribution of raw bytes not granted),feature,,ADMISSIBLE,71734,71734,1.0
px.log_close,level,lake:features/trading_asset_data/eurusd/5m.parquet,log-price,1h,0,"UTC hourly bar [t-1h, t)",t (bar end),ln(C),HistData.com free data (lake copy; research use; redistribution of raw bytes not granted),feature,,ADMISSIBLE,71734,71734,1.0
q.n5,quality,lake:features/trading_asset_data/eurusd/5m.parquet,count,1h,1,"UTC hourly bar [t-1h, t)",t (bar end),5m bars in the hour,HistData.com free data (lake copy; research use; redistribution of raw bytes not granted),quality_excluded,"DATA_COMPLETENESS_COUNT: profiled, not a market feature",EXCLUDED_ROLE:quality_excluded,71734,71734,1.0
ta.rsi_14,technical,lake:features/trading_asset_data/eurusd/5m.parquet,indicator,1h,70,"UTC hourly bar [t-1h, t)",t (bar end),ta.rsi_14 on UTC hourly bars (bar-indexed window),HistData.com free data (lake copy; research use; redistribution of raw bytes not granted),feature,formula of feature-eng app/plugins/tech_indicator.py defaults (pandas_ta); pandas_ta parity NOT_VERIFIED (absent on worker_a),ADMISSIBLE,71734,71734,1.0
ta.macd_n,technical,lake:features/trading_asset_data/eurusd/5m.parquet,indicator,1h,130,"UTC hourly bar [t-1h, t)",t (bar end),ta.macd_n on UTC hourly bars (bar-indexed window),HistData.com free data (lake copy; research use; redistribution of raw bytes not granted),feature,formula of feature-eng app/plugins/tech_indicator.py defaults (pandas_ta); pandas_ta parity NOT_VERIFIED (absent on worker_a),ADMISSIBLE,71734,71734,1.0
ta.macd_hist_n,technical,lake:features/trading_asset_data/eurusd/5m.parquet,indicator,1h,175,"UTC hourly bar [t-1h, t)",t (bar end),ta.macd_hist_n on UTC hourly bars (bar-indexed window),HistData.com free data (lake copy; research use; redistribution of raw bytes not granted),feature,formula of feature-eng app/plugins/tech_indicator.py defaults (pandas_ta); pandas_ta parity NOT_VERIFIED (absent on worker_a),ADMISSIBLE,71734,71734,1.0
ta.ema20_dev,technical,lake:features/trading_asset_data/eurusd/5m.parquet,indicator,1h,100,"UTC hourly bar [t-1h, t)",t (bar end),ta.ema20_dev on UTC hourly bars (bar-indexed window),HistData.com free data (lake copy; research use; redistribution of raw bytes not granted),feature,formula of feature-eng app/plugins/tech_indicator.py defaults (pandas_ta); pandas_ta parity NOT_VERIFIED (absent on worker_a),ADMISSIBLE,71734,71734,1.0
ta.stoch_k,technical,lake:features/trading_asset_data/eurusd/5m.parquet,indicator,1h,16,"UTC hourly bar [t-1h, t)",t (bar end),ta.stoch_k on UTC hourly bars (bar-indexed window),HistData.com free data (lake copy; research use; redistribution of raw bytes not granted),feature,formula of feature-eng app/plugins/tech_indicator.py defaults (pandas_ta); pandas_ta parity NOT_VERIFIED (absent on worker_a),ADMISSIBLE,71734,71734,1.0
ta.stoch_d,technical,lake:features/trading_asset_data/eurusd/5m.parquet,indicator,1h,18,"UTC hourly bar [t-1h, t)",t (bar end),ta.stoch_d on UTC hourly bars (bar-indexed window),HistData.com free data (lake copy; research use; redistribution of raw bytes not granted),feature,formula of feature-eng app/plugins/tech_indicator.py defaults (pandas_ta); pandas_ta parity NOT_VERIFIED (absent on worker_a),ADMISSIBLE,71734,71734,1.0
ta.willr_14,technical,lake:features/trading_asset_data/eurusd/5m.parquet,indicator,1h,14,"UTC hourly bar [t-1h, t)",t (bar end),ta.willr_14 on UTC hourly bars (bar-indexed window),HistData.com free data (lake copy; research use; redistribution of raw bytes not granted),feature,formula of feature-eng app/plugins/tech_indicator.py defaults (pandas_ta); pandas_ta parity NOT_VERIFIED (absent on worker_a),ADMISSIBLE,71734,71734,1.0
ta.atr_14_n,technical,lake:features/trading_asset_data/eurusd/5m.parquet,indicator,1h,70,"UTC hourly bar [t-1h, t)",t (bar end),ta.atr_14_n on UTC hourly bars (bar-indexed window),HistData.com free data (lake copy; research use; redistribution of raw bytes not granted),feature,formula of feature-eng app/plugins/tech_indicator.py defaults (pandas_ta); pandas_ta parity NOT_VERIFIED (absent on worker_a),ADMISSIBLE,71734,71734,1.0
ta.adx_14,technical,lake:features/trading_asset_data/eurusd/5m.parquet,indicator,1h,140,"UTC hourly bar [t-1h, t)",t (bar end),ta.adx_14 on UTC hourly bars (bar-indexed window),HistData.com free data (lake copy; research use; redistribution of raw bytes not granted),feature,formula of feature-eng app/plugins/tech_indicator.py defaults (pandas_ta); pandas_ta parity NOT_VERIFIED (absent on worker_a),ADMISSIBLE,71734,71734,1.0
ta.dmp_14,technical,lake:features/trading_asset_data/eurusd/5m.parquet,indicator,1h,70,"UTC hourly bar [t-1h, t)",t (bar end),ta.dmp_14 on UTC hourly bars (bar-indexed window),HistData.com free data (lake copy; research use; redistribution of raw bytes not granted),feature,formula of feature-eng app/plugins/tech_indicator.py defaults (pandas_ta); pandas_ta parity NOT_VERIFIED (absent on worker_a),ADMISSIBLE,71734,71734,1.0
ta.dmn_14,technical,lake:features/trading_asset_data/eurusd/5m.parquet,indicator,1h,70,"UTC hourly bar [t-1h, t)",t (bar end),ta.dmn_14 on UTC hourly bars (bar-indexed window),HistData.com free data (lake copy; research use; redistribution of raw bytes not granted),feature,formula of feature-eng app/plugins/tech_indicator.py defaults (pandas_ta); pandas_ta parity NOT_VERIFIED (absent on worker_a),ADMISSIBLE,71734,71734,1.0
ta.cci_20,technical,lake:features/trading_asset_data/eurusd/5m.parquet,indicator,1h,20,"UTC hourly bar [t-1h, t)",t (bar end),ta.cci_20 on UTC hourly bars (bar-indexed window),HistData.com free data (lake copy; research use; redistribution of raw bytes not granted),feature,formula of feature-eng app/plugins/tech_indicator.py defaults (pandas_ta); pandas_ta parity NOT_VERIFIED (absent on worker_a),ADMISSIBLE,71734,71734,1.0
ta.bb_pctb_20,technical,lake:features/trading_asset_data/eurusd/5m.parquet,indicator,1h,20,"UTC hourly bar [t-1h, t)",t (bar end),ta.bb_pctb_20 on UTC hourly bars (bar-indexed window),HistData.com free data (lake copy; research use; redistribution of raw bytes not granted),feature,formula of feature-eng app/plugins/tech_indicator.py defaults (pandas_ta); pandas_ta parity NOT_VERIFIED (absent on worker_a),ADMISSIBLE,71734,71734,1.0
ta.bb_width_20,technical,lake:features/trading_asset_data/eurusd/5m.parquet,indicator,1h,20,"UTC hourly bar [t-1h, t)",t (bar end),ta.bb_width_20 on UTC hourly bars (bar-indexed window),HistData.com free data (lake copy; research use; redistribution of raw bytes not granted),feature,formula of feature-eng app/plugins/tech_indicator.py defaults (pandas_ta); pandas_ta parity NOT_VERIFIED (absent on worker_a),ADMISSIBLE,71734,71734,1.0
ta.mom_10_n,technical,lake:features/trading_asset_data/eurusd/5m.parquet,indicator,1h,10,"UTC hourly bar [t-1h, t)",t (bar end),ta.mom_10_n on UTC hourly bars (bar-indexed window),HistData.com free data (lake copy; research use; redistribution of raw bytes not granted),feature,formula of feature-eng app/plugins/tech_indicator.py defaults (pandas_ta); pandas_ta parity NOT_VERIFIED (absent on worker_a),ADMISSIBLE,71734,71734,1.0
ta.roc_10,technical,lake:features/trading_asset_data/eurusd/5m.parquet,indicator,1h,10,"UTC hourly bar [t-1h, t)",t (bar end),ta.roc_10 on UTC hourly bars (bar-indexed window),HistData.com free data (lake copy; research use; redistribution of raw bytes not granted),feature,formula of feature-eng app/plugins/tech_indicator.py defaults (pandas_ta); pandas_ta parity NOT_VERIFIED (absent on worker_a),ADMISSIBLE,71734,71734,1.0
cal.hour_sin,calendar_known,derived:clock,dimensionless,1h,0,bar midpoint t-30min,known in advance,cal.hour_sin at bar midpoint,derived (no third-party data),feature,session = published exchange-centre hours (fixed rule); holidays not included,ADMISSIBLE,71734,71734,1.0
cal.hour_cos,calendar_known,derived:clock,dimensionless,1h,0,bar midpoint t-30min,known in advance,cal.hour_cos at bar midpoint,derived (no third-party data),feature,session = published exchange-centre hours (fixed rule); holidays not included,ADMISSIBLE,71734,71734,1.0
cal.dow_sin,calendar_known,derived:clock,dimensionless,1h,0,bar midpoint t-30min,known in advance,cal.dow_sin at bar midpoint,derived (no third-party data),feature,session = published exchange-centre hours (fixed rule); holidays not included,ADMISSIBLE,71734,71734,1.0
cal.dow_cos,calendar_known,derived:clock,dimensionless,1h,0,bar midpoint t-30min,known in advance,cal.dow_cos at bar midpoint,derived (no third-party data),feature,session = published exchange-centre hours (fixed rule); holidays not included,ADMISSIBLE,71734,71734,1.0
cal.doy_sin,calendar_known,derived:clock,dimensionless,1h,0,bar midpoint t-30min,known in advance,cal.doy_sin at bar midpoint,derived (no third-party data),feature,session = published exchange-centre hours (fixed rule); holidays not included,ADMISSIBLE,71734,71734,1.0
cal.doy_cos,calendar_known,derived:clock,dimensionless,1h,0,bar midpoint t-30min,known in advance,cal.doy_cos at bar midpoint,derived (no third-party data),feature,session = published exchange-centre hours (fixed rule); holidays not included,ADMISSIBLE,71734,71734,1.0
cal.us_dst,calendar_known,derived:clock,dimensionless,1h,0,bar midpoint t-30min,known in advance,cal.us_dst at bar midpoint,derived (no third-party data),feature,session = published exchange-centre hours (fixed rule); holidays not included,ADMISSIBLE,71734,71734,1.0
cal.sess_london,calendar_known,derived:clock,dimensionless,1h,0,bar midpoint t-30min,known in advance,cal.sess_london at bar midpoint,derived (no third-party data),feature,session = published exchange-centre hours (fixed rule); holidays not included,ADMISSIBLE,71734,71734,1.0
cal.sess_newyork,calendar_known,derived:clock,dimensionless,1h,0,bar midpoint t-30min,known in advance,cal.sess_newyork at bar midpoint,derived (no third-party data),feature,session = published exchange-centre hours (fixed rule); holidays not included,ADMISSIBLE,71734,71734,1.0
cal.sess_tokyo,calendar_known,derived:clock,dimensionless,1h,0,bar midpoint t-30min,known in advance,cal.sess_tokyo at bar midpoint,derived (no third-party data),feature,session = published exchange-centre hours (fixed rule); holidays not included,ADMISSIBLE,71734,71734,1.0
ev.USD.high.count_24h,event_calendar,feature-eng:tests/data/economic_calendar_2011_2021.csv,count,1h,24,"scheduled release instant (archive clock, measured era) ",scheduled instant + 1 min (ASSUMED_SCHEDULED_PUBLICATION_LOCALIZED; no receipt clock),"releases in (t-24h, t]",UNKNOWN_PROVENANCE (no provenance sidecar; registered in data-gov with 12 absences),feature,"NaN where (t-support, t] leaves the source's complete-coverage windows",ADMISSIBLE_WITH_DECLARED_ASSUMPTION (archive clock measured; availability = scheduled+1min; provenance unknown),71734,54772,0.7635430897482366
ev.USD.high.hours_since,event_calendar,feature-eng:tests/data/economic_calendar_2011_2021.csv,hours,1h,168,"scheduled release instant (archive clock, measured era) ",scheduled instant + 1 min (ASSUMED_SCHEDULED_PUBLICATION_LOCALIZED; no receipt clock),"min(168, hours since last release)",UNKNOWN_PROVENANCE (no provenance sidecar; registered in data-gov with 12 absences),feature,"NaN where (t-support, t] leaves the source's complete-coverage windows",ADMISSIBLE_WITH_DECLARED_ASSUMPTION (archive clock measured; availability = scheduled+1min; provenance unknown),71734,54484,0.7595282571723311
ev.USD.high.last_surprise_z,event_surprise,feature-eng:tests/data/economic_calendar_2011_2021.csv,z,1h,168,"scheduled release instant (archive clock, measured era) ",scheduled instant + 1 min (ASSUMED_SCHEDULED_PUBLICATION_LOCALIZED; no receipt clock),"causal z of (actual-forecast), age<=168h",UNKNOWN_PROVENANCE (no provenance sidecar; registered in data-gov with 12 absences),feature,"NaN where (t-support, t] leaves the source's complete-coverage windows",ADMISSIBLE_WITH_DECLARED_ASSUMPTION (archive clock measured; availability = scheduled+1min; provenance unknown),71734,53729,0.7490032620514679
ev.USD.high.sum_surprise_z_24h,event_surprise,feature-eng:tests/data/economic_calendar_2011_2021.csv,z,1h,168,"scheduled release instant (archive clock, measured era) ",scheduled instant + 1 min (ASSUMED_SCHEDULED_PUBLICATION_LOCALIZED; no receipt clock),"sum of clipped surprise z in (t-24h,t]",UNKNOWN_PROVENANCE (no provenance sidecar; registered in data-gov with 12 absences),feature,"NaN where (t-support, t] leaves the source's complete-coverage windows",ADMISSIBLE_WITH_DECLARED_ASSUMPTION (archive clock measured; availability = scheduled+1min; provenance unknown),71734,54484,0.7595282571723311
ev.USD.high.last_revision_z,event_surprise,feature-eng:tests/data/economic_calendar_2011_2021.csv,z,1h,168,"scheduled release instant (archive clock, measured era) ",scheduled instant + 1 min (ASSUMED_SCHEDULED_PUBLICATION_LOCALIZED; no receipt clock),"causal z of (previous - prior actual), age<=168h",UNKNOWN_PROVENANCE (no provenance sidecar; registered in data-gov with 12 absences),feature,"NaN where (t-support, t] leaves the source's complete-coverage windows",ADMISSIBLE_WITH_DECLARED_ASSUMPTION (archive clock measured; availability = scheduled+1min; provenance unknown),71734,24146,0.3366046783951822
ev.USD.moderate.count_24h,event_calendar,feature-eng:tests/data/economic_calendar_2011_2021.csv,count,1h,24,"scheduled release instant (archive clock, measured era) ",scheduled instant + 1 min (ASSUMED_SCHEDULED_PUBLICATION_LOCALIZED; no receipt clock),"releases in (t-24h, t]",UNKNOWN_PROVENANCE (no provenance sidecar; registered in data-gov with 12 absences),feature,"NaN where (t-support, t] leaves the source's complete-coverage windows",ADMISSIBLE_WITH_DECLARED_ASSUMPTION (archive clock measured; availability = scheduled+1min; provenance unknown),71734,54772,0.7635430897482366
ev.USD.moderate.hours_since,event_calendar,feature-eng:tests/data/economic_calendar_2011_2021.csv,hours,1h,168,"scheduled release instant (archive clock, measured era) ",scheduled instant + 1 min (ASSUMED_SCHEDULED_PUBLICATION_LOCALIZED; no receipt clock),"min(168, hours since last release)",UNKNOWN_PROVENANCE (no provenance sidecar; registered in data-gov with 12 absences),feature,"NaN where (t-support, t] leaves the source's complete-coverage windows",ADMISSIBLE_WITH_DECLARED_ASSUMPTION (archive clock measured; availability = scheduled+1min; provenance unknown),71734,54484,0.7595282571723311
ev.USD.moderate.last_surprise_z,event_surprise,feature-eng:tests/data/economic_calendar_2011_2021.csv,z,1h,168,"scheduled release instant (archive clock, measured era) ",scheduled instant + 1 min (ASSUMED_SCHEDULED_PUBLICATION_LOCALIZED; no receipt clock),"causal z of (actual-forecast), age<=168h",UNKNOWN_PROVENANCE (no provenance sidecar; registered in data-gov with 12 absences),feature,"NaN where (t-support, t] leaves the source's complete-coverage windows",ADMISSIBLE_WITH_DECLARED_ASSUMPTION (archive clock measured; availability = scheduled+1min; provenance unknown),71734,53868,0.7509409763849778
ev.USD.moderate.sum_surprise_z_24h,event_surprise,feature-eng:tests/data/economic_calendar_2011_2021.csv,z,1h,168,"scheduled release instant (archive clock, measured era) ",scheduled instant + 1 min (ASSUMED_SCHEDULED_PUBLICATION_LOCALIZED; no receipt clock),"sum of clipped surprise z in (t-24h,t]",UNKNOWN_PROVENANCE (no provenance sidecar; registered in data-gov with 12 absences),feature,"NaN where (t-support, t] leaves the source's complete-coverage windows",ADMISSIBLE_WITH_DECLARED_ASSUMPTION (archive clock measured; availability = scheduled+1min; provenance unknown),71734,54484,0.7595282571723311
ev.USD.moderate.last_revision_z,event_surprise,feature-eng:tests/data/economic_calendar_2011_2021.csv,z,1h,168,"scheduled release instant (archive clock, measured era) ",scheduled instant + 1 min (ASSUMED_SCHEDULED_PUBLICATION_LOCALIZED; no receipt clock),"causal z of (previous - prior actual), age<=168h",UNKNOWN_PROVENANCE (no provenance sidecar; registered in data-gov with 12 absences),feature,"NaN where (t-support, t] leaves the source's complete-coverage windows",ADMISSIBLE_WITH_DECLARED_ASSUMPTION (archive clock measured; availability = scheduled+1min; provenance unknown),71734,38769,0.5404550143586027
ev.USD.low.count_24h,event_calendar,feature-eng:tests/data/economic_calendar_2011_2021.csv,count,1h,24,"scheduled release instant (archive clock, measured era) ",scheduled instant + 1 min (ASSUMED_SCHEDULED_PUBLICATION_LOCALIZED; no receipt clock),"releases in (t-24h, t]",UNKNOWN_PROVENANCE (no provenance sidecar; registered in data-gov with 12 absences),feature,"NaN where (t-support, t] leaves the source's complete-coverage windows",ADMISSIBLE_WITH_DECLARED_ASSUMPTION (archive clock measured; availability = scheduled+1min; provenance unknown),71734,54772,0.7635430897482366
ev.USD.low.hours_since,event_calendar,feature-eng:tests/data/economic_calendar_2011_2021.csv,hours,1h,168,"scheduled release instant (archive clock, measured era) ",scheduled instant + 1 min (ASSUMED_SCHEDULED_PUBLICATION_LOCALIZED; no receipt clock),"min(168, hours since last release)",UNKNOWN_PROVENANCE (no provenance sidecar; registered in data-gov with 12 absences),feature,"NaN where (t-support, t] leaves the source's complete-coverage windows",ADMISSIBLE_WITH_DECLARED_ASSUMPTION (archive clock measured; availability = scheduled+1min; provenance unknown),71734,54484,0.7595282571723311
ev.EUR.high.count_24h,event_calendar,feature-eng:tests/data/economic_calendar_2011_2021.csv,count,1h,24,"scheduled release instant (archive clock, measured era) ",scheduled instant + 1 min (ASSUMED_SCHEDULED_PUBLICATION_LOCALIZED; no receipt clock),"releases in (t-24h, t]",UNKNOWN_PROVENANCE (no provenance sidecar; registered in data-gov with 12 absences),feature,"NaN where (t-support, t] leaves the source's complete-coverage windows",ADMISSIBLE_WITH_DECLARED_ASSUMPTION (archive clock measured; availability = scheduled+1min; provenance unknown),71734,54772,0.7635430897482366
ev.EUR.high.hours_since,event_calendar,feature-eng:tests/data/economic_calendar_2011_2021.csv,hours,1h,168,"scheduled release instant (archive clock, measured era) ",scheduled instant + 1 min (ASSUMED_SCHEDULED_PUBLICATION_LOCALIZED; no receipt clock),"min(168, hours since last release)",UNKNOWN_PROVENANCE (no provenance sidecar; registered in data-gov with 12 absences),feature,"NaN where (t-support, t] leaves the source's complete-coverage windows",ADMISSIBLE_WITH_DECLARED_ASSUMPTION (archive clock measured; availability = scheduled+1min; provenance unknown),71734,54484,0.7595282571723311
ev.EUR.high.last_surprise_z,event_surprise,feature-eng:tests/data/economic_calendar_2011_2021.csv,z,1h,168,"scheduled release instant (archive clock, measured era) ",scheduled instant + 1 min (ASSUMED_SCHEDULED_PUBLICATION_LOCALIZED; no receipt clock),"causal z of (actual-forecast), age<=168h",UNKNOWN_PROVENANCE (no provenance sidecar; registered in data-gov with 12 absences),feature,"NaN where (t-support, t] leaves the source's complete-coverage windows",ADMISSIBLE_WITH_DECLARED_ASSUMPTION (archive clock measured; availability = scheduled+1min; provenance unknown),71734,37202,0.5186104218362283
ev.EUR.high.sum_surprise_z_24h,event_surprise,feature-eng:tests/data/economic_calendar_2011_2021.csv,z,1h,168,"scheduled release instant (archive clock, measured era) ",scheduled instant + 1 min (ASSUMED_SCHEDULED_PUBLICATION_LOCALIZED; no receipt clock),"sum of clipped surprise z in (t-24h,t]",UNKNOWN_PROVENANCE (no provenance sidecar; registered in data-gov with 12 absences),feature,"NaN where (t-support, t] leaves the source's complete-coverage windows",ADMISSIBLE_WITH_DECLARED_ASSUMPTION (archive clock measured; availability = scheduled+1min; provenance unknown),71734,54484,0.7595282571723311
ev.EUR.high.last_revision_z,event_surprise,feature-eng:tests/data/economic_calendar_2011_2021.csv,z,1h,168,"scheduled release instant (archive clock, measured era) ",scheduled instant + 1 min (ASSUMED_SCHEDULED_PUBLICATION_LOCALIZED; no receipt clock),"causal z of (previous - prior actual), age<=168h",UNKNOWN_PROVENANCE (no provenance sidecar; registered in data-gov with 12 absences),feature,"NaN where (t-support, t] leaves the source's complete-coverage windows",ADMISSIBLE_WITH_DECLARED_ASSUMPTION (archive clock measured; availability = scheduled+1min; provenance unknown),71734,27737,0.386664622076003
ev.EUR.moderate.count_24h,event_calendar,feature-eng:tests/data/economic_calendar_2011_2021.csv,count,1h,24,"scheduled release instant (archive clock, measured era) ",scheduled instant + 1 min (ASSUMED_SCHEDULED_PUBLICATION_LOCALIZED; no receipt clock),"releases in (t-24h, t]",UNKNOWN_PROVENANCE (no provenance sidecar; registered in data-gov with 12 absences),feature,"NaN where (t-support, t] leaves the source's complete-coverage windows",ADMISSIBLE_WITH_DECLARED_ASSUMPTION (archive clock measured; availability = scheduled+1min; provenance unknown),71734,54772,0.7635430897482366
ev.EUR.moderate.hours_since,event_calendar,feature-eng:tests/data/economic_calendar_2011_2021.csv,hours,1h,168,"scheduled release instant (archive clock, measured era) ",scheduled instant + 1 min (ASSUMED_SCHEDULED_PUBLICATION_LOCALIZED; no receipt clock),"min(168, hours since last release)",UNKNOWN_PROVENANCE (no provenance sidecar; registered in data-gov with 12 absences),feature,"NaN where (t-support, t] leaves the source's complete-coverage windows",ADMISSIBLE_WITH_DECLARED_ASSUMPTION (archive clock measured; availability = scheduled+1min; provenance unknown),71734,54484,0.7595282571723311
ev.EUR.moderate.last_surprise_z,event_surprise,feature-eng:tests/data/economic_calendar_2011_2021.csv,z,1h,168,"scheduled release instant (archive clock, measured era) ",scheduled instant + 1 min (ASSUMED_SCHEDULED_PUBLICATION_LOCALIZED; no receipt clock),"causal z of (actual-forecast), age<=168h",UNKNOWN_PROVENANCE (no provenance sidecar; registered in data-gov with 12 absences),feature,"NaN where (t-support, t] leaves the source's complete-coverage windows",ADMISSIBLE_WITH_DECLARED_ASSUMPTION (archive clock measured; availability = scheduled+1min; provenance unknown),71734,52854,0.7368054200239774
ev.EUR.moderate.sum_surprise_z_24h,event_surprise,feature-eng:tests/data/economic_calendar_2011_2021.csv,z,1h,168,"scheduled release instant (archive clock, measured era) ",scheduled instant + 1 min (ASSUMED_SCHEDULED_PUBLICATION_LOCALIZED; no receipt clock),"sum of clipped surprise z in (t-24h,t]",UNKNOWN_PROVENANCE (no provenance sidecar; registered in data-gov with 12 absences),feature,"NaN where (t-support, t] leaves the source's complete-coverage windows",ADMISSIBLE_WITH_DECLARED_ASSUMPTION (archive clock measured; availability = scheduled+1min; provenance unknown),71734,54484,0.7595282571723311
ev.EUR.moderate.last_revision_z,event_surprise,feature-eng:tests/data/economic_calendar_2011_2021.csv,z,1h,168,"scheduled release instant (archive clock, measured era) ",scheduled instant + 1 min (ASSUMED_SCHEDULED_PUBLICATION_LOCALIZED; no receipt clock),"causal z of (previous - prior actual), age<=168h",UNKNOWN_PROVENANCE (no provenance sidecar; registered in data-gov with 12 absences),feature,"NaN where (t-support, t] leaves the source's complete-coverage windows",ADMISSIBLE_WITH_DECLARED_ASSUMPTION (archive clock measured; availability = scheduled+1min; provenance unknown),71734,45986,0.6410628154013438
ev.EUR.low.count_24h,event_calendar,feature-eng:tests/data/economic_calendar_2011_2021.csv,count,1h,24,"scheduled release instant (archive clock, measured era) ",scheduled instant + 1 min (ASSUMED_SCHEDULED_PUBLICATION_LOCALIZED; no receipt clock),"releases in (t-24h, t]",UNKNOWN_PROVENANCE (no provenance sidecar; registered in data-gov with 12 absences),feature,"NaN where (t-support, t] leaves the source's complete-coverage windows",ADMISSIBLE_WITH_DECLARED_ASSUMPTION (archive clock measured; availability = scheduled+1min; provenance unknown),71734,54772,0.7635430897482366
ev.EUR.low.hours_since,event_calendar,feature-eng:tests/data/economic_calendar_2011_2021.csv,hours,1h,168,"scheduled release instant (archive clock, measured era) ",scheduled instant + 1 min (ASSUMED_SCHEDULED_PUBLICATION_LOCALIZED; no receipt clock),"min(168, hours since last release)",UNKNOWN_PROVENANCE (no provenance sidecar; registered in data-gov with 12 absences),feature,"NaN where (t-support, t] leaves the source's complete-coverage windows",ADMISSIBLE_WITH_DECLARED_ASSUMPTION (archive clock measured; availability = scheduled+1min; provenance unknown),71734,54484,0.7595282571723311
ev.USD.desc.crude_oil_inventories.last_surprise_z,event_surprise_by_release,feature-eng:tests/data/economic_calendar_2011_2021.csv,z,1h,840,"scheduled release instant (archive clock, measured era) ",scheduled instant + 1 min (ASSUMED_SCHEDULED_PUBLICATION_LOCALIZED; no receipt clock),last causal surprise z of 'United States|Crude Oil Inventories' within 35 days (455 releases with consensus),UNKNOWN_PROVENANCE (no provenance sidecar; registered in data-gov with 12 absences),feature,"NaN where (t-support, t] leaves the source's complete-coverage windows",ADMISSIBLE_WITH_DECLARED_ASSUMPTION (archive clock measured; availability = scheduled+1min; provenance unknown),71734,52890,0.7373072740959656
ev.USD.desc.ppi.last_surprise_z,event_surprise_by_release,feature-eng:tests/data/economic_calendar_2011_2021.csv,z,1h,840,"scheduled release instant (archive clock, measured era) ",scheduled instant + 1 min (ASSUMED_SCHEDULED_PUBLICATION_LOCALIZED; no receipt clock),last causal surprise z of 'United States|PPI' within 35 days (103 releases with consensus),UNKNOWN_PROVENANCE (no provenance sidecar; registered in data-gov with 12 absences),feature,"NaN where (t-support, t] leaves the source's complete-coverage windows",ADMISSIBLE_WITH_DECLARED_ASSUMPTION (archive clock measured; availability = scheduled+1min; provenance unknown),71734,51594,0.7192405275043913
ev.USD.desc.adp_nonfarm_employment_change.last_surprise_z,event_surprise_by_release,feature-eng:tests/data/economic_calendar_2011_2021.csv,z,1h,840,"scheduled release instant (archive clock, measured era) ",scheduled instant + 1 min (ASSUMED_SCHEDULED_PUBLICATION_LOCALIZED; no receipt clock),last causal surprise z of 'United States|ADP Nonfarm Employment Change' within 35 days (101 releases with consensus),UNKNOWN_PROVENANCE (no provenance sidecar; registered in data-gov with 12 absences),feature,"NaN where (t-support, t] leaves the source's complete-coverage windows",ADMISSIBLE_WITH_DECLARED_ASSUMPTION (archive clock measured; availability = scheduled+1min; provenance unknown),71734,50314,0.7013968271670338
ev.USD.desc.new_home_sales.last_surprise_z,event_surprise_by_release,feature-eng:tests/data/economic_calendar_2011_2021.csv,z,1h,840,"scheduled release instant (archive clock, measured era) ",scheduled instant + 1 min (ASSUMED_SCHEDULED_PUBLICATION_LOCALIZED; no receipt clock),last causal surprise z of 'United States|New Home Sales' within 35 days (101 releases with consensus),UNKNOWN_PROVENANCE (no provenance sidecar; registered in data-gov with 12 absences),feature,"NaN where (t-support, t] leaves the source's complete-coverage windows",ADMISSIBLE_WITH_DECLARED_ASSUMPTION (archive clock measured; availability = scheduled+1min; provenance unknown),71734,48880,0.681406306632838
ev.USD.desc.ism_manufacturing_pmi.last_surprise_z,event_surprise_by_release,feature-eng:tests/data/economic_calendar_2011_2021.csv,z,1h,840,"scheduled release instant (archive clock, measured era) ",scheduled instant + 1 min (ASSUMED_SCHEDULED_PUBLICATION_LOCALIZED; no receipt clock),last causal surprise z of 'United States|ISM Manufacturing PMI' within 35 days (100 releases with consensus),UNKNOWN_PROVENANCE (no provenance sidecar; registered in data-gov with 12 absences),feature,"NaN where (t-support, t] leaves the source's complete-coverage windows",ADMISSIBLE_WITH_DECLARED_ASSUMPTION (archive clock measured; availability = scheduled+1min; provenance unknown),71734,50466,0.7035157665820949
ev.USD.desc.unemployment_rate.last_surprise_z,event_surprise_by_release,feature-eng:tests/data/economic_calendar_2011_2021.csv,z,1h,840,"scheduled release instant (archive clock, measured era) ",scheduled instant + 1 min (ASSUMED_SCHEDULED_PUBLICATION_LOCALIZED; no receipt clock),last causal surprise z of 'United States|Unemployment Rate' within 35 days (100 releases with consensus),UNKNOWN_PROVENANCE (no provenance sidecar; registered in data-gov with 12 absences),feature,"NaN where (t-support, t] leaves the source's complete-coverage windows",ADMISSIBLE_WITH_DECLARED_ASSUMPTION (archive clock measured; availability = scheduled+1min; provenance unknown),71734,50218,0.700058549641732
ev.USD.desc.nonfarm_payrolls.last_surprise_z,event_surprise_by_release,feature-eng:tests/data/economic_calendar_2011_2021.csv,z,1h,840,"scheduled release instant (archive clock, measured era) ",scheduled instant + 1 min (ASSUMED_SCHEDULED_PUBLICATION_LOCALIZED; no receipt clock),last causal surprise z of 'United States|Nonfarm Payrolls' within 35 days (100 releases with consensus),UNKNOWN_PROVENANCE (no provenance sidecar; registered in data-gov with 12 absences),feature,"NaN where (t-support, t] leaves the source's complete-coverage windows",ADMISSIBLE_WITH_DECLARED_ASSUMPTION (archive clock measured; availability = scheduled+1min; provenance unknown),71734,50218,0.700058549641732
ev.USD.desc.ism_non_manufacturing_pmi.last_surprise_z,event_surprise_by_release,feature-eng:tests/data/economic_calendar_2011_2021.csv,z,1h,840,"scheduled release instant (archive clock, measured era) ",scheduled instant + 1 min (ASSUMED_SCHEDULED_PUBLICATION_LOCALIZED; no receipt clock),last causal surprise z of 'United States|ISM Non-Manufacturing PMI' within 35 days (100 releases with consensus),UNKNOWN_PROVENANCE (no provenance sidecar; registered in data-gov with 12 absences),feature,"NaN where (t-support, t] leaves the source's complete-coverage windows",ADMISSIBLE_WITH_DECLARED_ASSUMPTION (archive clock measured; availability = scheduled+1min; provenance unknown),71734,50418,0.7028466278194441
ev.EUR.desc.german_manufacturing_pmi.last_surprise_z,event_surprise_by_release,feature-eng:tests/data/economic_calendar_2011_2021.csv,z,1h,840,"scheduled release instant (archive clock, measured era) ",scheduled instant + 1 min (ASSUMED_SCHEDULED_PUBLICATION_LOCALIZED; no receipt clock),last causal surprise z of 'Germany|German Manufacturing PMI' within 35 days (206 releases with consensus),UNKNOWN_PROVENANCE (no provenance sidecar; registered in data-gov with 12 absences),feature,"NaN where (t-support, t] leaves the source's complete-coverage windows",ADMISSIBLE_WITH_DECLARED_ASSUMPTION (archive clock measured; availability = scheduled+1min; provenance unknown),71734,52057,0.7256949284857948
ev.EUR.desc.german_ifo_business_climate_index.last_surprise_z,event_surprise_by_release,feature-eng:tests/data/economic_calendar_2011_2021.csv,z,1h,840,"scheduled release instant (archive clock, measured era) ",scheduled instant + 1 min (ASSUMED_SCHEDULED_PUBLICATION_LOCALIZED; no receipt clock),last causal surprise z of 'Germany|German Ifo Business Climate Index' within 35 days (101 releases with consensus),UNKNOWN_PROVENANCE (no provenance sidecar; registered in data-gov with 12 absences),feature,"NaN where (t-support, t] leaves the source's complete-coverage windows",ADMISSIBLE_WITH_DECLARED_ASSUMPTION (archive clock measured; availability = scheduled+1min; provenance unknown),71734,49608,0.69155491119971
ev.EUR.desc.german_unemployment_change.last_surprise_z,event_surprise_by_release,feature-eng:tests/data/economic_calendar_2011_2021.csv,z,1h,840,"scheduled release instant (archive clock, measured era) ",scheduled instant + 1 min (ASSUMED_SCHEDULED_PUBLICATION_LOCALIZED; no receipt clock),last causal surprise z of 'Germany|German Unemployment Change' within 35 days (100 releases with consensus),UNKNOWN_PROVENANCE (no provenance sidecar; registered in data-gov with 12 absences),feature,"NaN where (t-support, t] leaves the source's complete-coverage windows",ADMISSIBLE_WITH_DECLARED_ASSUMPTION (archive clock measured; availability = scheduled+1min; provenance unknown),71734,50340,0.7017592773301363
ev.EUR.desc.german_zew_economic_sentiment.last_surprise_z,event_surprise_by_release,feature-eng:tests/data/economic_calendar_2011_2021.csv,z,1h,840,"scheduled release instant (archive clock, measured era) ",scheduled instant + 1 min (ASSUMED_SCHEDULED_PUBLICATION_LOCALIZED; no receipt clock),last causal surprise z of 'Germany|German ZEW Economic Sentiment' within 35 days (100 releases with consensus),UNKNOWN_PROVENANCE (no provenance sidecar; registered in data-gov with 12 absences),feature,"NaN where (t-support, t] leaves the source's complete-coverage windows",ADMISSIBLE_WITH_DECLARED_ASSUMPTION (archive clock measured; availability = scheduled+1min; provenance unknown),71734,49675,0.6924889173892436
ev.EUR.desc.german_gdp.last_surprise_z,event_surprise_by_release,feature-eng:tests/data/economic_calendar_2011_2021.csv,z,1h,840,"scheduled release instant (archive clock, measured era) ",scheduled instant + 1 min (ASSUMED_SCHEDULED_PUBLICATION_LOCALIZED; no receipt clock),last causal surprise z of 'Germany|German GDP' within 35 days (5 releases with consensus),UNKNOWN_PROVENANCE (no provenance sidecar; registered in data-gov with 12 absences),feature,"NaN where (t-support, t] leaves the source's complete-coverage windows",ADMISSIBLE_WITH_DECLARED_ASSUMPTION (archive clock measured; availability = scheduled+1min; provenance unknown),71734,2507,0.03494855995762121
