feature_id,fold,part,n,coverage,state
px.logret_1h,inner_2019,train,41329,1.0,FULL
px.logret_1h,inner_2019,val,6213,1.0,FULL
px.logret_1h,inner_2020,train,47542,1.0,FULL
px.logret_1h,inner_2020,val,6230,1.0,FULL
px.logret_1h,inner_2021,train,53771,1.0,FULL
px.logret_1h,inner_2021,val,6219,1.0,FULL
px.logret_1h,inner_2022,train,59966,1.0,FULL
px.logret_1h,inner_2022,val,6239,1.0,FULL
px.logret_1h,inner_2023,train,66206,1.0,FULL
px.logret_1h,inner_2023,val,5409,1.0,FULL
px.logret_2h,inner_2019,train,41329,1.0,FULL
px.logret_2h,inner_2019,val,6213,1.0,FULL
px.logret_2h,inner_2020,train,47542,1.0,FULL
px.logret_2h,inner_2020,val,6230,1.0,FULL
px.logret_2h,inner_2021,train,53771,1.0,FULL
px.logret_2h,inner_2021,val,6219,1.0,FULL
px.logret_2h,inner_2022,train,59966,1.0,FULL
px.logret_2h,inner_2022,val,6239,1.0,FULL
px.logret_2h,inner_2023,train,66206,1.0,FULL
px.logret_2h,inner_2023,val,5409,1.0,FULL
px.logret_4h,inner_2019,train,41329,1.0,FULL
px.logret_4h,inner_2019,val,6213,1.0,FULL
px.logret_4h,inner_2020,train,47542,1.0,FULL
px.logret_4h,inner_2020,val,6230,1.0,FULL
px.logret_4h,inner_2021,train,53771,1.0,FULL
px.logret_4h,inner_2021,val,6219,1.0,FULL
px.logret_4h,inner_2022,train,59966,1.0,FULL
px.logret_4h,inner_2022,val,6239,1.0,FULL
px.logret_4h,inner_2023,train,66206,1.0,FULL
px.logret_4h,inner_2023,val,5409,1.0,FULL
px.logret_6h,inner_2019,train,41329,1.0,FULL
px.logret_6h,inner_2019,val,6213,1.0,FULL
px.logret_6h,inner_2020,train,47542,1.0,FULL
px.logret_6h,inner_2020,val,6230,1.0,FULL
px.logret_6h,inner_2021,train,53771,1.0,FULL
px.logret_6h,inner_2021,val,6219,1.0,FULL
px.logret_6h,inner_2022,train,59966,1.0,FULL
px.logret_6h,inner_2022,val,6239,1.0,FULL
px.logret_6h,inner_2023,train,66206,1.0,FULL
px.logret_6h,inner_2023,val,5409,1.0,FULL
px.logret_12h,inner_2019,train,41329,1.0,FULL
px.logret_12h,inner_2019,val,6213,1.0,FULL
px.logret_12h,inner_2020,train,47542,1.0,FULL
px.logret_12h,inner_2020,val,6230,1.0,FULL
px.logret_12h,inner_2021,train,53771,1.0,FULL
px.logret_12h,inner_2021,val,6219,1.0,FULL
px.logret_12h,inner_2022,train,59966,1.0,FULL
px.logret_12h,inner_2022,val,6239,1.0,FULL
px.logret_12h,inner_2023,train,66206,1.0,FULL
px.logret_12h,inner_2023,val,5409,1.0,FULL
px.logret_24h,inner_2019,train,41329,1.0,FULL
px.logret_24h,inner_2019,val,6213,1.0,FULL
px.logret_24h,inner_2020,train,47542,1.0,FULL
px.logret_24h,inner_2020,val,6230,1.0,FULL
px.logret_24h,inner_2021,train,53771,1.0,FULL
px.logret_24h,inner_2021,val,6219,1.0,FULL
px.logret_24h,inner_2022,train,59966,1.0,FULL
px.logret_24h,inner_2022,val,6239,1.0,FULL
px.logret_24h,inner_2023,train,66206,1.0,FULL
px.logret_24h,inner_2023,val,5409,1.0,FULL
px.logret_48h,inner_2019,train,41329,1.0,FULL
px.logret_48h,inner_2019,val,6213,1.0,FULL
px.logret_48h,inner_2020,train,47542,1.0,FULL
px.logret_48h,inner_2020,val,6230,1.0,FULL
px.logret_48h,inner_2021,train,53771,1.0,FULL
px.logret_48h,inner_2021,val,6219,1.0,FULL
px.logret_48h,inner_2022,train,59966,1.0,FULL
px.logret_48h,inner_2022,val,6239,1.0,FULL
px.logret_48h,inner_2023,train,66206,1.0,FULL
px.logret_48h,inner_2023,val,5409,1.0,FULL
px.logret_120h,inner_2019,train,41329,1.0,FULL
px.logret_120h,inner_2019,val,6213,1.0,FULL
px.logret_120h,inner_2020,train,47542,1.0,FULL
px.logret_120h,inner_2020,val,6230,1.0,FULL
px.logret_120h,inner_2021,train,53771,1.0,FULL
px.logret_120h,inner_2021,val,6219,1.0,FULL
px.logret_120h,inner_2022,train,59966,1.0,FULL
px.logret_120h,inner_2022,val,6239,1.0,FULL
px.logret_120h,inner_2023,train,66206,1.0,FULL
px.logret_120h,inner_2023,val,5409,1.0,FULL
px.logret_168h,inner_2019,train,41329,1.0,FULL
px.logret_168h,inner_2019,val,6213,1.0,FULL
px.logret_168h,inner_2020,train,47542,1.0,FULL
px.logret_168h,inner_2020,val,6230,1.0,FULL
px.logret_168h,inner_2021,train,53771,1.0,FULL
px.logret_168h,inner_2021,val,6219,1.0,FULL
px.logret_168h,inner_2022,train,59966,1.0,FULL
px.logret_168h,inner_2022,val,6239,1.0,FULL
px.logret_168h,inner_2023,train,66206,1.0,FULL
px.logret_168h,inner_2023,val,5409,1.0,FULL
px.log_hl,inner_2019,train,41329,1.0,FULL
px.log_hl,inner_2019,val,6213,1.0,FULL
px.log_hl,inner_2020,train,47542,1.0,FULL
px.log_hl,inner_2020,val,6230,1.0,FULL
px.log_hl,inner_2021,train,53771,1.0,FULL
px.log_hl,inner_2021,val,6219,1.0,FULL
px.log_hl,inner_2022,train,59966,1.0,FULL
px.log_hl,inner_2022,val,6239,1.0,FULL
px.log_hl,inner_2023,train,66206,1.0,FULL
px.log_hl,inner_2023,val,5409,1.0,FULL
px.close_loc,inner_2019,train,41329,0.9999758039149266,PARTIAL
px.close_loc,inner_2019,val,6213,1.0,FULL
px.close_loc,inner_2020,train,47542,0.9999789659669345,PARTIAL
px.close_loc,inner_2020,val,6230,1.0,FULL
px.close_loc,inner_2021,train,53771,0.9999814026147924,PARTIAL
px.close_loc,inner_2021,val,6219,1.0,FULL
px.close_loc,inner_2022,train,59966,0.999983323883534,PARTIAL
px.close_loc,inner_2022,val,6239,1.0,FULL
px.close_loc,inner_2023,train,66206,0.999984895628795,PARTIAL
px.close_loc,inner_2023,val,5409,1.0,FULL
px.log_co,inner_2019,train,41329,1.0,FULL
px.log_co,inner_2019,val,6213,1.0,FULL
px.log_co,inner_2020,train,47542,1.0,FULL
px.log_co,inner_2020,val,6230,1.0,FULL
px.log_co,inner_2021,train,53771,1.0,FULL
px.log_co,inner_2021,val,6219,1.0,FULL
px.log_co,inner_2022,train,59966,1.0,FULL
px.log_co,inner_2022,val,6239,1.0,FULL
px.log_co,inner_2023,train,66206,1.0,FULL
px.log_co,inner_2023,val,5409,1.0,FULL
px.rv5,inner_2019,train,41329,0.9999274117447797,PARTIAL
px.rv5,inner_2019,val,6213,0.9998390471591824,PARTIAL
px.rv5,inner_2020,train,47542,0.999915863867738,PARTIAL
px.rv5,inner_2020,val,6230,1.0,FULL
px.rv5,inner_2021,train,53771,0.9999256104591694,PARTIAL
px.rv5,inner_2021,val,6219,1.0,FULL
px.rv5,inner_2022,train,59966,0.999933295534136,PARTIAL
px.rv5,inner_2022,val,6239,1.0,FULL
px.rv5,inner_2023,train,66206,0.9999395825151799,PARTIAL
px.rv5,inner_2023,val,5409,1.0,FULL
px.ewma_vol_24,inner_2019,train,41329,1.0,FULL
px.ewma_vol_24,inner_2019,val,6213,1.0,FULL
px.ewma_vol_24,inner_2020,train,47542,1.0,FULL
px.ewma_vol_24,inner_2020,val,6230,1.0,FULL
px.ewma_vol_24,inner_2021,train,53771,1.0,FULL
px.ewma_vol_24,inner_2021,val,6219,1.0,FULL
px.ewma_vol_24,inner_2022,train,59966,1.0,FULL
px.ewma_vol_24,inner_2022,val,6239,1.0,FULL
px.ewma_vol_24,inner_2023,train,66206,1.0,FULL
px.ewma_vol_24,inner_2023,val,5409,1.0,FULL
px.ewma_vol_168,inner_2019,train,41329,1.0,FULL
px.ewma_vol_168,inner_2019,val,6213,1.0,FULL
px.ewma_vol_168,inner_2020,train,47542,1.0,FULL
px.ewma_vol_168,inner_2020,val,6230,1.0,FULL
px.ewma_vol_168,inner_2021,train,53771,1.0,FULL
px.ewma_vol_168,inner_2021,val,6219,1.0,FULL
px.ewma_vol_168,inner_2022,train,59966,1.0,FULL
px.ewma_vol_168,inner_2022,val,6239,1.0,FULL
px.ewma_vol_168,inner_2023,train,66206,1.0,FULL
px.ewma_vol_168,inner_2023,val,5409,1.0,FULL
px.parkinson_24,inner_2019,train,41329,1.0,FULL
px.parkinson_24,inner_2019,val,6213,1.0,FULL
px.parkinson_24,inner_2020,train,47542,1.0,FULL
px.parkinson_24,inner_2020,val,6230,1.0,FULL
px.parkinson_24,inner_2021,train,53771,1.0,FULL
px.parkinson_24,inner_2021,val,6219,1.0,FULL
px.parkinson_24,inner_2022,train,59966,1.0,FULL
px.parkinson_24,inner_2022,val,6239,1.0,FULL
px.parkinson_24,inner_2023,train,66206,1.0,FULL
px.parkinson_24,inner_2023,val,5409,1.0,FULL
px.hours_since_prev_bar,inner_2019,train,41329,1.0,FULL
px.hours_since_prev_bar,inner_2019,val,6213,1.0,FULL
px.hours_since_prev_bar,inner_2020,train,47542,1.0,FULL
px.hours_since_prev_bar,inner_2020,val,6230,1.0,FULL
px.hours_since_prev_bar,inner_2021,train,53771,1.0,FULL
px.hours_since_prev_bar,inner_2021,val,6219,1.0,FULL
px.hours_since_prev_bar,inner_2022,train,59966,1.0,FULL
px.hours_since_prev_bar,inner_2022,val,6239,1.0,FULL
px.hours_since_prev_bar,inner_2023,train,66206,1.0,FULL
px.hours_since_prev_bar,inner_2023,val,5409,1.0,FULL
px.zclose_24,inner_2019,train,41329,1.0,FULL
px.zclose_24,inner_2019,val,6213,1.0,FULL
px.zclose_24,inner_2020,train,47542,1.0,FULL
px.zclose_24,inner_2020,val,6230,1.0,FULL
px.zclose_24,inner_2021,train,53771,1.0,FULL
px.zclose_24,inner_2021,val,6219,1.0,FULL
px.zclose_24,inner_2022,train,59966,1.0,FULL
px.zclose_24,inner_2022,val,6239,1.0,FULL
px.zclose_24,inner_2023,train,66206,1.0,FULL
px.zclose_24,inner_2023,val,5409,1.0,FULL
px.zclose_168,inner_2019,train,41329,1.0,FULL
px.zclose_168,inner_2019,val,6213,1.0,FULL
px.zclose_168,inner_2020,train,47542,1.0,FULL
px.zclose_168,inner_2020,val,6230,1.0,FULL
px.zclose_168,inner_2021,train,53771,1.0,FULL
px.zclose_168,inner_2021,val,6219,1.0,FULL
px.zclose_168,inner_2022,train,59966,1.0,FULL
px.zclose_168,inner_2022,val,6239,1.0,FULL
px.zclose_168,inner_2023,train,66206,1.0,FULL
px.zclose_168,inner_2023,val,5409,1.0,FULL
px.log_close,inner_2019,train,41329,1.0,FULL
px.log_close,inner_2019,val,6213,1.0,FULL
px.log_close,inner_2020,train,47542,1.0,FULL
px.log_close,inner_2020,val,6230,1.0,FULL
px.log_close,inner_2021,train,53771,1.0,FULL
px.log_close,inner_2021,val,6219,1.0,FULL
px.log_close,inner_2022,train,59966,1.0,FULL
px.log_close,inner_2022,val,6239,1.0,FULL
px.log_close,inner_2023,train,66206,1.0,FULL
px.log_close,inner_2023,val,5409,1.0,FULL
q.n5,inner_2019,train,41329,1.0,FULL
q.n5,inner_2019,val,6213,1.0,FULL
q.n5,inner_2020,train,47542,1.0,FULL
q.n5,inner_2020,val,6230,1.0,FULL
q.n5,inner_2021,train,53771,1.0,FULL
q.n5,inner_2021,val,6219,1.0,FULL
q.n5,inner_2022,train,59966,1.0,FULL
q.n5,inner_2022,val,6239,1.0,FULL
q.n5,inner_2023,train,66206,1.0,FULL
q.n5,inner_2023,val,5409,1.0,FULL
ta.rsi_14,inner_2019,train,41329,1.0,FULL
ta.rsi_14,inner_2019,val,6213,1.0,FULL
ta.rsi_14,inner_2020,train,47542,1.0,FULL
ta.rsi_14,inner_2020,val,6230,1.0,FULL
ta.rsi_14,inner_2021,train,53771,1.0,FULL
ta.rsi_14,inner_2021,val,6219,1.0,FULL
ta.rsi_14,inner_2022,train,59966,1.0,FULL
ta.rsi_14,inner_2022,val,6239,1.0,FULL
ta.rsi_14,inner_2023,train,66206,1.0,FULL
ta.rsi_14,inner_2023,val,5409,1.0,FULL
ta.macd_n,inner_2019,train,41329,1.0,FULL
ta.macd_n,inner_2019,val,6213,1.0,FULL
ta.macd_n,inner_2020,train,47542,1.0,FULL
ta.macd_n,inner_2020,val,6230,1.0,FULL
ta.macd_n,inner_2021,train,53771,1.0,FULL
ta.macd_n,inner_2021,val,6219,1.0,FULL
ta.macd_n,inner_2022,train,59966,1.0,FULL
ta.macd_n,inner_2022,val,6239,1.0,FULL
ta.macd_n,inner_2023,train,66206,1.0,FULL
ta.macd_n,inner_2023,val,5409,1.0,FULL
ta.macd_hist_n,inner_2019,train,41329,1.0,FULL
ta.macd_hist_n,inner_2019,val,6213,1.0,FULL
ta.macd_hist_n,inner_2020,train,47542,1.0,FULL
ta.macd_hist_n,inner_2020,val,6230,1.0,FULL
ta.macd_hist_n,inner_2021,train,53771,1.0,FULL
ta.macd_hist_n,inner_2021,val,6219,1.0,FULL
ta.macd_hist_n,inner_2022,train,59966,1.0,FULL
ta.macd_hist_n,inner_2022,val,6239,1.0,FULL
ta.macd_hist_n,inner_2023,train,66206,1.0,FULL
ta.macd_hist_n,inner_2023,val,5409,1.0,FULL
ta.ema20_dev,inner_2019,train,41329,1.0,FULL
ta.ema20_dev,inner_2019,val,6213,1.0,FULL
ta.ema20_dev,inner_2020,train,47542,1.0,FULL
ta.ema20_dev,inner_2020,val,6230,1.0,FULL
ta.ema20_dev,inner_2021,train,53771,1.0,FULL
ta.ema20_dev,inner_2021,val,6219,1.0,FULL
ta.ema20_dev,inner_2022,train,59966,1.0,FULL
ta.ema20_dev,inner_2022,val,6239,1.0,FULL
ta.ema20_dev,inner_2023,train,66206,1.0,FULL
ta.ema20_dev,inner_2023,val,5409,1.0,FULL
ta.stoch_k,inner_2019,train,41329,1.0,FULL
ta.stoch_k,inner_2019,val,6213,1.0,FULL
ta.stoch_k,inner_2020,train,47542,1.0,FULL
ta.stoch_k,inner_2020,val,6230,1.0,FULL
ta.stoch_k,inner_2021,train,53771,1.0,FULL
ta.stoch_k,inner_2021,val,6219,1.0,FULL
ta.stoch_k,inner_2022,train,59966,1.0,FULL
ta.stoch_k,inner_2022,val,6239,1.0,FULL
ta.stoch_k,inner_2023,train,66206,1.0,FULL
ta.stoch_k,inner_2023,val,5409,1.0,FULL
ta.stoch_d,inner_2019,train,41329,1.0,FULL
ta.stoch_d,inner_2019,val,6213,1.0,FULL
ta.stoch_d,inner_2020,train,47542,1.0,FULL
ta.stoch_d,inner_2020,val,6230,1.0,FULL
ta.stoch_d,inner_2021,train,53771,1.0,FULL
ta.stoch_d,inner_2021,val,6219,1.0,FULL
ta.stoch_d,inner_2022,train,59966,1.0,FULL
ta.stoch_d,inner_2022,val,6239,1.0,FULL
ta.stoch_d,inner_2023,train,66206,1.0,FULL
ta.stoch_d,inner_2023,val,5409,1.0,FULL
ta.willr_14,inner_2019,train,41329,1.0,FULL
ta.willr_14,inner_2019,val,6213,1.0,FULL
ta.willr_14,inner_2020,train,47542,1.0,FULL
ta.willr_14,inner_2020,val,6230,1.0,FULL
ta.willr_14,inner_2021,train,53771,1.0,FULL
ta.willr_14,inner_2021,val,6219,1.0,FULL
ta.willr_14,inner_2022,train,59966,1.0,FULL
ta.willr_14,inner_2022,val,6239,1.0,FULL
ta.willr_14,inner_2023,train,66206,1.0,FULL
ta.willr_14,inner_2023,val,5409,1.0,FULL
ta.atr_14_n,inner_2019,train,41329,1.0,FULL
ta.atr_14_n,inner_2019,val,6213,1.0,FULL
ta.atr_14_n,inner_2020,train,47542,1.0,FULL
ta.atr_14_n,inner_2020,val,6230,1.0,FULL
ta.atr_14_n,inner_2021,train,53771,1.0,FULL
ta.atr_14_n,inner_2021,val,6219,1.0,FULL
ta.atr_14_n,inner_2022,train,59966,1.0,FULL
ta.atr_14_n,inner_2022,val,6239,1.0,FULL
ta.atr_14_n,inner_2023,train,66206,1.0,FULL
ta.atr_14_n,inner_2023,val,5409,1.0,FULL
ta.adx_14,inner_2019,train,41329,1.0,FULL
ta.adx_14,inner_2019,val,6213,1.0,FULL
ta.adx_14,inner_2020,train,47542,1.0,FULL
ta.adx_14,inner_2020,val,6230,1.0,FULL
ta.adx_14,inner_2021,train,53771,1.0,FULL
ta.adx_14,inner_2021,val,6219,1.0,FULL
ta.adx_14,inner_2022,train,59966,1.0,FULL
ta.adx_14,inner_2022,val,6239,1.0,FULL
ta.adx_14,inner_2023,train,66206,1.0,FULL
ta.adx_14,inner_2023,val,5409,1.0,FULL
ta.dmp_14,inner_2019,train,41329,1.0,FULL
ta.dmp_14,inner_2019,val,6213,1.0,FULL
ta.dmp_14,inner_2020,train,47542,1.0,FULL
ta.dmp_14,inner_2020,val,6230,1.0,FULL
ta.dmp_14,inner_2021,train,53771,1.0,FULL
ta.dmp_14,inner_2021,val,6219,1.0,FULL
ta.dmp_14,inner_2022,train,59966,1.0,FULL
ta.dmp_14,inner_2022,val,6239,1.0,FULL
ta.dmp_14,inner_2023,train,66206,1.0,FULL
ta.dmp_14,inner_2023,val,5409,1.0,FULL
ta.dmn_14,inner_2019,train,41329,1.0,FULL
ta.dmn_14,inner_2019,val,6213,1.0,FULL
ta.dmn_14,inner_2020,train,47542,1.0,FULL
ta.dmn_14,inner_2020,val,6230,1.0,FULL
ta.dmn_14,inner_2021,train,53771,1.0,FULL
ta.dmn_14,inner_2021,val,6219,1.0,FULL
ta.dmn_14,inner_2022,train,59966,1.0,FULL
ta.dmn_14,inner_2022,val,6239,1.0,FULL
ta.dmn_14,inner_2023,train,66206,1.0,FULL
ta.dmn_14,inner_2023,val,5409,1.0,FULL
ta.cci_20,inner_2019,train,41329,1.0,FULL
ta.cci_20,inner_2019,val,6213,1.0,FULL
ta.cci_20,inner_2020,train,47542,1.0,FULL
ta.cci_20,inner_2020,val,6230,1.0,FULL
ta.cci_20,inner_2021,train,53771,1.0,FULL
ta.cci_20,inner_2021,val,6219,1.0,FULL
ta.cci_20,inner_2022,train,59966,1.0,FULL
ta.cci_20,inner_2022,val,6239,1.0,FULL
ta.cci_20,inner_2023,train,66206,1.0,FULL
ta.cci_20,inner_2023,val,5409,1.0,FULL
ta.bb_pctb_20,inner_2019,train,41329,1.0,FULL
ta.bb_pctb_20,inner_2019,val,6213,1.0,FULL
ta.bb_pctb_20,inner_2020,train,47542,1.0,FULL
ta.bb_pctb_20,inner_2020,val,6230,1.0,FULL
ta.bb_pctb_20,inner_2021,train,53771,1.0,FULL
ta.bb_pctb_20,inner_2021,val,6219,1.0,FULL
ta.bb_pctb_20,inner_2022,train,59966,1.0,FULL
ta.bb_pctb_20,inner_2022,val,6239,1.0,FULL
ta.bb_pctb_20,inner_2023,train,66206,1.0,FULL
ta.bb_pctb_20,inner_2023,val,5409,1.0,FULL
ta.bb_width_20,inner_2019,train,41329,1.0,FULL
ta.bb_width_20,inner_2019,val,6213,1.0,FULL
ta.bb_width_20,inner_2020,train,47542,1.0,FULL
ta.bb_width_20,inner_2020,val,6230,1.0,FULL
ta.bb_width_20,inner_2021,train,53771,1.0,FULL
ta.bb_width_20,inner_2021,val,6219,1.0,FULL
ta.bb_width_20,inner_2022,train,59966,1.0,FULL
ta.bb_width_20,inner_2022,val,6239,1.0,FULL
ta.bb_width_20,inner_2023,train,66206,1.0,FULL
ta.bb_width_20,inner_2023,val,5409,1.0,FULL
ta.mom_10_n,inner_2019,train,41329,1.0,FULL
ta.mom_10_n,inner_2019,val,6213,1.0,FULL
ta.mom_10_n,inner_2020,train,47542,1.0,FULL
ta.mom_10_n,inner_2020,val,6230,1.0,FULL
ta.mom_10_n,inner_2021,train,53771,1.0,FULL
ta.mom_10_n,inner_2021,val,6219,1.0,FULL
ta.mom_10_n,inner_2022,train,59966,1.0,FULL
ta.mom_10_n,inner_2022,val,6239,1.0,FULL
ta.mom_10_n,inner_2023,train,66206,1.0,FULL
ta.mom_10_n,inner_2023,val,5409,1.0,FULL
ta.roc_10,inner_2019,train,41329,1.0,FULL
ta.roc_10,inner_2019,val,6213,1.0,FULL
ta.roc_10,inner_2020,train,47542,1.0,FULL
ta.roc_10,inner_2020,val,6230,1.0,FULL
ta.roc_10,inner_2021,train,53771,1.0,FULL
ta.roc_10,inner_2021,val,6219,1.0,FULL
ta.roc_10,inner_2022,train,59966,1.0,FULL
ta.roc_10,inner_2022,val,6239,1.0,FULL
ta.roc_10,inner_2023,train,66206,1.0,FULL
ta.roc_10,inner_2023,val,5409,1.0,FULL
cal.hour_sin,inner_2019,train,41329,1.0,FULL
cal.hour_sin,inner_2019,val,6213,1.0,FULL
cal.hour_sin,inner_2020,train,47542,1.0,FULL
cal.hour_sin,inner_2020,val,6230,1.0,FULL
cal.hour_sin,inner_2021,train,53771,1.0,FULL
cal.hour_sin,inner_2021,val,6219,1.0,FULL
cal.hour_sin,inner_2022,train,59966,1.0,FULL
cal.hour_sin,inner_2022,val,6239,1.0,FULL
cal.hour_sin,inner_2023,train,66206,1.0,FULL
cal.hour_sin,inner_2023,val,5409,1.0,FULL
cal.hour_cos,inner_2019,train,41329,1.0,FULL
cal.hour_cos,inner_2019,val,6213,1.0,FULL
cal.hour_cos,inner_2020,train,47542,1.0,FULL
cal.hour_cos,inner_2020,val,6230,1.0,FULL
cal.hour_cos,inner_2021,train,53771,1.0,FULL
cal.hour_cos,inner_2021,val,6219,1.0,FULL
cal.hour_cos,inner_2022,train,59966,1.0,FULL
cal.hour_cos,inner_2022,val,6239,1.0,FULL
cal.hour_cos,inner_2023,train,66206,1.0,FULL
cal.hour_cos,inner_2023,val,5409,1.0,FULL
cal.dow_sin,inner_2019,train,41329,1.0,FULL
cal.dow_sin,inner_2019,val,6213,1.0,FULL
cal.dow_sin,inner_2020,train,47542,1.0,FULL
cal.dow_sin,inner_2020,val,6230,1.0,FULL
cal.dow_sin,inner_2021,train,53771,1.0,FULL
cal.dow_sin,inner_2021,val,6219,1.0,FULL
cal.dow_sin,inner_2022,train,59966,1.0,FULL
cal.dow_sin,inner_2022,val,6239,1.0,FULL
cal.dow_sin,inner_2023,train,66206,1.0,FULL
cal.dow_sin,inner_2023,val,5409,1.0,FULL
cal.dow_cos,inner_2019,train,41329,1.0,FULL
cal.dow_cos,inner_2019,val,6213,1.0,FULL
cal.dow_cos,inner_2020,train,47542,1.0,FULL
cal.dow_cos,inner_2020,val,6230,1.0,FULL
cal.dow_cos,inner_2021,train,53771,1.0,FULL
cal.dow_cos,inner_2021,val,6219,1.0,FULL
cal.dow_cos,inner_2022,train,59966,1.0,FULL
cal.dow_cos,inner_2022,val,6239,1.0,FULL
cal.dow_cos,inner_2023,train,66206,1.0,FULL
cal.dow_cos,inner_2023,val,5409,1.0,FULL
cal.doy_sin,inner_2019,train,41329,1.0,FULL
cal.doy_sin,inner_2019,val,6213,1.0,FULL
cal.doy_sin,inner_2020,train,47542,1.0,FULL
cal.doy_sin,inner_2020,val,6230,1.0,FULL
cal.doy_sin,inner_2021,train,53771,1.0,FULL
cal.doy_sin,inner_2021,val,6219,1.0,FULL
cal.doy_sin,inner_2022,train,59966,1.0,FULL
cal.doy_sin,inner_2022,val,6239,1.0,FULL
cal.doy_sin,inner_2023,train,66206,1.0,FULL
cal.doy_sin,inner_2023,val,5409,1.0,FULL
cal.doy_cos,inner_2019,train,41329,1.0,FULL
cal.doy_cos,inner_2019,val,6213,1.0,FULL
cal.doy_cos,inner_2020,train,47542,1.0,FULL
cal.doy_cos,inner_2020,val,6230,1.0,FULL
cal.doy_cos,inner_2021,train,53771,1.0,FULL
cal.doy_cos,inner_2021,val,6219,1.0,FULL
cal.doy_cos,inner_2022,train,59966,1.0,FULL
cal.doy_cos,inner_2022,val,6239,1.0,FULL
cal.doy_cos,inner_2023,train,66206,1.0,FULL
cal.doy_cos,inner_2023,val,5409,1.0,FULL
cal.us_dst,inner_2019,train,41329,1.0,FULL
cal.us_dst,inner_2019,val,6213,1.0,FULL
cal.us_dst,inner_2020,train,47542,1.0,FULL
cal.us_dst,inner_2020,val,6230,1.0,FULL
cal.us_dst,inner_2021,train,53771,1.0,FULL
cal.us_dst,inner_2021,val,6219,1.0,FULL
cal.us_dst,inner_2022,train,59966,1.0,FULL
cal.us_dst,inner_2022,val,6239,1.0,FULL
cal.us_dst,inner_2023,train,66206,1.0,FULL
cal.us_dst,inner_2023,val,5409,1.0,FULL
cal.sess_london,inner_2019,train,41329,1.0,FULL
cal.sess_london,inner_2019,val,6213,1.0,FULL
cal.sess_london,inner_2020,train,47542,1.0,FULL
cal.sess_london,inner_2020,val,6230,1.0,FULL
cal.sess_london,inner_2021,train,53771,1.0,FULL
cal.sess_london,inner_2021,val,6219,1.0,FULL
cal.sess_london,inner_2022,train,59966,1.0,FULL
cal.sess_london,inner_2022,val,6239,1.0,FULL
cal.sess_london,inner_2023,train,66206,1.0,FULL
cal.sess_london,inner_2023,val,5409,1.0,FULL
cal.sess_newyork,inner_2019,train,41329,1.0,FULL
cal.sess_newyork,inner_2019,val,6213,1.0,FULL
cal.sess_newyork,inner_2020,train,47542,1.0,FULL
cal.sess_newyork,inner_2020,val,6230,1.0,FULL
cal.sess_newyork,inner_2021,train,53771,1.0,FULL
cal.sess_newyork,inner_2021,val,6219,1.0,FULL
cal.sess_newyork,inner_2022,train,59966,1.0,FULL
cal.sess_newyork,inner_2022,val,6239,1.0,FULL
cal.sess_newyork,inner_2023,train,66206,1.0,FULL
cal.sess_newyork,inner_2023,val,5409,1.0,FULL
cal.sess_tokyo,inner_2019,train,41329,1.0,FULL
cal.sess_tokyo,inner_2019,val,6213,1.0,FULL
cal.sess_tokyo,inner_2020,train,47542,1.0,FULL
cal.sess_tokyo,inner_2020,val,6230,1.0,FULL
cal.sess_tokyo,inner_2021,train,53771,1.0,FULL
cal.sess_tokyo,inner_2021,val,6219,1.0,FULL
cal.sess_tokyo,inner_2022,train,59966,1.0,FULL
cal.sess_tokyo,inner_2022,val,6239,1.0,FULL
cal.sess_tokyo,inner_2023,train,66206,1.0,FULL
cal.sess_tokyo,inner_2023,val,5409,1.0,FULL
ev.USD.high.count_24h,inner_2019,train,41329,0.9747392871833337,PARTIAL
ev.USD.high.count_24h,inner_2019,val,6213,1.0,FULL
ev.USD.high.count_24h,inner_2020,train,47542,0.978040469479618,PARTIAL
ev.USD.high.count_24h,inner_2020,val,6230,1.0,FULL
ev.USD.high.count_24h,inner_2021,train,53771,0.9805843298432241,PARTIAL
ev.USD.high.count_24h,inner_2021,val,6219,0.31339443640456666,PARTIAL
ev.USD.high.count_24h,inner_2022,train,59966,0.9133842510756095,PARTIAL
ev.USD.high.count_24h,inner_2022,val,6239,0.0,NO_COVERAGE
ev.USD.high.count_24h,inner_2023,train,66206,0.8272966196417243,PARTIAL
ev.USD.high.count_24h,inner_2023,val,5409,0.0,NO_COVERAGE
ev.USD.high.hours_since,inner_2019,train,41329,0.9677708146821844,PARTIAL
ev.USD.high.hours_since,inner_2019,val,6213,1.0,FULL
ev.USD.high.hours_since,inner_2020,train,47542,0.971982667956754,PARTIAL
ev.USD.high.hours_since,inner_2020,val,6230,1.0,FULL
ev.USD.high.hours_since,inner_2021,train,53771,0.9752282829034238,PARTIAL
ev.USD.high.hours_since,inner_2021,val,6219,0.31339443640456666,PARTIAL
ev.USD.high.hours_since,inner_2022,train,59966,0.9085815295334022,PARTIAL
ev.USD.high.hours_since,inner_2022,val,6239,0.0,NO_COVERAGE
ev.USD.high.hours_since,inner_2023,train,66206,0.8229465607346766,PARTIAL
ev.USD.high.hours_since,inner_2023,val,5409,0.0,NO_COVERAGE
ev.USD.high.last_surprise_z,inner_2019,train,41329,0.9495027704517409,PARTIAL
ev.USD.high.last_surprise_z,inner_2019,val,6213,1.0,FULL
ev.USD.high.last_surprise_z,inner_2020,train,47542,0.9561019729923016,PARTIAL
ev.USD.high.last_surprise_z,inner_2020,val,6230,1.0,FULL
ev.USD.high.last_surprise_z,inner_2021,train,53771,0.9611872570716558,PARTIAL
ev.USD.high.last_surprise_z,inner_2021,val,6219,0.31339443640456666,PARTIAL
ev.USD.high.last_surprise_z,inner_2022,train,59966,0.8959910616015743,PARTIAL
ev.USD.high.last_surprise_z,inner_2022,val,6239,0.0,NO_COVERAGE
ev.USD.high.last_surprise_z,inner_2023,train,66206,0.8115427604748814,PARTIAL
ev.USD.high.last_surprise_z,inner_2023,val,5409,0.0,NO_COVERAGE
ev.USD.high.sum_surprise_z_24h,inner_2019,train,41329,0.9677708146821844,PARTIAL
ev.USD.high.sum_surprise_z_24h,inner_2019,val,6213,1.0,FULL
ev.USD.high.sum_surprise_z_24h,inner_2020,train,47542,0.971982667956754,PARTIAL
ev.USD.high.sum_surprise_z_24h,inner_2020,val,6230,1.0,FULL
ev.USD.high.sum_surprise_z_24h,inner_2021,train,53771,0.9752282829034238,PARTIAL
ev.USD.high.sum_surprise_z_24h,inner_2021,val,6219,0.31339443640456666,PARTIAL
ev.USD.high.sum_surprise_z_24h,inner_2022,train,59966,0.9085815295334022,PARTIAL
ev.USD.high.sum_surprise_z_24h,inner_2022,val,6239,0.0,NO_COVERAGE
ev.USD.high.sum_surprise_z_24h,inner_2023,train,66206,0.8229465607346766,PARTIAL
ev.USD.high.sum_surprise_z_24h,inner_2023,val,5409,0.0,NO_COVERAGE
ev.USD.high.last_revision_z,inner_2019,train,41329,0.40676038616951776,PARTIAL
ev.USD.high.last_revision_z,inner_2019,val,6213,0.5160148076613552,PARTIAL
ev.USD.high.last_revision_z,inner_2020,train,47542,0.42137478440116105,PARTIAL
ev.USD.high.last_revision_z,inner_2020,val,6230,0.4983948635634029,PARTIAL
ev.USD.high.last_revision_z,inner_2021,train,53771,0.43030629893436984,PARTIAL
ev.USD.high.last_revision_z,inner_2021,val,6219,0.16208393632416787,PARTIAL
ev.USD.high.last_revision_z,inner_2022,train,59966,0.4026615081879732,PARTIAL
ev.USD.high.last_revision_z,inner_2022,val,6239,0.0,NO_COVERAGE
ev.USD.high.last_revision_z,inner_2023,train,66206,0.3647101471165755,PARTIAL
ev.USD.high.last_revision_z,inner_2023,val,5409,0.0,NO_COVERAGE
ev.USD.moderate.count_24h,inner_2019,train,41329,0.9747392871833337,PARTIAL
ev.USD.moderate.count_24h,inner_2019,val,6213,1.0,FULL
ev.USD.moderate.count_24h,inner_2020,train,47542,0.978040469479618,PARTIAL
ev.USD.moderate.count_24h,inner_2020,val,6230,1.0,FULL
ev.USD.moderate.count_24h,inner_2021,train,53771,0.9805843298432241,PARTIAL
ev.USD.moderate.count_24h,inner_2021,val,6219,0.31339443640456666,PARTIAL
ev.USD.moderate.count_24h,inner_2022,train,59966,0.9133842510756095,PARTIAL
ev.USD.moderate.count_24h,inner_2022,val,6239,0.0,NO_COVERAGE
ev.USD.moderate.count_24h,inner_2023,train,66206,0.8272966196417243,PARTIAL
ev.USD.moderate.count_24h,inner_2023,val,5409,0.0,NO_COVERAGE
ev.USD.moderate.hours_since,inner_2019,train,41329,0.9677708146821844,PARTIAL
ev.USD.moderate.hours_since,inner_2019,val,6213,1.0,FULL
ev.USD.moderate.hours_since,inner_2020,train,47542,0.971982667956754,PARTIAL
ev.USD.moderate.hours_since,inner_2020,val,6230,1.0,FULL
ev.USD.moderate.hours_since,inner_2021,train,53771,0.9752282829034238,PARTIAL
ev.USD.moderate.hours_since,inner_2021,val,6219,0.31339443640456666,PARTIAL
ev.USD.moderate.hours_since,inner_2022,train,59966,0.9085815295334022,PARTIAL
ev.USD.moderate.hours_since,inner_2022,val,6239,0.0,NO_COVERAGE
ev.USD.moderate.hours_since,inner_2023,train,66206,0.8229465607346766,PARTIAL
ev.USD.moderate.hours_since,inner_2023,val,5409,0.0,NO_COVERAGE
ev.USD.moderate.last_surprise_z,inner_2019,train,41329,0.9528660262769484,PARTIAL
ev.USD.moderate.last_surprise_z,inner_2019,val,6213,1.0,FULL
ev.USD.moderate.last_surprise_z,inner_2020,train,47542,0.959025703588406,PARTIAL
ev.USD.moderate.last_surprise_z,inner_2020,val,6230,1.0,FULL
ev.USD.moderate.last_surprise_z,inner_2021,train,53771,0.9637722936155176,PARTIAL
ev.USD.moderate.last_surprise_z,inner_2021,val,6219,0.31339443640456666,PARTIAL
ev.USD.moderate.last_surprise_z,inner_2022,train,59966,0.8983090417903479,PARTIAL
ev.USD.moderate.last_surprise_z,inner_2022,val,6239,0.0,NO_COVERAGE
ev.USD.moderate.last_surprise_z,inner_2023,train,66206,0.8136422680723802,PARTIAL
ev.USD.moderate.last_surprise_z,inner_2023,val,5409,0.0,NO_COVERAGE
ev.USD.moderate.sum_surprise_z_24h,inner_2019,train,41329,0.9677708146821844,PARTIAL
ev.USD.moderate.sum_surprise_z_24h,inner_2019,val,6213,1.0,FULL
ev.USD.moderate.sum_surprise_z_24h,inner_2020,train,47542,0.971982667956754,PARTIAL
ev.USD.moderate.sum_surprise_z_24h,inner_2020,val,6230,1.0,FULL
ev.USD.moderate.sum_surprise_z_24h,inner_2021,train,53771,0.9752282829034238,PARTIAL
ev.USD.moderate.sum_surprise_z_24h,inner_2021,val,6219,0.31339443640456666,PARTIAL
ev.USD.moderate.sum_surprise_z_24h,inner_2022,train,59966,0.9085815295334022,PARTIAL
ev.USD.moderate.sum_surprise_z_24h,inner_2022,val,6239,0.0,NO_COVERAGE
ev.USD.moderate.sum_surprise_z_24h,inner_2023,train,66206,0.8229465607346766,PARTIAL
ev.USD.moderate.sum_surprise_z_24h,inner_2023,val,5409,0.0,NO_COVERAGE
ev.USD.moderate.last_revision_z,inner_2019,train,41329,0.6563188076169276,PARTIAL
ev.USD.moderate.last_revision_z,inner_2019,val,6213,0.8459681313375181,PARTIAL
ev.USD.moderate.last_revision_z,inner_2020,train,47542,0.6815657734213958,PARTIAL
ev.USD.moderate.last_revision_z,inner_2020,val,6230,0.776725521669342,PARTIAL
ev.USD.moderate.last_revision_z,inner_2021,train,53771,0.6921760800431459,PARTIAL
ev.USD.moderate.last_revision_z,inner_2021,val,6219,0.23379964624537708,PARTIAL
ev.USD.moderate.last_revision_z,inner_2022,train,59966,0.6465163592702532,PARTIAL
ev.USD.moderate.last_revision_z,inner_2022,val,6239,0.0,NO_COVERAGE
ev.USD.moderate.last_revision_z,inner_2023,train,66206,0.5855813672476815,PARTIAL
ev.USD.moderate.last_revision_z,inner_2023,val,5409,0.0,NO_COVERAGE
ev.USD.low.count_24h,inner_2019,train,41329,0.9747392871833337,PARTIAL
ev.USD.low.count_24h,inner_2019,val,6213,1.0,FULL
ev.USD.low.count_24h,inner_2020,train,47542,0.978040469479618,PARTIAL
ev.USD.low.count_24h,inner_2020,val,6230,1.0,FULL
ev.USD.low.count_24h,inner_2021,train,53771,0.9805843298432241,PARTIAL
ev.USD.low.count_24h,inner_2021,val,6219,0.31339443640456666,PARTIAL
ev.USD.low.count_24h,inner_2022,train,59966,0.9133842510756095,PARTIAL
ev.USD.low.count_24h,inner_2022,val,6239,0.0,NO_COVERAGE
ev.USD.low.count_24h,inner_2023,train,66206,0.8272966196417243,PARTIAL
ev.USD.low.count_24h,inner_2023,val,5409,0.0,NO_COVERAGE
ev.USD.low.hours_since,inner_2019,train,41329,0.9677708146821844,PARTIAL
ev.USD.low.hours_since,inner_2019,val,6213,1.0,FULL
ev.USD.low.hours_since,inner_2020,train,47542,0.971982667956754,PARTIAL
ev.USD.low.hours_since,inner_2020,val,6230,1.0,FULL
ev.USD.low.hours_since,inner_2021,train,53771,0.9752282829034238,PARTIAL
ev.USD.low.hours_since,inner_2021,val,6219,0.31339443640456666,PARTIAL
ev.USD.low.hours_since,inner_2022,train,59966,0.9085815295334022,PARTIAL
ev.USD.low.hours_since,inner_2022,val,6239,0.0,NO_COVERAGE
ev.USD.low.hours_since,inner_2023,train,66206,0.8229465607346766,PARTIAL
ev.USD.low.hours_since,inner_2023,val,5409,0.0,NO_COVERAGE
ev.EUR.high.count_24h,inner_2019,train,41329,0.9747392871833337,PARTIAL
ev.EUR.high.count_24h,inner_2019,val,6213,1.0,FULL
ev.EUR.high.count_24h,inner_2020,train,47542,0.978040469479618,PARTIAL
ev.EUR.high.count_24h,inner_2020,val,6230,1.0,FULL
ev.EUR.high.count_24h,inner_2021,train,53771,0.9805843298432241,PARTIAL
ev.EUR.high.count_24h,inner_2021,val,6219,0.31339443640456666,PARTIAL
ev.EUR.high.count_24h,inner_2022,train,59966,0.9133842510756095,PARTIAL
ev.EUR.high.count_24h,inner_2022,val,6239,0.0,NO_COVERAGE
ev.EUR.high.count_24h,inner_2023,train,66206,0.8272966196417243,PARTIAL
ev.EUR.high.count_24h,inner_2023,val,5409,0.0,NO_COVERAGE
ev.EUR.high.hours_since,inner_2019,train,41329,0.9677708146821844,PARTIAL
ev.EUR.high.hours_since,inner_2019,val,6213,1.0,FULL
ev.EUR.high.hours_since,inner_2020,train,47542,0.971982667956754,PARTIAL
ev.EUR.high.hours_since,inner_2020,val,6230,1.0,FULL
ev.EUR.high.hours_since,inner_2021,train,53771,0.9752282829034238,PARTIAL
ev.EUR.high.hours_since,inner_2021,val,6219,0.31339443640456666,PARTIAL
ev.EUR.high.hours_since,inner_2022,train,59966,0.9085815295334022,PARTIAL
ev.EUR.high.hours_since,inner_2022,val,6239,0.0,NO_COVERAGE
ev.EUR.high.hours_since,inner_2023,train,66206,0.8229465607346766,PARTIAL
ev.EUR.high.hours_since,inner_2023,val,5409,0.0,NO_COVERAGE
ev.EUR.high.last_surprise_z,inner_2019,train,41329,0.6498100607321735,PARTIAL
ev.EUR.high.last_surprise_z,inner_2019,val,6213,0.7178496700466763,PARTIAL
ev.EUR.high.last_surprise_z,inner_2020,train,47542,0.6587017794791974,PARTIAL
ev.EUR.high.last_surprise_z,inner_2020,val,6230,0.7231139646869984,PARTIAL
ev.EUR.high.last_surprise_z,inner_2021,train,53771,0.6661769355228655,PARTIAL
ev.EUR.high.last_surprise_z,inner_2021,val,6219,0.22206142466634507,PARTIAL
ev.EUR.high.last_surprise_z,inner_2022,train,59966,0.6203848847680352,PARTIAL
ev.EUR.high.last_surprise_z,inner_2022,val,6239,0.0,NO_COVERAGE
ev.EUR.high.last_surprise_z,inner_2023,train,66206,0.5619128175694046,PARTIAL
ev.EUR.high.last_surprise_z,inner_2023,val,5409,0.0,NO_COVERAGE
ev.EUR.high.sum_surprise_z_24h,inner_2019,train,41329,0.9677708146821844,PARTIAL
ev.EUR.high.sum_surprise_z_24h,inner_2019,val,6213,1.0,FULL
ev.EUR.high.sum_surprise_z_24h,inner_2020,train,47542,0.971982667956754,PARTIAL
ev.EUR.high.sum_surprise_z_24h,inner_2020,val,6230,1.0,FULL
ev.EUR.high.sum_surprise_z_24h,inner_2021,train,53771,0.9752282829034238,PARTIAL
ev.EUR.high.sum_surprise_z_24h,inner_2021,val,6219,0.31339443640456666,PARTIAL
ev.EUR.high.sum_surprise_z_24h,inner_2022,train,59966,0.9085815295334022,PARTIAL
ev.EUR.high.sum_surprise_z_24h,inner_2022,val,6239,0.0,NO_COVERAGE
ev.EUR.high.sum_surprise_z_24h,inner_2023,train,66206,0.8229465607346766,PARTIAL
ev.EUR.high.sum_surprise_z_24h,inner_2023,val,5409,0.0,NO_COVERAGE
ev.EUR.high.last_revision_z,inner_2019,train,41329,0.5066660214377314,PARTIAL
ev.EUR.high.last_revision_z,inner_2019,val,6213,0.46402704007725737,PARTIAL
ev.EUR.high.last_revision_z,inner_2020,train,47542,0.501093769719406,PARTIAL
ev.EUR.high.last_revision_z,inner_2020,val,6230,0.48154093097913325,PARTIAL
ev.EUR.high.last_revision_z,inner_2021,train,53771,0.4988376634245225,PARTIAL
ev.EUR.high.last_revision_z,inner_2021,val,6219,0.14696896607171572,PARTIAL
ev.EUR.high.last_revision_z,inner_2022,train,59966,0.46254544241736983,PARTIAL
ev.EUR.high.last_revision_z,inner_2022,val,6239,0.0,NO_COVERAGE
ev.EUR.high.last_revision_z,inner_2023,train,66206,0.4189499441138265,PARTIAL
ev.EUR.high.last_revision_z,inner_2023,val,5409,0.0,NO_COVERAGE
ev.EUR.moderate.count_24h,inner_2019,train,41329,0.9747392871833337,PARTIAL
ev.EUR.moderate.count_24h,inner_2019,val,6213,1.0,FULL
ev.EUR.moderate.count_24h,inner_2020,train,47542,0.978040469479618,PARTIAL
ev.EUR.moderate.count_24h,inner_2020,val,6230,1.0,FULL
ev.EUR.moderate.count_24h,inner_2021,train,53771,0.9805843298432241,PARTIAL
ev.EUR.moderate.count_24h,inner_2021,val,6219,0.31339443640456666,PARTIAL
ev.EUR.moderate.count_24h,inner_2022,train,59966,0.9133842510756095,PARTIAL
ev.EUR.moderate.count_24h,inner_2022,val,6239,0.0,NO_COVERAGE
ev.EUR.moderate.count_24h,inner_2023,train,66206,0.8272966196417243,PARTIAL
ev.EUR.moderate.count_24h,inner_2023,val,5409,0.0,NO_COVERAGE
ev.EUR.moderate.hours_since,inner_2019,train,41329,0.9677708146821844,PARTIAL
ev.EUR.moderate.hours_since,inner_2019,val,6213,1.0,FULL
ev.EUR.moderate.hours_since,inner_2020,train,47542,0.971982667956754,PARTIAL
ev.EUR.moderate.hours_since,inner_2020,val,6230,1.0,FULL
ev.EUR.moderate.hours_since,inner_2021,train,53771,0.9752282829034238,PARTIAL
ev.EUR.moderate.hours_since,inner_2021,val,6219,0.31339443640456666,PARTIAL
ev.EUR.moderate.hours_since,inner_2022,train,59966,0.9085815295334022,PARTIAL
ev.EUR.moderate.hours_since,inner_2022,val,6239,0.0,NO_COVERAGE
ev.EUR.moderate.hours_since,inner_2023,train,66206,0.8229465607346766,PARTIAL
ev.EUR.moderate.hours_since,inner_2023,val,5409,0.0,NO_COVERAGE
ev.EUR.moderate.last_surprise_z,inner_2019,train,41329,0.9312831183914443,PARTIAL
ev.EUR.moderate.last_surprise_z,inner_2019,val,6213,0.9983904715918236,PARTIAL
ev.EUR.moderate.last_surprise_z,inner_2020,train,47542,0.9392326784737706,PARTIAL
ev.EUR.moderate.last_surprise_z,inner_2020,val,6230,0.9898876404494382,PARTIAL
ev.EUR.moderate.last_surprise_z,inner_2021,train,53771,0.9462721541351286,PARTIAL
ev.EUR.moderate.last_surprise_z,inner_2021,val,6219,0.31178646084579514,PARTIAL
ev.EUR.moderate.last_surprise_z,inner_2022,train,59966,0.8813994596938265,PARTIAL
ev.EUR.moderate.last_surprise_z,inner_2022,val,6239,0.0,NO_COVERAGE
ev.EUR.moderate.last_surprise_z,inner_2023,train,66206,0.798326435670483,PARTIAL
ev.EUR.moderate.last_surprise_z,inner_2023,val,5409,0.0,NO_COVERAGE
ev.EUR.moderate.sum_surprise_z_24h,inner_2019,train,41329,0.9677708146821844,PARTIAL
ev.EUR.moderate.sum_surprise_z_24h,inner_2019,val,6213,1.0,FULL
ev.EUR.moderate.sum_surprise_z_24h,inner_2020,train,47542,0.971982667956754,PARTIAL
ev.EUR.moderate.sum_surprise_z_24h,inner_2020,val,6230,1.0,FULL
ev.EUR.moderate.sum_surprise_z_24h,inner_2021,train,53771,0.9752282829034238,PARTIAL
ev.EUR.moderate.sum_surprise_z_24h,inner_2021,val,6219,0.31339443640456666,PARTIAL
ev.EUR.moderate.sum_surprise_z_24h,inner_2022,train,59966,0.9085815295334022,PARTIAL
ev.EUR.moderate.sum_surprise_z_24h,inner_2022,val,6239,0.0,NO_COVERAGE
ev.EUR.moderate.sum_surprise_z_24h,inner_2023,train,66206,0.8229465607346766,PARTIAL
ev.EUR.moderate.sum_surprise_z_24h,inner_2023,val,5409,0.0,NO_COVERAGE
ev.EUR.moderate.last_revision_z,inner_2019,train,41329,0.8137385371046965,PARTIAL
ev.EUR.moderate.last_revision_z,inner_2019,val,6213,0.8673748591662643,PARTIAL
ev.EUR.moderate.last_revision_z,inner_2020,train,47542,0.8209162424803331,PARTIAL
ev.EUR.moderate.last_revision_z,inner_2020,val,6230,0.8213483146067416,PARTIAL
ev.EUR.moderate.last_revision_z,inner_2021,train,53771,0.8209815699912593,PARTIAL
ev.EUR.moderate.last_revision_z,inner_2021,val,6219,0.28991799324650264,PARTIAL
ev.EUR.moderate.last_revision_z,inner_2022,train,59966,0.7668678918053564,PARTIAL
ev.EUR.moderate.last_revision_z,inner_2022,val,6239,0.0,NO_COVERAGE
ev.EUR.moderate.last_revision_z,inner_2023,train,66206,0.6945896142343594,PARTIAL
ev.EUR.moderate.last_revision_z,inner_2023,val,5409,0.0,NO_COVERAGE
ev.EUR.low.count_24h,inner_2019,train,41329,0.9747392871833337,PARTIAL
ev.EUR.low.count_24h,inner_2019,val,6213,1.0,FULL
ev.EUR.low.count_24h,inner_2020,train,47542,0.978040469479618,PARTIAL
ev.EUR.low.count_24h,inner_2020,val,6230,1.0,FULL
ev.EUR.low.count_24h,inner_2021,train,53771,0.9805843298432241,PARTIAL
ev.EUR.low.count_24h,inner_2021,val,6219,0.31339443640456666,PARTIAL
ev.EUR.low.count_24h,inner_2022,train,59966,0.9133842510756095,PARTIAL
ev.EUR.low.count_24h,inner_2022,val,6239,0.0,NO_COVERAGE
ev.EUR.low.count_24h,inner_2023,train,66206,0.8272966196417243,PARTIAL
ev.EUR.low.count_24h,inner_2023,val,5409,0.0,NO_COVERAGE
ev.EUR.low.hours_since,inner_2019,train,41329,0.9677708146821844,PARTIAL
ev.EUR.low.hours_since,inner_2019,val,6213,1.0,FULL
ev.EUR.low.hours_since,inner_2020,train,47542,0.971982667956754,PARTIAL
ev.EUR.low.hours_since,inner_2020,val,6230,1.0,FULL
ev.EUR.low.hours_since,inner_2021,train,53771,0.9752282829034238,PARTIAL
ev.EUR.low.hours_since,inner_2021,val,6219,0.31339443640456666,PARTIAL
ev.EUR.low.hours_since,inner_2022,train,59966,0.9085815295334022,PARTIAL
ev.EUR.low.hours_since,inner_2022,val,6239,0.0,NO_COVERAGE
ev.EUR.low.hours_since,inner_2023,train,66206,0.8229465607346766,PARTIAL
ev.EUR.low.hours_since,inner_2023,val,5409,0.0,NO_COVERAGE
ev.USD.desc.crude_oil_inventories.last_surprise_z,inner_2019,train,41329,0.9292022550751289,PARTIAL
ev.USD.desc.crude_oil_inventories.last_surprise_z,inner_2019,val,6213,1.0,FULL
ev.USD.desc.crude_oil_inventories.last_surprise_z,inner_2020,train,47542,0.9384544192503471,PARTIAL
ev.USD.desc.crude_oil_inventories.last_surprise_z,inner_2020,val,6230,1.0,FULL
ev.USD.desc.crude_oil_inventories.last_surprise_z,inner_2021,train,53771,0.9455840508824459,PARTIAL
ev.USD.desc.crude_oil_inventories.last_surprise_z,inner_2021,val,6219,0.31339443640456666,PARTIAL
ev.USD.desc.crude_oil_inventories.last_surprise_z,inner_2022,train,59966,0.8819997998866024,PARTIAL
ev.USD.desc.crude_oil_inventories.last_surprise_z,inner_2022,val,6239,0.0,NO_COVERAGE
ev.USD.desc.crude_oil_inventories.last_surprise_z,inner_2023,train,66206,0.798870193033864,PARTIAL
ev.USD.desc.crude_oil_inventories.last_surprise_z,inner_2023,val,5409,0.0,NO_COVERAGE
ev.USD.desc.ppi.last_surprise_z,inner_2019,train,41329,0.8990539330736287,PARTIAL
ev.USD.desc.ppi.last_surprise_z,inner_2019,val,6213,0.9921133107999356,PARTIAL
ev.USD.desc.ppi.last_surprise_z,inner_2020,train,47542,0.9112153464305246,PARTIAL
ev.USD.desc.ppi.last_surprise_z,inner_2020,val,6230,0.9998394863563402,PARTIAL
ev.USD.desc.ppi.last_surprise_z,inner_2021,train,53771,0.9214818396533447,PARTIAL
ev.USD.desc.ppi.last_surprise_z,inner_2021,val,6219,0.31339443640456666,PARTIAL
ev.USD.desc.ppi.last_surprise_z,inner_2022,train,59966,0.8603875529466698,PARTIAL
ev.USD.desc.ppi.last_surprise_z,inner_2022,val,6239,0.0,NO_COVERAGE
ev.USD.desc.ppi.last_surprise_z,inner_2023,train,66206,0.7792949279521494,PARTIAL
ev.USD.desc.ppi.last_surprise_z,inner_2023,val,5409,0.0,NO_COVERAGE
ev.USD.desc.adp_nonfarm_employment_change.last_surprise_z,inner_2019,train,41329,0.8675506303080162,PARTIAL
ev.USD.desc.adp_nonfarm_employment_change.last_surprise_z,inner_2019,val,6213,0.9958152261387413,PARTIAL
ev.USD.desc.adp_nonfarm_employment_change.last_surprise_z,inner_2020,train,47542,0.8843128181397502,PARTIAL
ev.USD.desc.adp_nonfarm_employment_change.last_surprise_z,inner_2020,val,6230,0.9996789727126806,PARTIAL
ev.USD.desc.adp_nonfarm_employment_change.last_surprise_z,inner_2021,train,53771,0.8976771865875658,PARTIAL
ev.USD.desc.adp_nonfarm_employment_change.last_surprise_z,inner_2021,val,6219,0.31339443640456666,PARTIAL
ev.USD.desc.adp_nonfarm_employment_change.last_surprise_z,inner_2022,train,59966,0.8390421238701931,PARTIAL
ev.USD.desc.adp_nonfarm_employment_change.last_surprise_z,inner_2022,val,6239,0.0,NO_COVERAGE
ev.USD.desc.adp_nonfarm_employment_change.last_surprise_z,inner_2023,train,66206,0.7599613328097151,PARTIAL
ev.USD.desc.adp_nonfarm_employment_change.last_surprise_z,inner_2023,val,5409,0.0,NO_COVERAGE
ev.USD.desc.new_home_sales.last_surprise_z,inner_2019,train,41329,0.8449514868494278,PARTIAL
ev.USD.desc.new_home_sales.last_surprise_z,inner_2019,val,6213,0.9188797682279092,PARTIAL
ev.USD.desc.new_home_sales.last_surprise_z,inner_2020,train,47542,0.8546127634512641,PARTIAL
ev.USD.desc.new_home_sales.last_surprise_z,inner_2020,val,6230,1.0,FULL
ev.USD.desc.new_home_sales.last_surprise_z,inner_2021,train,53771,0.8714548734447937,PARTIAL
ev.USD.desc.new_home_sales.last_surprise_z,inner_2021,val,6219,0.309535295063515,PARTIAL
ev.USD.desc.new_home_sales.last_surprise_z,inner_2022,train,59966,0.8151285728579528,PARTIAL
ev.USD.desc.new_home_sales.last_surprise_z,inner_2022,val,6239,0.0,NO_COVERAGE
ev.USD.desc.new_home_sales.last_surprise_z,inner_2023,train,66206,0.7383016645017068,PARTIAL
ev.USD.desc.new_home_sales.last_surprise_z,inner_2023,val,5409,0.0,NO_COVERAGE
ev.USD.desc.ism_manufacturing_pmi.last_surprise_z,inner_2019,train,41329,0.8705509448571221,PARTIAL
ev.USD.desc.ism_manufacturing_pmi.last_surprise_z,inner_2019,val,6213,1.0,FULL
ev.USD.desc.ism_manufacturing_pmi.last_surprise_z,inner_2020,train,47542,0.8874679230995751,PARTIAL
ev.USD.desc.ism_manufacturing_pmi.last_surprise_z,inner_2020,val,6230,1.0,FULL
ev.USD.desc.ism_manufacturing_pmi.last_surprise_z,inner_2021,train,53771,0.900503989139127,PARTIAL
ev.USD.desc.ism_manufacturing_pmi.last_surprise_z,inner_2021,val,6219,0.31339443640456666,PARTIAL
ev.USD.desc.ism_manufacturing_pmi.last_surprise_z,inner_2022,train,59966,0.8415768935730247,PARTIAL
ev.USD.desc.ism_manufacturing_pmi.last_surprise_z,inner_2022,val,6239,0.0,NO_COVERAGE
ev.USD.desc.ism_manufacturing_pmi.last_surprise_z,inner_2023,train,66206,0.7622571972328792,PARTIAL
ev.USD.desc.ism_manufacturing_pmi.last_surprise_z,inner_2023,val,5409,0.0,NO_COVERAGE
ev.USD.desc.unemployment_rate.last_surprise_z,inner_2019,train,41329,0.8652278061409664,PARTIAL
ev.USD.desc.unemployment_rate.last_surprise_z,inner_2019,val,6213,0.9996780943183647,PARTIAL
ev.USD.desc.unemployment_rate.last_surprise_z,inner_2020,train,47542,0.8827983677590341,PARTIAL
ev.USD.desc.unemployment_rate.last_surprise_z,inner_2020,val,6230,0.9958266452648475,PARTIAL
ev.USD.desc.unemployment_rate.last_surprise_z,inner_2021,train,53771,0.8958918376076324,PARTIAL
ev.USD.desc.unemployment_rate.last_surprise_z,inner_2021,val,6219,0.31339443640456666,PARTIAL
ev.USD.desc.unemployment_rate.last_surprise_z,inner_2022,train,59966,0.8374412166894574,PARTIAL
ev.USD.desc.unemployment_rate.last_surprise_z,inner_2022,val,6239,0.0,NO_COVERAGE
ev.USD.desc.unemployment_rate.last_surprise_z,inner_2023,train,66206,0.7585113131740325,PARTIAL
ev.USD.desc.unemployment_rate.last_surprise_z,inner_2023,val,5409,0.0,NO_COVERAGE
ev.USD.desc.nonfarm_payrolls.last_surprise_z,inner_2019,train,41329,0.8652278061409664,PARTIAL
ev.USD.desc.nonfarm_payrolls.last_surprise_z,inner_2019,val,6213,0.9996780943183647,PARTIAL
ev.USD.desc.nonfarm_payrolls.last_surprise_z,inner_2020,train,47542,0.8827983677590341,PARTIAL
ev.USD.desc.nonfarm_payrolls.last_surprise_z,inner_2020,val,6230,0.9958266452648475,PARTIAL
ev.USD.desc.nonfarm_payrolls.last_surprise_z,inner_2021,train,53771,0.8958918376076324,PARTIAL
ev.USD.desc.nonfarm_payrolls.last_surprise_z,inner_2021,val,6219,0.31339443640456666,PARTIAL
ev.USD.desc.nonfarm_payrolls.last_surprise_z,inner_2022,train,59966,0.8374412166894574,PARTIAL
ev.USD.desc.nonfarm_payrolls.last_surprise_z,inner_2022,val,6239,0.0,NO_COVERAGE
ev.USD.desc.nonfarm_payrolls.last_surprise_z,inner_2023,train,66206,0.7585113131740325,PARTIAL
ev.USD.desc.nonfarm_payrolls.last_surprise_z,inner_2023,val,5409,0.0,NO_COVERAGE
ev.USD.desc.ism_non_manufacturing_pmi.last_surprise_z,inner_2019,train,41329,0.8693895327735972,PARTIAL
ev.USD.desc.ism_non_manufacturing_pmi.last_surprise_z,inner_2019,val,6213,1.0,FULL
ev.USD.desc.ism_non_manufacturing_pmi.last_surprise_z,inner_2020,train,47542,0.8864582895124311,PARTIAL
ev.USD.desc.ism_non_manufacturing_pmi.last_surprise_z,inner_2020,val,6230,1.0,FULL
ev.USD.desc.ism_non_manufacturing_pmi.last_surprise_z,inner_2021,train,53771,0.8996113146491603,PARTIAL
ev.USD.desc.ism_non_manufacturing_pmi.last_surprise_z,inner_2021,val,6219,0.31339443640456666,PARTIAL
ev.USD.desc.ism_non_manufacturing_pmi.last_surprise_z,inner_2022,train,59966,0.8407764399826568,PARTIAL
ev.USD.desc.ism_non_manufacturing_pmi.last_surprise_z,inner_2022,val,6239,0.0,NO_COVERAGE
ev.USD.desc.ism_non_manufacturing_pmi.last_surprise_z,inner_2023,train,66206,0.7615321874150379,PARTIAL
ev.USD.desc.ism_non_manufacturing_pmi.last_surprise_z,inner_2023,val,5409,0.0,NO_COVERAGE
ev.EUR.desc.german_manufacturing_pmi.last_surprise_z,inner_2019,train,41329,0.9090469162089574,PARTIAL
ev.EUR.desc.german_manufacturing_pmi.last_surprise_z,inner_2019,val,6213,1.0,FULL
ev.EUR.desc.german_manufacturing_pmi.last_surprise_z,inner_2020,train,47542,0.9209330697067856,PARTIAL
ev.EUR.desc.german_manufacturing_pmi.last_surprise_z,inner_2020,val,6230,1.0,FULL
ev.EUR.desc.german_manufacturing_pmi.last_surprise_z,inner_2021,train,53771,0.930092429004482,PARTIAL
ev.EUR.desc.german_manufacturing_pmi.last_surprise_z,inner_2021,val,6219,0.31339443640456666,PARTIAL
ev.EUR.desc.german_manufacturing_pmi.last_surprise_z,inner_2022,train,59966,0.8681085948704266,PARTIAL
ev.EUR.desc.german_manufacturing_pmi.last_surprise_z,inner_2022,val,6239,0.0,NO_COVERAGE
ev.EUR.desc.german_manufacturing_pmi.last_surprise_z,inner_2023,train,66206,0.7862882518200768,PARTIAL
ev.EUR.desc.german_manufacturing_pmi.last_surprise_z,inner_2023,val,5409,0.0,NO_COVERAGE
ev.EUR.desc.german_ifo_business_climate_index.last_surprise_z,inner_2019,train,41329,0.8538556461564519,PARTIAL
ev.EUR.desc.german_ifo_business_climate_index.last_surprise_z,inner_2019,val,6213,0.9884113954611299,PARTIAL
ev.EUR.desc.german_ifo_business_climate_index.last_surprise_z,inner_2020,train,47542,0.8714399899036641,PARTIAL
ev.EUR.desc.german_ifo_business_climate_index.last_surprise_z,inner_2020,val,6230,0.9884430176565008,PARTIAL
ev.EUR.desc.german_ifo_business_climate_index.last_surprise_z,inner_2021,train,53771,0.8849937698759555,PARTIAL
ev.EUR.desc.german_ifo_business_climate_index.last_surprise_z,inner_2021,val,6219,0.309535295063515,PARTIAL
ev.EUR.desc.german_ifo_business_climate_index.last_surprise_z,inner_2022,train,59966,0.8272687856451989,PARTIAL
ev.EUR.desc.german_ifo_business_climate_index.last_surprise_z,inner_2022,val,6239,0.0,NO_COVERAGE
ev.EUR.desc.german_ifo_business_climate_index.last_surprise_z,inner_2023,train,66206,0.7492976467389663,PARTIAL
ev.EUR.desc.german_ifo_business_climate_index.last_surprise_z,inner_2023,val,5409,0.0,NO_COVERAGE
ev.EUR.desc.german_unemployment_change.last_surprise_z,inner_2019,train,41329,0.8680829441796317,PARTIAL
ev.EUR.desc.german_unemployment_change.last_surprise_z,inner_2019,val,6213,0.9961371318203767,PARTIAL
ev.EUR.desc.german_unemployment_change.last_surprise_z,inner_2020,train,47542,0.8848176349333221,PARTIAL
ev.EUR.desc.german_unemployment_change.last_surprise_z,inner_2020,val,6230,1.0,FULL
ev.EUR.desc.german_unemployment_change.last_surprise_z,inner_2021,train,53771,0.8981607186029644,PARTIAL
ev.EUR.desc.german_unemployment_change.last_surprise_z,inner_2021,val,6219,0.31339443640456666,PARTIAL
ev.EUR.desc.german_unemployment_change.last_surprise_z,inner_2022,train,59966,0.8394757028983091,PARTIAL
ev.EUR.desc.german_unemployment_change.last_surprise_z,inner_2022,val,6239,0.0,NO_COVERAGE
ev.EUR.desc.german_unemployment_change.last_surprise_z,inner_2023,train,66206,0.7603540464610459,PARTIAL
ev.EUR.desc.german_unemployment_change.last_surprise_z,inner_2023,val,5409,0.0,NO_COVERAGE
ev.EUR.desc.german_zew_economic_sentiment.last_surprise_z,inner_2019,train,41329,0.8601224321904716,PARTIAL
ev.EUR.desc.german_zew_economic_sentiment.last_surprise_z,inner_2019,val,6213,0.9806856591018831,PARTIAL
ev.EUR.desc.german_zew_economic_sentiment.last_surprise_z,inner_2020,train,47542,0.8758781708804846,PARTIAL
ev.EUR.desc.german_zew_economic_sentiment.last_surprise_z,inner_2020,val,6230,0.9807383627608347,PARTIAL
ev.EUR.desc.german_zew_economic_sentiment.last_surprise_z,inner_2021,train,53771,0.8880251436648007,PARTIAL
ev.EUR.desc.german_zew_economic_sentiment.last_surprise_z,inner_2021,val,6219,0.29409872969930856,PARTIAL
ev.EUR.desc.german_zew_economic_sentiment.last_surprise_z,inner_2022,train,59966,0.8283860854484207,PARTIAL
ev.EUR.desc.german_zew_economic_sentiment.last_surprise_z,inner_2022,val,6239,0.0,NO_COVERAGE
ev.EUR.desc.german_zew_economic_sentiment.last_surprise_z,inner_2023,train,66206,0.7503096396097031,PARTIAL
ev.EUR.desc.german_zew_economic_sentiment.last_surprise_z,inner_2023,val,5409,0.0,NO_COVERAGE
ev.EUR.desc.german_gdp.last_surprise_z,inner_2019,train,41329,0.04614193423504077,PARTIAL
ev.EUR.desc.german_gdp.last_surprise_z,inner_2019,val,6213,0.0,NO_COVERAGE
ev.EUR.desc.german_gdp.last_surprise_z,inner_2020,train,47542,0.04011190105590846,PARTIAL
ev.EUR.desc.german_gdp.last_surprise_z,inner_2020,val,6230,0.0,NO_COVERAGE
ev.EUR.desc.german_gdp.last_surprise_z,inner_2021,train,53771,0.03546521359096911,PARTIAL
ev.EUR.desc.german_gdp.last_surprise_z,inner_2021,val,6219,0.0964785335262904,PARTIAL
ev.EUR.desc.german_gdp.last_surprise_z,inner_2022,train,59966,0.04180702398025548,PARTIAL
ev.EUR.desc.german_gdp.last_surprise_z,inner_2022,val,6239,0.0,NO_COVERAGE
ev.EUR.desc.german_gdp.last_surprise_z,inner_2023,train,66206,0.037866658611002024,PARTIAL
ev.EUR.desc.german_gdp.last_surprise_z,inner_2023,val,5409,0.0,NO_COVERAGE
