variant_id,family,identity,causal_by_construction,probes,max_rel_change,status,cost_s,agrees_with_declaration,admissible_as_feature,ps1_profile,note
tv.wavelet_modwt_haar_causal,wavelet,"MODWT/a-trous Haar, J=5 levels, trailing window 256 bars, value at last sample",True,"[700, 1200, 1800, 2400, 2900]",0.0,PREFIX_INVARIANT_MEASURED,0.0005829334259033203,True,True,PENDING (PS4: profiled after PS2 priority; identity fixed here),
tv.wavelet_dwt_db4_global,wavelet,pywt.wavedec db4 over the full series (global),False,"[700, 1200, 1800, 2400, 2900]",125.26743211966306,PREFIX_VIOLATION_MEASURED,0.008526086807250977,True,False,PENDING (PS4: profiled after PS2 priority; identity fixed here),
tv.multitaper_trailing,multitaper,"DPSS NW=3, K=5 tapers on trailing 256 bars; band power 6-48 h",True,"[700, 1200, 1800, 2400, 2900]",0.0,PREFIX_INVARIANT_MEASURED,0.007811307907104492,True,True,PENDING (PS4: profiled after PS2 priority; identity fixed here),
tv.hilbert_trailing_lastsample,hilbert,"scipy.signal.hilbert on trailing 256 bars of detrended log price, amplitude at last sample",True,"[700, 1200, 1800, 2400, 2900]",0.0,PREFIX_INVARIANT_MEASURED,0.004449129104614258,True,True,PENDING (PS4: profiled after PS2 priority; identity fixed here),prefix-invariant but end-effect biased
tv.hilbert_global,hilbert,scipy.signal.hilbert over the full series,False,"[700, 1200, 1800, 2400, 2900]",3.99525716228972,PREFIX_VIOLATION_MEASURED,0.003198385238647461,True,False,PENDING (PS4: profiled after PS2 priority; identity fixed here),
tv.stl_trailing_lastsample,stl,"statsmodels STL period=24 on trailing 24*14 bars, components at last sample",True,"[700, 1200, 1800, 2400, 2900]",0.0,PREFIX_INVARIANT_MEASURED,0.05054330825805664,True,True,PENDING (PS4: profiled after PS2 priority; identity fixed here),
tv.stl_global,stl,statsmodels STL period=24 over the full series (centred LOESS),False,"[700, 1200, 1800, 2400, 2900]",0.045004648595728405,PREFIX_VIOLATION_MEASURED,0.349658727645874,True,False,PENDING (PS4: profiled after PS2 priority; identity fixed here),
tv.kalman_local_level_filter,kalman,"local-level Kalman FILTER (q/r fitted on fold-train), filtered state",True,"[700, 1200, 1800, 2400, 2900]",0.0,PREFIX_INVARIANT_MEASURED,0.00827169418334961,True,True,PENDING (PS4: profiled after PS2 priority; identity fixed here),
tv.kalman_local_level_smoother,kalman,RTS smoother of the same model,False,"[700, 1200, 1800, 2400, 2900]",0.01435124106998613,PREFIX_VIOLATION_MEASURED,0.020413875579833984,True,False,PENDING (PS4: profiled after PS2 priority; identity fixed here),
