provider,product,status,rung_gaps,lake_files,lake_bytes,raw_files,derived_files,census_appearances,train_contracts,lane_b_profiled_columns,evaluated,frequencies,coverage_dates,asset_universe_count,field_families,entitlement_evidence,owner_reported,connector,clocks,revision_policy,license,point_in_time,missing_action
Yahoo Finance,"quotes/history (equity indices, ETFs, commodity futures, EM FX daily, VIX)",PROFILED,"[""DOCUMENTED_ENTITLEMENT"", ""POINT_IN_TIME_ADMISSIBLE"", ""EVALUATED""]",702,12540187990,78,624,312,58,474,NO,"[""15m"", ""1h"", ""4h"", ""5m""]","[""1927-12-30T04:00:00+00:00"", ""2025-12-30T08:00:00+00:00""]",78,"{""daily"": 78, ""market_data__commodities__agriculture__ct_f__daily"": 8, ""market_data__commodities__agriculture__kc_f__daily"": 8, ""market_data__commodities__agriculture__sb_f__daily"": 8, ""market_data__commodities__agriculture__zc_f__daily"": 8, ""market_data__commodities__agriculture__zs_f__daily"": 8, ""market_data__commodities__agriculture__zw_f__daily"": 8, ""market_data__commodities__energy__bz_f__daily"": 8, ""market_data__commodities__energy__cl_f__daily"": 8, ""market_data__commodities__energy__ng_f__daily"": 8, ""market_data__commodities__energy__rb_f__daily"": 8, ""market_data__commodities__precious_metals__gc_f__daily"": 8}","NONE_DOCUMENTED: no product name, plan or API terms on file; a paid Yahoo Finance subscription does not by itself grant a programmatic API",paid Yahoo access declared by the owner (addendum 256c61a6),"financial-data _scripts/workers/stage13_omega_light_worker.py, stage13_omega_followup_worker.py (yfinance, unofficial public endpoints)","{""event"": ""daily bar date, timezone UNKNOWN"", ""publication"": ""UNOBSERVED"", ""receipt"": ""no per-row receipt; file mtime only""}",UNKNOWN (adjusted closes can be rewritten by the vendor),UNKNOWN (census INTERNAL_RESEARCH_ONLY_PENDING_EVIDENCE),NOT_ADMISSIBLE: no availability contract instance (census availability UNAVAILABLE; split contracts are not availability),owner names the exact Yahoo product and its terms for programmatic retrieval; until then no new download; then availability contract (event/publication/receipt) before PIT admission
Alpaca,market data (stocks/crypto) via the Alpaca account,FUNCTIONING_CONNECTOR,"[""DOCUMENTED_ENTITLEMENT"", ""RETAINED_BYTES"", ""POINT_IN_TIME_ADMISSIBLE"", ""PROFILED"", ""EVALUATED""]",0,0,0,0,0,0,0,NO,[],not in census,0,{},NONE_DOCUMENTED for market data: plan/feed (IEX vs SIP) not on file,declared by the owner (addendum 256c61a6),"EXECUTION ONLY: lts app/alpaca_paper_cli.py, plugins_broker/alpaca_paper_broker; services lts-alpaca-model-runner (active) and lts-alpaca-paper-observer.timer; no data connector into financial-data or the lake","{""event"": ""n/a (no retained bytes)"", ""publication"": ""n/a"", ""receipt"": ""n/a""}",UNKNOWN,UNKNOWN,NOT_ADMISSIBLE: no availability contract instance (census availability UNAVAILABLE; split contracts are not availability),owner documents the market-data plan/feed; a data connector writes through the governed data-gov route for the declared business assets only; then RETAINED_BYTES
FXMacroData,economic calendar: release actuals (announcements) and scheduled release calendar,PROFILED,"[""POINT_IN_TIME_ADMISSIBLE"", ""EVALUATED""]",18,10911216,2,16,8,8,24,NO,"[""15m"", ""1h"", ""4h"", ""5m""]","[""2025-01-31T00:00:00+00:00"", ""2027-07-14T20:00:00+00:00""]",2,"{""economic_calendar__release_actuals__fxmacrodata__announcements"": 8, ""economic_calendar__scheduled_events__fxmacrodata__release_calendar"": 8, ""announcements"": 1, ""release_calendar"": 1}",paid subscription reported by the owner; connector functioning (bytes retained),paid FXMacroData declared by the owner,financial-data _scripts/workers/stage15_fxmacrodata_worker.py; point-in-time capture with our receipt clock started at financial-data ef0ba6612,"{""event"": ""release time per row"", ""publication"": ""announcements OBSERVED_ACTUAL_PUBLICATION; release_calendar ASSUMED_SCHEDULED_PUBLICATION (data-gov registry 2026-09-26)"", ""receipt"": ""per-row receipt clock only from the ef0ba6612 capture onward; none for the retained history""}",NO_REVISION_HISTORY (registry absence),paid subscription; redistribution UNKNOWN,NOT_ADMISSIBLE: no availability contract instance (census availability UNAVAILABLE; split contracts are not availability),"availability contract for the raw resources (publication clock is observed for announcements; consensus absent, NO_CONSENSUS_AT_ALL); the 8 resampled census appearances need their resampling producer located before any derived availability; no consensus/first-release vintage may be invented"
HistData,FX majors intraday bars,PROFILED,"[""OWNER_REPORTED"", ""POINT_IN_TIME_ADMISSIBLE"", ""EVALUATED""]",420,26951186352,80,340,40,12,48,NO,"[""15m"", ""1h"", ""4h"", ""5m""]","[""2005-01-03T00:00:00+00:00"", ""2025-12-31T16:55:00+00:00""]",10,"{""ohlc_bars"": 40, ""emd"": 40, ""fracdiff"": 40, ""hilbert"": 40, ""multitaper"": 40, ""statistical"": 40, ""technical"": 40, ""wavelet"": 40, ""15m"": 10, ""1h"": 10, ""4h"": 10, ""5m"": 10}",free download; terms UNKNOWN on file,,financial-data stage13 workers (histdata),"{""event"": ""bar timestamp, timezone UNKNOWN (not documented on file)"", ""publication"": ""UNOBSERVED"", ""receipt"": ""file grain""}",UNKNOWN,UNKNOWN,NOT_ADMISSIBLE: no availability contract instance (census availability UNAVAILABLE; split contracts are not availability),document terms and timestamp convention; availability contract
Binance,spot and USD-M futures klines,PROFILED,"[""OWNER_REPORTED"", ""POINT_IN_TIME_ADMISSIBLE"", ""EVALUATED""]",1626,34200598892,330,1296,200,49,441,NO,"[""15m"", ""1h"", ""4h"", ""5m""]","[""2017-08-17T04:00:00+00:00"", ""2025-12-31T23:55:00+00:00""]",50,"{""ohlc_bars"": 160, ""emd"": 160, ""fracdiff"": 160, ""hilbert"": 160, ""multitaper"": 160, ""statistical"": 160, ""technical"": 160, ""wavelet"": 160, ""15m"": 40, ""1h"": 40, ""4h"": 40, ""5m"": 40}",public REST market data,,"financial-data _scripts/workers/stage13_dragon_crypto_worker.py (historical REST, END_MS 2025-12-31)","{""event"": ""open_time/close_time UTC in schema"", ""publication"": ""UNOBSERVED"", ""receipt"": ""BOUNDED_AT_FILE_GRAIN""}",UNKNOWN,UNKNOWN,NOT_ADMISSIBLE: no availability contract instance (census availability UNAVAILABLE; split contracts are not availability),availability contract (ETH 4h candidate 998e3f80 not installed); licence evidence
FRED,macro and rates observations,PROFILED,"[""OWNER_REPORTED"", ""POINT_IN_TIME_ADMISSIBLE"", ""EVALUATED""]",1225,18593262106,145,1080,540,31,31,NO,"[""15m"", ""1h"", ""4h"", ""5m""]","[""1900-01-01T00:00:00+00:00"", ""2025-12-31T00:00:00+00:00""]",135,"{""observations"": 135, ""actuals"": 10, ""macro_economic__fred__consumer__a229rx0__observations"": 8, ""macro_economic__fred__consumer__dpcera3m086sbea__observations"": 8, ""macro_economic__fred__consumer__dspi__observations"": 8, ""macro_economic__fred__consumer__hsn1f__observations"": 8, ""macro_economic__fred__consumer__pcec__observations"": 8, ""macro_economic__fred__consumer__psavert__observations"": 8, ""macro_economic__fred__consumer__rrsfs__observations"": 8, ""macro_economic__fred__consumer__rsafs__observations"": 8, ""macro_economic__fred__consumer__umcsent__observations"": 8, ""macro_economic__fred__credit__aaa10y__observations"": 8}",public API (key-based); key not inspected,,financial-data stage13 gamma workers,"{""event"": ""observation date"", ""publication"": ""UNOBSERVED (ALFRED vintages not captured)"", ""receipt"": ""file grain""}",REVISED_SERIES_WITHOUT_VINTAGES: latest values only; first release not available,public domain for most series; per-series notes not on file,NOT_ADMISSIBLE: no availability contract instance (census availability UNAVAILABLE; split contracts are not availability),ALFRED vintage capture for any series used point-in-time; without vintages it is retrospective only
OECD SDMX,composite leading indicators,PROFILED,"[""OWNER_REPORTED"", ""POINT_IN_TIME_ADMISSIBLE"", ""EVALUATED""]",9,60105981,1,8,4,4,4,NO,"[""15m"", ""1h"", ""4h"", ""5m""]","[""2000-01-01T00:00:00+00:00"", ""2025-12-01T00:00:00+00:00""]",1,"{""macro_economic__oecd__cli__monthly"": 8, ""monthly"": 1}",public,,stage13 workers,"{""event"": ""month"", ""publication"": ""UNOBSERVED"", ""receipt"": ""file grain""}",REVISED_WITHOUT_VINTAGES,OECD terms not on file,NOT_ADMISSIBLE: no availability contract instance (census availability UNAVAILABLE; split contracts are not availability),vintages and availability contract
CoinMetrics Community,on-chain BTC/ETH counts,PROFILED,"[""OWNER_REPORTED"", ""POINT_IN_TIME_ADMISSIBLE"", ""EVALUATED""]",90,420047065,10,80,40,36,36,NO,"[""15m"", ""1h"", ""4h"", ""5m""]","[""2009-01-03T00:00:00+00:00"", ""2025-12-31T00:00:00+00:00""]",10,"{""alternative_data__onchain_btc__coinmetrics_community__btc__adractcnt"": 8, ""alternative_data__onchain_btc__coinmetrics_community__btc__blkcnt"": 8, ""alternative_data__onchain_btc__coinmetrics_community__btc__hashrate"": 8, ""alternative_data__onchain_btc__coinmetrics_community__btc__txcnt"": 8, ""alternative_data__onchain_btc__coinmetrics_community__btc__txtfrcnt"": 8, ""alternative_data__onchain_eth__coinmetrics_community__eth__adractcnt"": 8, ""alternative_data__onchain_eth__coinmetrics_community__eth__blkcnt"": 8, ""alternative_data__onchain_eth__coinmetrics_community__eth__hashrate"": 8, ""alternative_data__onchain_eth__coinmetrics_community__eth__txcnt"": 8, ""alternative_data__onchain_eth__coinmetrics_community__eth__txtfrcnt"": 8, ""AdrActCnt"": 2, ""BlkCnt"": 2}",community API; terms not on file,,stage13 gamma workers,"{""event"": ""day"", ""publication"": ""UNOBSERVED"", ""receipt"": ""file grain""}",UNKNOWN,UNKNOWN on file,NOT_ADMISSIBLE: no availability contract instance (census availability UNAVAILABLE; split contracts are not availability),licence evidence; availability contract
Etherscan,ETH chain statistics,RETAINED_BYTES,"[""OWNER_REPORTED"", ""POINT_IN_TIME_ADMISSIBLE"", ""PROFILED"", ""EVALUATED""]",5,11497,1,4,4,0,0,NO,"[""15m"", ""1h"", ""4h"", ""5m""]","[""2026-05-01T16:00:00+00:00"", ""2026-05-01T20:00:00+00:00""]",1,"{""alternative_data__onchain_eth__etherscan_free_snapshots__snapshots"": 4, ""snapshots"": 1}",API key (not inspected),,stage13 workers,"{""event"": ""day"", ""publication"": ""UNOBSERVED"", ""receipt"": ""file grain""}",UNKNOWN,UNKNOWN,NOT_ADMISSIBLE: no availability contract instance (census availability UNAVAILABLE; split contracts are not availability),terms; availability contract
CryptoQuant,exchange flows and on-chain metrics,RETAINED_BYTES,"[""OWNER_REPORTED"", ""DOCUMENTED_ENTITLEMENT"", ""POINT_IN_TIME_ADMISSIBLE"", ""PROFILED"", ""EVALUATED""]",485,38728243,97,388,388,0,0,NO,"[""15m"", ""1h"", ""4h"", ""5m""]","[""2026-01-21T00:00:00+00:00"", ""2026-05-01T00:00:00+00:00""]",97,"{""alternative_data__cryptoquant__btc_exchange_flows__btc_exchange_inflow_all_exchange"": 4, ""alternative_data__cryptoquant__btc_exchange_flows__btc_exchange_inflow_binance"": 4, ""alternative_data__cryptoquant__btc_exchange_flows__btc_exchange_inflow_bybit"": 4, ""alternative_data__cryptoquant__btc_exchange_flows__btc_exchange_inflow_coinbase_advanced"": 4, ""alternative_data__cryptoquant__btc_exchange_flows__btc_exchange_inflow_kraken"": 4, ""alternative_data__cryptoquant__btc_exchange_flows__btc_exchange_inflow_okx"": 4, ""alternative_data__cryptoquant__btc_exchange_flows__btc_exchange_netflow_all_exchange"": 4, ""alternative_data__cryptoquant__btc_exchange_flows__btc_exchange_netflow_binance"": 4, ""alternative_data__cryptoquant__btc_exchange_flows__btc_exchange_netflow_bybit"": 4, ""alternative_data__cryptoquant__btc_exchange_flows__btc_exchange_netflow_coinbase_advanced"": 4, ""alternative_data__cryptoquant__btc_exchange_flows__btc_exchange_netflow_kraken"": 4, ""alternative_data__cryptoquant__btc_exchange_flows__btc_exchange_netflow_okx"": 4}",UNKNOWN (plan not on file),,financial-data _scripts/workers/stage15_cryptoquant_worker.py,"{""event"": ""UNKNOWN"", ""publication"": ""UNOBSERVED"", ""receipt"": ""file grain""}",UNKNOWN,UNKNOWN,NOT_ADMISSIBLE: no availability contract instance (census availability UNAVAILABLE; split contracts are not availability),census producer UNRESOLVED for these variables: link provenance; plan/terms; availability contract
CFTC,Commitments of Traders (positioning),NOT_PRESENT,"[""OWNER_REPORTED"", ""FUNCTIONING_CONNECTOR"", ""RETAINED_BYTES"", ""POINT_IN_TIME_ADMISSIBLE"", ""PROFILED"", ""EVALUATED""]",0,0,0,0,0,0,0,NO,[],not in census,0,{},public,,stage3x workers reference cot_reports,"{""event"": ""Tuesday as-of"", ""publication"": ""Friday release (not captured per row)"", ""receipt"": ""file grain""}",UNKNOWN,public,NOT_ADMISSIBLE: no availability contract instance (census availability UNAVAILABLE; split contracts are not availability),publication clock (as-of Tuesday vs Friday release) before any PIT use
FINRA / short interest,short interest (positioning),RETAINED_BYTES,"[""OWNER_REPORTED"", ""POINT_IN_TIME_ADMISSIBLE"", ""PROFILED"", ""EVALUATED""]",4,100259784,4,0,0,0,0,NO,[],not in census,2,"{""2025_daily_short_volume"": 3, ""2025"": 1}",public,,stage13 gamma workers,"{""event"": ""settlement date"", ""publication"": ""UNOBSERVED"", ""receipt"": ""file grain""}",UNKNOWN,UNKNOWN,NOT_ADMISSIBLE: no availability contract instance (census availability UNAVAILABLE; split contracts are not availability),publication clock; availability contract
News,news/text,NOT_PRESENT,"[""OWNER_REPORTED"", ""DOCUMENTED_ENTITLEMENT"", ""FUNCTIONING_CONNECTOR"", ""RETAINED_BYTES"", ""POINT_IN_TIME_ADMISSIBLE"", ""PROFILED"", ""EVALUATED""]",0,0,0,0,0,0,0,NO,[],not in census,0,{},NONE,,NONE in financial-data (only a coverage worker mentions news),{},n/a,n/a,NOT_ADMISSIBLE: no availability contract instance (census availability UNAVAILABLE; split contracts are not availability),no news source is retained; owner decides whether one is in scope (no purchase implied)
Blockchain.com,BTC chain charts,RETAINED_BYTES,"[""OWNER_REPORTED"", ""DOCUMENTED_ENTITLEMENT"", ""POINT_IN_TIME_ADMISSIBLE"", ""PROFILED"", ""EVALUATED""]",6,140914,6,0,0,0,0,NO,[],not in census,1,"{""daily"": 6}",UNKNOWN (not on file),,financial-data stage13 workers (provenance.json names this source),"{""event"": ""UNKNOWN"", ""publication"": ""UNOBSERVED"", ""receipt"": ""file grain""}",UNKNOWN,UNKNOWN,NOT_ADMISSIBLE: no availability contract instance (census availability UNAVAILABLE; split contracts are not availability),terms/licence evidence; availability contract; census entry if outside the census
mempool.space,BTC mempool/fees,RETAINED_BYTES,"[""OWNER_REPORTED"", ""DOCUMENTED_ENTITLEMENT"", ""POINT_IN_TIME_ADMISSIBLE"", ""PROFILED"", ""EVALUATED""]",3,17132,3,0,0,0,0,NO,[],not in census,1,"{""snapshot"": 3}",UNKNOWN (not on file),,financial-data stage13 workers (provenance.json names this source),"{""event"": ""UNKNOWN"", ""publication"": ""UNOBSERVED"", ""receipt"": ""file grain""}",UNKNOWN,UNKNOWN,NOT_ADMISSIBLE: no availability contract instance (census availability UNAVAILABLE; split contracts are not availability),terms/licence evidence; availability contract; census entry if outside the census
BEA Data API,US national accounts,RETAINED_BYTES,"[""OWNER_REPORTED"", ""DOCUMENTED_ENTITLEMENT"", ""POINT_IN_TIME_ADMISSIBLE"", ""PROFILED"", ""EVALUATED""]",3,259220,3,0,0,0,0,NO,[],not in census,1,"{""quarterly"": 3}",UNKNOWN (not on file),,financial-data stage13 workers (provenance.json names this source),"{""event"": ""UNKNOWN"", ""publication"": ""UNOBSERVED"", ""receipt"": ""file grain""}",UNKNOWN,UNKNOWN,NOT_ADMISSIBLE: no availability contract instance (census availability UNAVAILABLE; split contracts are not availability),terms/licence evidence; availability contract; census entry if outside the census
DeFiLlama,DeFi TVL,RETAINED_BYTES,"[""OWNER_REPORTED"", ""DOCUMENTED_ENTITLEMENT"", ""POINT_IN_TIME_ADMISSIBLE"", ""PROFILED"", ""EVALUATED""]",1,5459631,1,0,0,0,0,NO,[],not in census,1,"{""protocols"": 1}",UNKNOWN (not on file),,financial-data stage13 workers (provenance.json names this source),"{""event"": ""UNKNOWN"", ""publication"": ""UNOBSERVED"", ""receipt"": ""file grain""}",UNKNOWN,UNKNOWN,NOT_ADMISSIBLE: no availability contract instance (census availability UNAVAILABLE; split contracts are not availability),terms/licence evidence; availability contract; census entry if outside the census
SEC EDGAR,filings,RETAINED_BYTES,"[""OWNER_REPORTED"", ""DOCUMENTED_ENTITLEMENT"", ""POINT_IN_TIME_ADMISSIBLE"", ""PROFILED"", ""EVALUATED""]",1,277317,1,0,0,0,0,NO,[],not in census,1,"{""company_tickers"": 1}",UNKNOWN (not on file),,financial-data stage13 workers (provenance.json names this source),"{""event"": ""UNKNOWN"", ""publication"": ""UNOBSERVED"", ""receipt"": ""file grain""}",UNKNOWN,UNKNOWN,NOT_ADMISSIBLE: no availability contract instance (census availability UNAVAILABLE; split contracts are not availability),terms/licence evidence; availability contract; census entry if outside the census
SEC EDGAR submissions API,filings metadata,RETAINED_BYTES,"[""OWNER_REPORTED"", ""DOCUMENTED_ENTITLEMENT"", ""POINT_IN_TIME_ADMISSIBLE"", ""PROFILED"", ""EVALUATED""]",1,5338387,1,0,0,0,0,NO,[],not in census,1,"{""filing_metadata"": 1}",UNKNOWN (not on file),,financial-data stage13 workers (provenance.json names this source),"{""event"": ""UNKNOWN"", ""publication"": ""UNOBSERVED"", ""receipt"": ""file grain""}",UNKNOWN,UNKNOWN,NOT_ADMISSIBLE: no availability contract instance (census availability UNAVAILABLE; split contracts are not availability),terms/licence evidence; availability contract; census entry if outside the census
fallback calendar generator,SYNTHETIC/derived calendar (not a market source),RETAINED_BYTES,"[""OWNER_REPORTED"", ""DOCUMENTED_ENTITLEMENT"", ""POINT_IN_TIME_ADMISSIBLE"", ""PROFILED"", ""EVALUATED""]",6,709402,6,0,0,0,0,NO,[],not in census,1,"{""schedule"": 6}",UNKNOWN (not on file),,financial-data stage13 workers (provenance.json names this source),"{""event"": ""UNKNOWN"", ""publication"": ""UNOBSERVED"", ""receipt"": ""file grain""}",UNKNOWN,UNKNOWN,NOT_ADMISSIBLE: no availability contract instance (census availability UNAVAILABLE; split contracts are not availability),terms/licence evidence; availability contract; census entry if outside the census
autogenerated_stage13_doc_backfill,documentation backfill (not a market source),RETAINED_BYTES,"[""OWNER_REPORTED"", ""DOCUMENTED_ENTITLEMENT"", ""POINT_IN_TIME_ADMISSIBLE"", ""PROFILED"", ""EVALUATED""]",97,850946,97,0,0,0,0,NO,[],not in census,60,"{""btc_exchange_inflow_all_exchange"": 1, ""btc_exchange_inflow_binance"": 1, ""btc_exchange_inflow_bybit"": 1, ""btc_exchange_inflow_coinbase_advanced"": 1, ""btc_exchange_inflow_kraken"": 1, ""btc_exchange_inflow_okx"": 1, ""btc_exchange_netflow_all_exchange"": 1, ""btc_exchange_netflow_binance"": 1, ""btc_exchange_netflow_bybit"": 1, ""btc_exchange_netflow_coinbase_advanced"": 1, ""btc_exchange_netflow_kraken"": 1, ""btc_exchange_netflow_okx"": 1}",UNKNOWN (not on file),,financial-data stage13 workers (provenance.json names this source),"{""event"": ""UNKNOWN"", ""publication"": ""UNOBSERVED"", ""receipt"": ""file grain""}",UNKNOWN,UNKNOWN,NOT_ADMISSIBLE: no availability contract instance (census availability UNAVAILABLE; split contracts are not availability),terms/licence evidence; availability contract; census entry if outside the census
UNRESOLVED,files whose provider is not declared in census lineage,RETAINED_BYTES,,1052,1112636236,,,,,,NO,,,,"{""alternative_data__cryptoquant__btc_exchange_flows__btc_exchange_inflow_all_exchange"": 8, ""alternative_data__cryptoquant__btc_exchange_flows__btc_exchange_inflow_binance"": 8, ""alternative_data__cryptoquant__btc_exchange_flows__btc_exchange_inflow_bybit"": 8, ""alternative_data__cryptoquant__btc_exchange_flows__btc_exchange_inflow_coinbase_advanced"": 8, ""alternative_data__cryptoquant__btc_exchange_flows__btc_exchange_inflow_kraken"": 8, ""alternative_data__cryptoquant__btc_exchange_flows__btc_exchange_inflow_okx"": 8, ""alternative_data__cryptoquant__btc_exchange_flows__btc_exchange_netflow_all_exchange"": 8, ""alternative_data__cryptoquant__btc_exchange_flows__btc_exchange_netflow_binance"": 8, ""alternative_data__cryptoquant__btc_exchange_flows__btc_exchange_netflow_bybit"": 8, ""alternative_data__cryptoquant__btc_exchange_flows__btc_exchange_netflow_coinbase_advanced"": 8, ""alternative_data__cryptoquant__btc_exchange_flows__btc_exchange_netflow_kraken"": 8, ""alternative_data__cryptoquant__btc_exchange_flows__btc_exchange_netflow_okx"": 8}",,,,,,,,locate provenance.json or producer; until then no use
