input_type,family,method_id,state,applicable,implemented,materialized,temporally_verified,profiled,evaluated,selected,materialized_files,evidence,reason,owner,next_step
"ohlc_price_bar_intraday (FX G10 HistData, crypto spot/perp Binance; 50 assets x 5m/15m/1h/4h)",raw,RAW_OHLCV_STAGE21,profiled,True,True,True,False,True,False,False,200,features/trading_asset_data 200 files; c162 TRAIN profiles for 198 contracted appearances,,lane B,PS2/PS5 evaluation on Y_s/Y_l after availability contract
"ohlc_price_bar_intraday (FX G10 HistData, crypto spot/perp Binance; 50 assets x 5m/15m/1h/4h)",returns_logreturns,STAGE22_TECHNICAL_RETURNS,profiled,True,True,True,False,True,False,False,200,technical.parquet return_*/log_return_*; profiled only inside the ETH 4h model-ready view,,lane B,temporal test of the stage22 producer (lane C); profile per asset
"ohlc_price_bar_intraday (FX G10 HistData, crypto spot/perp Binance; 50 assets x 5m/15m/1h/4h)",differences,DIFF_1,applicable,True,False,False,False,False,False,False,0,not materialized as a channel; used internally by PS1 volatility,no recipe emitted,lane B,add to the compact grid (lane B)
"ohlc_price_bar_intraday (FX G10 HistData, crypto spot/perp Binance; 50 assets x 5m/15m/1h/4h)",normalization,TRAIN_FIT_SCALER_PREDICTOR,temporally_verified,True,True,False,True,False,False,False,0,predictor P3 rules 2026-09-14: scaler fitted on TRAIN does not move; materialized at model time,,M01/M02,
"ohlc_price_bar_intraday (FX G10 HistData, crypto spot/perp Binance; 50 assets x 5m/15m/1h/4h)",fracdiff,NATIVE_FIXED_WIDTH_FRACDIFF_d0.4_0.6_0.8,materialized,True,True,True,False,False,False,False,200,fracdiff.parquet; past-only every bar per financial-data satoshi/c-method-semantics-20261001 99766205 METHOD_SEMANTICS_DOSSIER_2026_10_01.md §2 (per-producer table) and §5,,lane C (temporal test) / lane B (profile),"lane C prefix/restart test, then TRAIN profile"
"ohlc_price_bar_intraday (FX G10 HistData, crypto spot/perp Binance; 50 assets x 5m/15m/1h/4h)",technical_trend,STAGE22_TECHNICAL (financial-data) ; FEATURE_ENG_PANDAS_TA (separate producer),profiled,True,True,True,False,True,False,False,200,technical.parquet (sma/ema/close_sma_ratio/macd/trend_slope); feature-eng's own pandas_ta set is lookahead-tested (tests/test_real_indicator_causality.py) but that is NOT the producer of the materialized files; profiled only in the ETH 4h view,temporally_verified false for the materialized producer,lane C (temporal) / lane B (profile),temporal test of stage22 producer; per-asset profile; compact parameter grid
"ohlc_price_bar_intraday (FX G10 HistData, crypto spot/perp Binance; 50 assets x 5m/15m/1h/4h)",technical_momentum,STAGE22_TECHNICAL (financial-data) ; FEATURE_ENG_PANDAS_TA (separate producer),profiled,True,True,True,False,True,False,False,200,technical.parquet (rsi/stoch/williams/cci/roc/mom); feature-eng's own pandas_ta set is lookahead-tested (tests/test_real_indicator_causality.py) but that is NOT the producer of the materialized files; profiled only in the ETH 4h view,temporally_verified false for the materialized producer,lane C (temporal) / lane B (profile),temporal test of stage22 producer; per-asset profile; compact parameter grid
"ohlc_price_bar_intraday (FX G10 HistData, crypto spot/perp Binance; 50 assets x 5m/15m/1h/4h)",technical_volatility,STAGE22_TECHNICAL (financial-data) ; FEATURE_ENG_PANDAS_TA (separate producer),profiled,True,True,True,False,True,False,False,200,technical.parquet (bb/atr/natr/hist_vol); feature-eng's own pandas_ta set is lookahead-tested (tests/test_real_indicator_causality.py) but that is NOT the producer of the materialized files; profiled only in the ETH 4h view,temporally_verified false for the materialized producer,lane C (temporal) / lane B (profile),temporal test of stage22 producer; per-asset profile; compact parameter grid
"ohlc_price_bar_intraday (FX G10 HistData, crypto spot/perp Binance; 50 assets x 5m/15m/1h/4h)",technical_volume,STAGE22_TECHNICAL (financial-data) ; FEATURE_ENG_PANDAS_TA (separate producer),profiled,True,True,True,False,True,False,False,200,technical.parquet (obv/volume_sma/vwap/mfi); feature-eng's own pandas_ta set is lookahead-tested (tests/test_real_indicator_causality.py) but that is NOT the producer of the materialized files; profiled only in the ETH 4h view,temporally_verified false for the materialized producer,lane C (temporal) / lane B (profile),temporal test of stage22 producer; per-asset profile; compact parameter grid
"ohlc_price_bar_intraday (FX G10 HistData, crypto spot/perp Binance; 50 assets x 5m/15m/1h/4h)",statistical_rolling_moments,STAGE22_STATISTICAL,profiled,True,True,True,False,True,False,False,200,statistical.parquet; profiled only in the ETH 4h view,,lane B,temporal test; per-asset profile
"ohlc_price_bar_intraday (FX G10 HistData, crypto spot/perp Binance; 50 assets x 5m/15m/1h/4h)",market_state_rule,RULE_VOL_REGIME_HIGH_LOW ; FEATURE_ENG_REGIME_V1_V2_RULES,profiled,True,True,False,False,True,False,False,0,ETH 4h view vol_regime_high/low profiled; no materialized hierarchical state provider,not materialized per asset,lane B,emit with available history only; durations/transitions not produced
"ohlc_price_bar_intraday (FX G10 HistData, crypto spot/perp Binance; 50 assets x 5m/15m/1h/4h)",market_state_learned_hmm,LEARNED_GAUSSIAN_HMM_3STATE_FULLSERIES,excluded,True,True,True,False,False,False,False,10,stage25 regime_labels(); lane B SOTA_PRODUCERS.v1.json,fit and scaler on the whole series incl. holdout; Viterbi/forward-backward smoothing uses observations after t: NON_CAUSAL,lane C,"refit per TRAIN fold, forward filtering only"
"ohlc_price_bar_intraday (FX G10 HistData, crypto spot/perp Binance; 50 assets x 5m/15m/1h/4h)",market_state_learned_gmm,"FEATURE_ENG_REGIME_V3_GMM (fixed centroids, 15y EURUSD, forward-return label map)",excluded,True,True,False,False,False,False,False,0,"feature-eng d081d0f app/regime_detector.py:247-302; LEARNED, fit period UNKNOWN; feature-eng satoshi/c-method-semantics-20261001 5f25cc1 (regime fold-boundary tests); financial-data satoshi/c-method-semantics-20261001 99766205 METHOD_SEMANTICS_DOSSIER_2026_10_01.md §2 (per-producer table) and §5",fitted outside any fold and labels chosen from forward returns: refused until refit on fold TRAIN,lane C,
"ohlc_price_bar_intraday (FX G10 HistData, crypto spot/perp Binance; 50 assets x 5m/15m/1h/4h)",wavelet,NATIVE_DWT_DB4_TRAILING_WINDOW,implemented,True,True,False,False,False,False,False,0,financial-data satoshi/b-native-wavelet-20261001 028f42847 _scripts/lib/native_wavelet.py (tests 8/8 on coordinator); lane C repointed test green on that tree (financial-data satoshi/c-method-semantics-20261001 1c2ccc88f); the Stage 2.3 worker still emits only the proxy,"implemented only: NOT materialized on lake data, NOT temporally verified on lake data, NOT profiled, NOT evaluated",lane B (materialize/profile) / lane C (verdict),"causal trailing-window pywt DWT producer with frozen TRAIN windows, card method block per predictor satoshi/c-contracts-20261001 f509955f (representation_candidate_card.v1 method block); the successor must not keep the worker's hard-coded user-home PROJECT3_ROOT default (line 22), and the existing worker is not edited in place"
"ohlc_price_bar_intraday (FX G10 HistData, crypto spot/perp Binance; 50 assets x 5m/15m/1h/4h)",wavelet,PROXY_ROLLING_MEAN_MULTISCALE_16_32_64_128,materialized,True,True,True,False,False,False,False,200,"wavelet.parquet; financial-data satoshi/c-method-semantics-20261001 99766205 METHOD_SEMANTICS_DOSSIER_2026_10_01.md §2 (per-producer table) and §5: MULTISCALE_ROLLING_MEAN_PROXY, proxy_of DWT_DB4",,lane C (temporal) / lane B,keep with honest method id; never certifies native wavelet
"ohlc_price_bar_intraday (FX G10 HistData, crypto spot/perp Binance; 50 assets x 5m/15m/1h/4h)",hilbert,"NATIVE_SCIPY_HILBERT_TRAILING_WINDOW (ht_inst_freq == ht_phase_difference, rad/bar)",excluded,True,True,True,False,False,False,False,200,hilbert.parquet; financial-data satoshi/c-method-semantics-20261001 99766205 METHOD_SEMANTICS_DOSSIER_2026_10_01.md §2 (per-producer table) and §5,"temporal verification VIOLATED for n<1,000 rows and for restart/chunked replay (grid anchored at input start); radians per bar, no physical interval; feature age up to step-1 bars (forward-filled endpoints)",lane C,"freeze window from TRAIN, prefix/restart invariance test, declare units and feature age"
"ohlc_price_bar_intraday (FX G10 HistData, crypto spot/perp Binance; 50 assets x 5m/15m/1h/4h)",multitaper,NATIVE_DPSS (cycles per bar),excluded,True,True,True,False,False,False,False,200,multitaper.parquet; financial-data satoshi/c-method-semantics-20261001 99766205 METHOD_SEMANTICS_DOSSIER_2026_10_01.md §2 (per-producer table) and §5,"temporal verification VIOLATED for n<1,000 rows and restart/chunked replay; cycles per bar, no physical interval; endpoints every 512/256/96/32 bars, feature age up to step-1 bars",lane C,freeze windows from TRAIN; restart test
"ohlc_price_bar_intraday (FX G10 HistData, crypto spot/perp Binance; 50 assets x 5m/15m/1h/4h)",stl,PREDICTOR_STL_PREPROCESSOR,deferred,True,True,False,False,False,False,False,0,predictor stl preprocessor exists; M03 profiles compute STL strength descriptively only,not materialized as causal channels; a global STL is non-causal,lane C,rolling causal STL recipe or explicit exclusion
"ohlc_price_bar_intraday (FX G10 HistData, crypto spot/perp Binance; 50 assets x 5m/15m/1h/4h)",emd,EMD_BACKEND_UNDECLARED (PyEMD or rolling proxy),excluded,True,True,True,False,False,False,False,200,"emd.parquet; financial-data satoshi/c-method-semantics-20261001 99766205 METHOD_SEMANTICS_DOSSIER_2026_10_01.md §2 (per-producer table) and §5: silent proxy fallback when PyEMD is absent (absent on the coordinator) or n>80,000; no backend recorded in sidecars or logs",method id of the materialized bytes is unknown,lane C,record backend per file or regenerate with a declared method
"ohlc_price_bar_intraday (FX G10 HistData, crypto spot/perp Binance; 50 assets x 5m/15m/1h/4h)",calendar_time,HOD_DOW_SIN_COS,profiled,True,True,False,False,True,False,False,0,d4 hod/dow columns profiled,not materialized per asset in financial-data,lane B,emit from the bar timestamp with declared timezone
"ohlc_price_bar_intraday (FX G10 HistData, crypto spot/perp Binance; 50 assets x 5m/15m/1h/4h)",event_overlap,CALENDAR_JOIN,deferred,True,False,False,False,False,False,False,0,needs the FXMacroData availability contract,no admissible calendar availability yet,lane C (study) / lane B (feature),
"ohlc_price_bar_intraday (FX G10 HistData, crypto spot/perp Binance; 50 assets x 5m/15m/1h/4h)",learned_cnn_lstm,AUTOENCODER_FIT_TRAIN_LT_2024_EARLYSTOP_ON_2024,deferred,True,True,True,False,False,False,False,80,stage24 cnn/lstm autoencoder workers; lane B SOTA_PRODUCERS.v1.json,"donor early-stopped on 2024, the task's validation year",M02,refit inside inner TRAIN folds; donor manifest
"ohlc_price_bar_intraday (FX G10 HistData, crypto spot/perp Binance; 50 assets x 5m/15m/1h/4h)",learned_branch_core_ae,PREDICTOR_MODULAR_PRETRAIN (M01/M02),deferred,True,True,False,False,False,False,False,0,tools/modular_pretrain.py; donors trained on TSL/synthetic so far,no financial donor,M02,
"ohlc_price_bar_intraday (FX G10 HistData, crypto spot/perp Binance; 50 assets x 5m/15m/1h/4h)",sota_intrabar_realized,REALIZED_MOMENTS_FROM_LOWER_FREQUENCY_LABEL_LEFT,deferred,True,True,True,False,False,False,False,10,financial-data stage25_sota_feature_enrichment_worker.py@ef0ba661; lane B SOTA_PRODUCERS.v1.json,label-left: value stamped at bar open summarizes the whole bar (available one bar later),lane C (test) / lane B,shift one bar before any join; temporal test
"ohlc_price_bar_intraday (FX G10 HistData, crypto spot/perp Binance; 50 assets x 5m/15m/1h/4h)",sota_pair_spreads,OLS_HEDGE_RATIO_FIXED_CUT_2024_01_01,deferred,True,True,True,False,False,False,False,10,financial-data stage25_sota_feature_enrichment_worker.py@ef0ba661; lane B SOTA_PRODUCERS.v1.json,"hedge ratio fitted before a hard-coded cut (full-series fallback below 500 rows), not fold-bound",lane B,fit inside each TRAIN fold in a successor
"ohlc_price_bar_intraday (FX G10 HistData, crypto spot/perp Binance; 50 assets x 5m/15m/1h/4h)",sota_funding_term_structure,TRAILING_FUNDING_EVENT_MEANS_ASOF_BACKWARD,deferred,True,True,True,False,False,False,False,6,financial-data stage25_sota_feature_enrichment_worker.py@ef0ba661; lane B SOTA_PRODUCERS.v1.json,past-only only if fundingTime is the publication instant (unconfirmed),lane B,confirm fundingTime semantics; temporal test
"ohlc_price_bar_intraday (FX G10 HistData, crypto spot/perp Binance; 50 assets x 5m/15m/1h/4h)",surprise,NA,NOT_APPLICABLE,,,,,,,,0,,a price bar has no consensus/actual; surprise belongs to the event source and reaches bars via event_overlap,lane B,
"ohlc_price_bar_intraday (FX G10 HistData, crypto spot/perp Binance; 50 assets x 5m/15m/1h/4h)",revision,NA,NOT_APPLICABLE,,,,,,,,0,,"a traded price is not revised; vendor corrections are a data-quality matter, not a revision feature",lane B,
"daily_market_series (Yahoo indices/ETFs/commodity futures/EM FX/VIX, resampled into intraday cross-source files)",raw,CROSS_SOURCE_RESAMPLED_FFILL,profiled,True,True,True,False,True,False,False,1480,cross_source_features; c162 profiles (474 Yahoo columns),daily values propagated to intraday rows: propagation is not observation (subplan 4.1),lane B,
"daily_market_series (Yahoo indices/ETFs/commodity futures/EM FX/VIX, resampled into intraday cross-source files)",returns_logreturns,DAILY_RETURN,applicable,True,False,False,False,False,False,False,0,not materialized,,lane B,compact grid
"daily_market_series (Yahoo indices/ETFs/commodity futures/EM FX/VIX, resampled into intraday cross-source files)",statistical_rolling_moments,CROSS_SOURCE_STATISTICAL,materialized,True,True,True,False,False,False,False,1464,features/cross_source_statistical,,lane B,"producer location, temporal test, profile"
"daily_market_series (Yahoo indices/ETFs/commodity futures/EM FX/VIX, resampled into intraday cross-source files)",technical_trend,STAGE22_TECHNICAL,deferred,True,False,False,False,False,False,False,0,OHLCV exists for indices; not materialized,not in the first compact grid,lane B,
"daily_market_series (Yahoo indices/ETFs/commodity futures/EM FX/VIX, resampled into intraday cross-source files)",wavelet,NOT_MATERIALIZED,deferred,True,False,False,False,False,False,False,0,,daily series; spectral producers read trading assets only,lane B,
"daily_market_series (Yahoo indices/ETFs/commodity futures/EM FX/VIX, resampled into intraday cross-source files)",hilbert,NOT_MATERIALIZED,deferred,True,False,False,False,False,False,False,0,,daily series; spectral producers read trading assets only,lane B,
"daily_market_series (Yahoo indices/ETFs/commodity futures/EM FX/VIX, resampled into intraday cross-source files)",multitaper,NOT_MATERIALIZED,deferred,True,False,False,False,False,False,False,0,,daily series; spectral producers read trading assets only,lane B,
"daily_market_series (Yahoo indices/ETFs/commodity futures/EM FX/VIX, resampled into intraday cross-source files)",emd,NOT_MATERIALIZED,deferred,True,False,False,False,False,False,False,0,,daily series; spectral producers read trading assets only,lane B,
"daily_market_series (Yahoo indices/ETFs/commodity futures/EM FX/VIX, resampled into intraday cross-source files)",surprise,NA,NOT_APPLICABLE,,,,,,,,0,,"index levels are market prices, not scheduled releases with consensus",lane B,
"single_macro_value (FRED, OECD, BEA)",raw,CROSS_SOURCE_RESAMPLED_FFILL,profiled,True,True,True,False,True,False,False,0,"c162 profiles (FRED 31, OECD 4 columns)",latest-vintage values only,lane B,
"single_macro_value (FRED, OECD, BEA)",differences,PCT_CHANGE,applicable,True,False,False,False,False,False,False,0,not materialized,,lane B,
"single_macro_value (FRED, OECD, BEA)",statistical_rolling_moments,CROSS_SOURCE_STATISTICAL,materialized,True,True,True,False,False,False,False,0,cross_source_statistical,,lane B,
"single_macro_value (FRED, OECD, BEA)",revision,ALFRED_VINTAGES,excluded,True,False,False,False,False,False,False,0,no vintages captured,REVISED_SERIES_WITHOUT_VINTAGES; first release unknown,lane B (source),ALFRED vintage capture for series used point-in-time
"single_macro_value (FRED, OECD, BEA)",surprise,CONSENSUS_MINUS_ACTUAL,excluded,True,False,False,False,False,False,False,0,no consensus source overlaps (data-gov registry),NO_CONSENSUS_AT_ALL,lane B,
"single_macro_value (FRED, OECD, BEA)",technical_trend,NA,NOT_APPLICABLE,,,,,,,,0,,"an OHLC/volume indicator needs open, high, low, close (and volume); this input is a single value per observation",lane B,
"single_macro_value (FRED, OECD, BEA)",technical_momentum,NA,NOT_APPLICABLE,,,,,,,,0,,"an OHLC/volume indicator needs open, high, low, close (and volume); this input is a single value per observation",lane B,
"single_macro_value (FRED, OECD, BEA)",technical_volatility,NA,NOT_APPLICABLE,,,,,,,,0,,"an OHLC/volume indicator needs open, high, low, close (and volume); this input is a single value per observation",lane B,
"single_macro_value (FRED, OECD, BEA)",technical_volume,NA,NOT_APPLICABLE,,,,,,,,0,,"an OHLC/volume indicator needs open, high, low, close (and volume); this input is a single value per observation",lane B,
"single_macro_value (FRED, OECD, BEA)",multitaper,NOT_MATERIALIZED,deferred,True,False,False,False,False,False,False,0,,monthly/quarterly series give too few TRAIN points for a stable spectrum,lane B,
event_calendar (FXMacroData announcements and release calendar),raw,FXMACRODATA_RAW,profiled,True,True,True,False,True,False,False,0,8 contracted appearances; c162 profiled 24 columns; data-gov registry 2026-09-26,availability contract absent,lane B,
event_calendar (FXMacroData announcements and release calendar),release_timing,FEATURE_ENG_ECONOMIC_CALENDAR (CL16: release vs available clocks),temporally_verified,True,True,False,True,False,False,False,0,feature-eng app/economic_calendar.py with 37 tests (publication and receipt boundaries),not materialized on lake data,lane B,materialize after the availability contract
event_calendar (FXMacroData announcements and release calendar),surprise,RELEASE_AND_AVAILABLE_SURPRISE,excluded,True,True,False,False,False,False,False,0,feature-eng economic_calendar.py,NO_CONSENSUS_AT_ALL for FXMacroData; no vintage may be invented,lane B,
event_calendar (FXMacroData announcements and release calendar),revision,REVISION_SURPRISE,excluded,True,True,False,False,False,False,False,0,,NO_REVISION_HISTORY,lane B,
event_calendar (FXMacroData announcements and release calendar),event_overlap,EVENT_WINDOW_FLAGS,deferred,True,False,False,False,False,False,False,0,lane C PS3-C episodes,,lane C,
event_calendar (FXMacroData announcements and release calendar),technical_trend,NA,NOT_APPLICABLE,,,,,,,,0,,"irregular event records, not a regularly sampled level: spectral/OHLC transforms are undefined on them",lane B,
event_calendar (FXMacroData announcements and release calendar),wavelet,NA,NOT_APPLICABLE,,,,,,,,0,,"irregular event records, not a regularly sampled level: spectral/OHLC transforms are undefined on them",lane B,
event_calendar (FXMacroData announcements and release calendar),hilbert,NA,NOT_APPLICABLE,,,,,,,,0,,"irregular event records, not a regularly sampled level: spectral/OHLC transforms are undefined on them",lane B,
event_calendar (FXMacroData announcements and release calendar),multitaper,NA,NOT_APPLICABLE,,,,,,,,0,,"irregular event records, not a regularly sampled level: spectral/OHLC transforms are undefined on them",lane B,
"onchain_count (CoinMetrics, Etherscan, Blockchain.com, mempool.space, CryptoQuant, DeFiLlama)",raw,CROSS_SOURCE_RESAMPLED_FFILL,profiled,True,True,True,False,True,False,False,0,CoinMetrics 36 columns profiled; CryptoQuant 388 appearances unprofiled,CryptoQuant producer UNRESOLVED in census,lane B,
"onchain_count (CoinMetrics, Etherscan, Blockchain.com, mempool.space, CryptoQuant, DeFiLlama)",returns_logreturns,LOG_DIFF,applicable,True,False,False,False,False,False,False,0,not materialized,,lane B,
"onchain_count (CoinMetrics, Etherscan, Blockchain.com, mempool.space, CryptoQuant, DeFiLlama)",statistical_rolling_moments,CROSS_SOURCE_STATISTICAL,materialized,True,True,True,False,False,False,False,0,cross_source_statistical,,lane B,
"onchain_count (CoinMetrics, Etherscan, Blockchain.com, mempool.space, CryptoQuant, DeFiLlama)",technical_trend,NA,NOT_APPLICABLE,,,,,,,,0,,"an OHLC/volume indicator needs open, high, low, close (and volume); this input is a single value per observation",lane B,
"onchain_count (CoinMetrics, Etherscan, Blockchain.com, mempool.space, CryptoQuant, DeFiLlama)",multitaper,NOT_MATERIALIZED,deferred,True,False,False,False,False,False,False,0,,not in the first grid,lane B,
positioning (FINRA short volume / short interest; CFTC COT),raw,FINRA_FILES (outside census),materialized,True,True,True,False,False,False,False,0,4 files,"not in census, no TRAIN contract",lane B,census entry and publication clock
positioning (FINRA short volume / short interest; CFTC COT),raw,CFTC_COT,deferred,True,False,False,False,False,False,False,0,no parquet/csv retained,NOT_PRESENT as data files,owner decides scope,
positioning (FINRA short volume / short interest; CFTC COT),technical_trend,NA,NOT_APPLICABLE,,,,,,,,0,,"an OHLC/volume indicator needs open, high, low, close (and volume); this input is a single value per observation",lane B,
"public_benchmark_channel (TSL Electricity, Traffic, Weather)",raw,RAW_CHANNELS,profiled,True,True,True,False,True,False,False,0,"lane B full-TRAIN profiles, 1 204 channels",,lane B,
"public_benchmark_channel (TSL Electricity, Traffic, Weather)",normalization,TSL_TRAIN_STANDARD_SCALER (author),temporally_verified,True,True,False,True,False,False,False,0,author protocol,,M04/M06,
"public_benchmark_channel (TSL Electricity, Traffic, Weather)",fracdiff,AUTHOR_PROTOCOL,excluded,True,False,False,False,False,False,False,0,,literature reproduction keeps the author protocol exactly (orders); alternative transforms are separate variants,M04,
"public_benchmark_channel (TSL Electricity, Traffic, Weather)",technical_trend,AUTHOR_PROTOCOL,excluded,True,False,False,False,False,False,False,0,,literature reproduction keeps the author protocol exactly (orders); alternative transforms are separate variants,M04,
"public_benchmark_channel (TSL Electricity, Traffic, Weather)",wavelet,AUTHOR_PROTOCOL,excluded,True,False,False,False,False,False,False,0,,literature reproduction keeps the author protocol exactly (orders); alternative transforms are separate variants,M04,
"public_benchmark_channel (TSL Electricity, Traffic, Weather)",hilbert,AUTHOR_PROTOCOL,excluded,True,False,False,False,False,False,False,0,,literature reproduction keeps the author protocol exactly (orders); alternative transforms are separate variants,M04,
"public_benchmark_channel (TSL Electricity, Traffic, Weather)",multitaper,AUTHOR_PROTOCOL,excluded,True,False,False,False,False,False,False,0,,literature reproduction keeps the author protocol exactly (orders); alternative transforms are separate variants,M04,
"public_benchmark_channel (TSL Electricity, Traffic, Weather)",stl,AUTHOR_PROTOCOL,excluded,True,False,False,False,False,False,False,0,,literature reproduction keeps the author protocol exactly (orders); alternative transforms are separate variants,M04,
"public_benchmark_channel (TSL Electricity, Traffic, Weather)",emd,AUTHOR_PROTOCOL,excluded,True,False,False,False,False,False,False,0,,literature reproduction keeps the author protocol exactly (orders); alternative transforms are separate variants,M04,
"public_benchmark_channel (TSL Electricity, Traffic, Weather)",market_state_learned_hmm,AUTHOR_PROTOCOL,excluded,True,False,False,False,False,False,False,0,,literature reproduction keeps the author protocol exactly (orders); alternative transforms are separate variants,M04,
"public_benchmark_channel (TSL Electricity, Traffic, Weather)",sentinel_cleaning,WEATHER_MINUS_9999_POLICY,deferred,True,False,False,False,False,False,False,0,3 Weather channels hit -9999,"separate variant; M02 proposes, coordinator rules",M02,
legacy_derived_views (phase-1b d4 indicators; ETH 4h tech/stat model-ready),raw,ALREADY_DERIVED_COLUMNS,profiled,True,True,True,False,True,False,False,0,"lane B full-TRAIN profiles (d4 23, ETH 83) and the ETH PS2 screen 397b67d6",a screen is not an evaluation,lane B,
filings_text (SEC EDGAR),raw,SEC_EDGAR_FILES,deferred,True,False,True,False,False,False,False,0,2 files,text features not in scope of this batch,owner decides scope,
