dataset_id,profile_scope,constant,finite_count,maximum,mean,minimum,missing_count,name,numeric_fraction,observation_count,physical_dtype,profile_sha256,role,std,unique_count,unit
financial_data.project3.ethusdt_4h_tech_stat.model_ready.v1,legacy full-dataset summary; NOT TRAIN-certified,False,0,,,,0,DATE_TIME,0.0,18085,str,abc1d27dce202de004262abff4bb72f82f56a8c7d09ada88d3048420e8856c67,timestamp,,18085,utc_timestamp
financial_data.project3.ethusdt_4h_tech_stat.model_ready.v1,legacy full-dataset summary; NOT TRAIN-certified,False,18085,4838.713333333333,1664.0517819555798,82.64,0,typical_price,1.0,18085,float64,96d9f4beeb143ec558ba702778cf2c7f77fff13a8201d0d23ceceefc33c905fb,input_candidate,1296.6561379108407,17848,quote_currency_per_base_asset
financial_data.project3.ethusdt_4h_tech_stat.model_ready.v1,legacy full-dataset summary; NOT TRAIN-certified,False,18085,4846.94,1664.5674940558476,82.16,0,OPEN,1.0,18085,float64,407671cef99968dd11c8aeea66e61a0b83189cbab0ffc25c05644f488beac9af,market_observation,1297.1367969323817,17183,quote_currency_per_base_asset
financial_data.project3.ethusdt_4h_tech_stat.model_ready.v1,legacy full-dataset summary; NOT TRAIN-certified,False,18085,4956.78,1683.5033099253524,83.68,0,HIGH,1.0,18085,float64,f5af8dfb458ca0b017bf38e29ce131f53a716ed38759071a8707b1758ff171de,market_observation,1310.6388855372716,16491,quote_currency_per_base_asset
financial_data.project3.ethusdt_4h_tech_stat.model_ready.v1,legacy full-dataset summary; NOT TRAIN-certified,False,18085,4796.48,1643.9403428255462,81.79,0,LOW,1.0,18085,float64,36836c94937774750a3aa94cd236445ba0e93e4cb61f34191ce521d7217d3b3a,market_observation,1282.5386166225817,16542,quote_currency_per_base_asset
financial_data.project3.ethusdt_4h_tech_stat.model_ready.v1,legacy full-dataset summary; NOT TRAIN-certified,False,18085,4846.71,1664.7116931158419,82.17,0,CLOSE,1.0,18085,float64,9003de2f40463c0b167af3101f6bdb670bd2127d938e9d734e70d06f5596d4b8,market_observation,1297.1368468282365,17273,quote_currency_per_base_asset
financial_data.project3.ethusdt_4h_tech_stat.model_ready.v1,legacy full-dataset summary; NOT TRAIN-certified,False,18085,1531897.38404,89725.54775092176,148.96389,0,VOLUME,1.0,18085,float64,58bd1521169b10d3ab7e73811f4586d30a845692132faa9a87d1a8c58c3747c5,market_observation,90173.79559758662,18085,base_asset_units
financial_data.project3.ethusdt_4h_tech_stat.model_ready.v1,legacy full-dataset summary; NOT TRAIN-certified,False,18085,0.17098871,0.0002943770992299143,-0.22078486,0,return_1,1.0,18085,float64,3b835c189971f0bb3666aab28ba67c773788bd5ac8c704f5cdbca7210fde2a98,input_candidate,0.018358687507527942,18063,dimensionless
financial_data.project3.ethusdt_4h_tech_stat.model_ready.v1,legacy full-dataset summary; NOT TRAIN-certified,False,18085,0.15784843,0.0001252697889430578,-0.24946809,0,log_return_1,1.0,18085,float64,b36e3822d32ea535f2893c565e130230be02f6d87a6c412d953df637c024b62b,input_candidate,0.01841203804772707,18062,dimensionless
financial_data.project3.ethusdt_4h_tech_stat.model_ready.v1,legacy full-dataset summary; NOT TRAIN-certified,False,18085,0.30656347,0.0014774238313636327,-0.4110771,0,return_5,1.0,18085,float64,7f6e42fe98eb883ede4dac3e8ca380096879034731c1684d87de6a41b624d8ee,input_candidate,0.04097898142865892,18076,dimensionless
financial_data.project3.ethusdt_4h_tech_stat.model_ready.v1,legacy full-dataset summary; NOT TRAIN-certified,False,18085,0.26740038,0.0006310599639540226,-0.5294601,0,log_return_5,1.0,18085,float64,dda4ffa821ca70d71b48fa24a4bbeb8b474996b27b121ef1ad69a686495e1655,input_candidate,0.041258752306880274,18078,dimensionless
financial_data.project3.ethusdt_4h_tech_stat.model_ready.v1,legacy full-dataset summary; NOT TRAIN-certified,False,18085,0.4262314,0.002931021623550208,-0.45827264,0,return_10,1.0,18085,float64,808d6e36fc8d7d285fb6be9a1f2cae2f78d0c5c35975dcdf6439ddbc9f4b954d,input_candidate,0.05739567319628512,18080,dimensionless
financial_data.project3.ethusdt_4h_tech_stat.model_ready.v1,legacy full-dataset summary; NOT TRAIN-certified,False,18085,0.3550356,0.001275471702751562,-0.6129924,0,log_return_10,1.0,18085,float64,a6e53833015bd4fd59cac0825714248b1d19f625d40ab79cf9dc214f00b27134,input_candidate,0.0576894340562083,18080,dimensionless
financial_data.project3.ethusdt_4h_tech_stat.model_ready.v1,legacy full-dataset summary; NOT TRAIN-certified,False,18085,0.65213525,0.005977892956527907,-0.44565552,0,return_20,1.0,18085,float64,c323bde2da6ffd1b39fef87a9939f97c9b0b4ea1a5f57756fd81f7de664240a4,input_candidate,0.08286809390826255,18079,dimensionless
financial_data.project3.ethusdt_4h_tech_stat.model_ready.v1,legacy full-dataset summary; NOT TRAIN-certified,False,18085,0.5020685,0.002559105355977003,-0.589969,0,log_return_20,1.0,18085,float64,382b9a72af2d4fae2910d538afbf1b4418b875eb334c40afbb0fa565551f6b87,input_candidate,0.08273618251918306,18079,dimensionless
financial_data.project3.ethusdt_4h_tech_stat.model_ready.v1,legacy full-dataset summary; NOT TRAIN-certified,False,18085,0.93415284,0.018989198834011612,-0.5665903,0,return_60,1.0,18085,float64,d15632010aebc4722a4d15920cd993cbf2ac051112e3ec1ea965a94194bdb29a,input_candidate,0.1525811492231817,18081,dimensionless
financial_data.project3.ethusdt_4h_tech_stat.model_ready.v1,legacy full-dataset summary; NOT TRAIN-certified,False,18085,0.6596694,0.0077820430303207075,-0.8360718,0,log_return_60,1.0,18085,float64,ec39f5b17df1c9a0eea9e3c79bf7014854dd28a8d482e2d481e57fae335d2b4a,input_candidate,0.14887924948812303,18081,dimensionless
financial_data.project3.ethusdt_4h_tech_stat.model_ready.v1,legacy full-dataset summary; NOT TRAIN-certified,False,18085,4770.2,1664.0455949682055,84.07,0,sma_10,1.0,18085,float64,4b1bab50199218bab9817692aaffb3f874cb908a2389570919f13b0c685a4365,input_candidate,1296.415073544729,18007,UNDECLARED
financial_data.project3.ethusdt_4h_tech_stat.model_ready.v1,legacy full-dataset summary; NOT TRAIN-certified,False,18085,4752.57,1664.0460102032073,84.227394,0,ema_10,1.0,18085,float64,d66760c697fc0b4b66d284cd2dd0393407dd3c8f37b94a8e497dab1ad0c98904,input_candidate,1296.0610146329163,18079,UNDECLARED
financial_data.project3.ethusdt_4h_tech_stat.model_ready.v1,legacy full-dataset summary; NOT TRAIN-certified,False,18085,0.22016647,0.0007726758658387116,-0.34711525,0,close_sma_ratio_10,1.0,18085,float64,d70991bb4013e069aa9c8d926f12bd6c496eba31f4391ee981b2d84262dd9145,input_candidate,0.030809452948828565,18083,UNDECLARED
financial_data.project3.ethusdt_4h_tech_stat.model_ready.v1,legacy full-dataset summary; NOT TRAIN-certified,False,18085,4740.7817,1663.305878518109,85.0745,0,sma_20,1.0,18085,float64,9e8a5543118bcf53471888ef836c433bc9ab221afec5ced3b182d65818016993,input_candidate,1295.7106841486302,18044,UNDECLARED
financial_data.project3.ethusdt_4h_tech_stat.model_ready.v1,legacy full-dataset summary; NOT TRAIN-certified,False,18085,4714.2363,1663.3066488241636,85.60095,0,ema_20,1.0,18085,float64,89ecc10a3d0c6cd481d69e60bf4be0de42edbd298b73c399d46c6c99ba0c7b55,input_candidate,1294.98010497583,18081,UNDECLARED
financial_data.project3.ethusdt_4h_tech_stat.model_ready.v1,legacy full-dataset summary; NOT TRAIN-certified,False,18085,0.30003762,0.001693591518748471,-0.41028473,0,close_sma_ratio_20,1.0,18085,float64,54267b7359d44b48691503cd1354e1a19e98704e375524ec4271a3f6a9454c2c,input_candidate,0.04538255611234508,18085,UNDECLARED
financial_data.project3.ethusdt_4h_tech_stat.model_ready.v1,legacy full-dataset summary; NOT TRAIN-certified,False,18085,4686.3457,1661.0916840696711,87.8264,0,sma_50,1.0,18085,float64,ddd3f79a7a64412ce24e71ab3ae4674688ff0cee8d63ecaa786ef65708f7cb92,input_candidate,1293.5830595931363,18061,UNDECLARED
financial_data.project3.ethusdt_4h_tech_stat.model_ready.v1,legacy full-dataset summary; NOT TRAIN-certified,False,18085,4636.0176,1661.083767127509,88.770645,0,ema_50,1.0,18085,float64,50fed93e9bf4be65968a3e82d91b7b9d69a3ee16caa2d17ad09c1b8a5d915e06,input_candidate,1291.7288803936246,18077,UNDECLARED
financial_data.project3.ethusdt_4h_tech_stat.model_ready.v1,legacy full-dataset summary; NOT TRAIN-certified,False,18085,0.44982064,0.004607897534307106,-0.4857074,0,close_sma_ratio_50,1.0,18085,float64,85547169906bda697e25015f23438e3ea161ba6dc077c120030ccdcd25bff572,input_candidate,0.07565074825026774,18083,UNDECLARED
financial_data.project3.ethusdt_4h_tech_stat.model_ready.v1,legacy full-dataset summary; NOT TRAIN-certified,False,18085,4563.6997,1657.3817748133813,93.27,0,sma_100,1.0,18085,float64,8f31a342a94a2143886fb6c3e9d252de7c5992edb0e6dd2cb9a36ea6110dbb97,input_candidate,1289.9854982203071,18073,UNDECLARED
financial_data.project3.ethusdt_4h_tech_stat.model_ready.v1,legacy full-dataset summary; NOT TRAIN-certified,False,18085,4534.089,1657.3409555594137,97.118195,0,ema_100,1.0,18085,float64,7d529bf397c8ce2e4c04d9b157c8dd26fa5ff3a07e240b8a2e2abb0168729768,input_candidate,1286.2240035436653,18079,UNDECLARED
financial_data.project3.ethusdt_4h_tech_stat.model_ready.v1,legacy full-dataset summary; NOT TRAIN-certified,False,18085,0.5962326,0.009557435190951728,-0.5074796,0,close_sma_ratio_100,1.0,18085,float64,6433167925f64c8da810ec5efa91c79917270dcaf075aa90c258cc49d4d643f6,input_candidate,0.11111907969651022,18084,UNDECLARED
financial_data.project3.ethusdt_4h_tech_stat.model_ready.v1,legacy full-dataset summary; NOT TRAIN-certified,False,18085,4459.5,1649.7986405424385,105.8688,0,sma_200,1.0,18085,float64,2a7b7535a9336fbbfdc1c741435015c50476addd207bb62caba4932691cb4dbd,input_candidate,1282.6705306861809,18069,UNDECLARED
financial_data.project3.ethusdt_4h_tech_stat.model_ready.v1,legacy full-dataset summary; NOT TRAIN-certified,False,18085,4394.4434,1649.617845234559,114.942085,0,ema_200,1.0,18085,float64,e679971d59597940f06279c374e36ebfc475383817647492737f7f2275128efb,input_candidate,1274.3722198388036,18074,UNDECLARED
financial_data.project3.ethusdt_4h_tech_stat.model_ready.v1,legacy full-dataset summary; NOT TRAIN-certified,False,18085,0.81292504,0.01983085746991955,-0.5471814,0,close_sma_ratio_200,1.0,18085,float64,c30cd05f6b753ce56b32b5043fc997633ed1aa444e8ee073b893fc5ce3f791be,input_candidate,0.16570092905616549,18077,UNDECLARED
financial_data.project3.ethusdt_4h_tech_stat.model_ready.v1,legacy full-dataset summary; NOT TRAIN-certified,False,18085,197.75465,1.0349461523918828,-301.34576,0,macd,1.0,18085,float64,b71d6c32556a7237dfa479b7a34d2c9add1d72c3ec4ab932b1e6f43f4fe2f995,input_candidate,38.40483758805459,18085,UNDECLARED
financial_data.project3.ethusdt_4h_tech_stat.model_ready.v1,legacy full-dataset summary; NOT TRAIN-certified,False,18085,170.45755,1.0345435728433876,-246.2766,0,macd_signal,1.0,18085,float64,a4eb1b4372f0b0c4907f425bf483fa385b90a86665d3c3b2bfc14a628bdda898,input_candidate,36.267528264784964,18083,UNDECLARED
financial_data.project3.ethusdt_4h_tech_stat.model_ready.v1,legacy full-dataset summary; NOT TRAIN-certified,False,18085,92.15402,0.0004025798949267222,-88.34905,0,macd_hist,1.0,18085,float64,1310e2fe43866be2860036197b6ac809dfd1ee0fd3e9eb3c90bf3568a528ba7e,input_candidate,11.299345000982996,18084,UNDECLARED
financial_data.project3.ethusdt_4h_tech_stat.model_ready.v1,legacy full-dataset summary; NOT TRAIN-certified,False,18085,96.83711,50.94357058398673,1.7290401,0,rsi_7,1.0,18085,float64,eb41c46d1c92367495e0ff6855a9f1c831340beb9c66a28401e35e3d6b7755a4,input_candidate,17.367576643278078,18060,UNDECLARED
financial_data.project3.ethusdt_4h_tech_stat.model_ready.v1,legacy full-dataset summary; NOT TRAIN-certified,False,18085,91.20839,50.836480124821676,6.1333365,0,rsi_14,1.0,18085,float64,037b81cab16a01b29897d982c5d87832c7e17d24df42a115a468b62bb44053c2,input_candidate,12.938672084033415,18061,UNDECLARED
financial_data.project3.ethusdt_4h_tech_stat.model_ready.v1,legacy full-dataset summary; NOT TRAIN-certified,False,18085,87.24315,50.76661715631739,10.921005,0,rsi_21,1.0,18085,float64,49b955de5f45b9800ee46f8e36ae677270a7da2e0f1cd7d9bb5586b0884eeb1d,input_candidate,10.887123846103693,18053,UNDECLARED
financial_data.project3.ethusdt_4h_tech_stat.model_ready.v1,legacy full-dataset summary; NOT TRAIN-certified,False,18085,100.0,53.23631124540076,0.0020585028,0,stoch_k,1.0,18085,float64,b0082055404d228c436870f7d4c4d91ae38783c991a6be68a727aca0604a7daa,input_candidate,26.888611912203398,17986,UNDECLARED
financial_data.project3.ethusdt_4h_tech_stat.model_ready.v1,legacy full-dataset summary; NOT TRAIN-certified,False,18085,98.57021,53.238169970765824,2.4129453,0,stoch_d,1.0,18085,float64,f86128417c6509d3996089b8f0dee95ab47992ae9e6761cd37e65b9021400d46,input_candidate,25.051653919367894,18078,UNDECLARED
financial_data.project3.ethusdt_4h_tech_stat.model_ready.v1,legacy full-dataset summary; NOT TRAIN-certified,False,18085,-0.0,-46.76368873272326,-99.99794,0,williams_r_14,1.0,18085,float64,1a7c2d82a92dc7c064ee6519416257403e20fe0b94ace05c0eb9bf67dfd9c6a9,input_candidate,26.88861188791046,17986,UNDECLARED
financial_data.project3.ethusdt_4h_tech_stat.model_ready.v1,legacy full-dataset summary; NOT TRAIN-certified,False,18085,469.2505,3.4890347404023223,-527.73395,0,cci_14,1.0,18085,float64,aa4f7bcaa0425750035a85c5948070bf9bf048cbe5cd473a77bcdd001514acb9,input_candidate,94.23850656553495,18084,UNDECLARED
financial_data.project3.ethusdt_4h_tech_stat.model_ready.v1,legacy full-dataset summary; NOT TRAIN-certified,False,18085,0.4262314,0.002931021623550208,-0.45827264,0,roc_10,1.0,18085,float64,5bdb1a362c9e49406bbae21cf93925d40b1f99587b1ac72718715d178d78dbe6,input_candidate,0.05739567319628512,18080,UNDECLARED
financial_data.project3.ethusdt_4h_tech_stat.model_ready.v1,legacy full-dataset summary; NOT TRAIN-certified,False,18085,0.65213525,0.005977892956527907,-0.44565552,0,roc_20,1.0,18085,float64,89e8154893b010e89658e0fbc1632853ba179596cf44d684c1ee9f10506be5be,input_candidate,0.08286809390826255,18079,UNDECLARED
financial_data.project3.ethusdt_4h_tech_stat.model_ready.v1,legacy full-dataset summary; NOT TRAIN-certified,False,18085,0.93415284,0.018989198834011612,-0.5665903,0,roc_60,1.0,18085,float64,5416f5f602c1514d450ab7ffe10dbb7cf863ee3f4d24997d11f53de5f41b3fa0,input_candidate,0.1525811492231817,18081,UNDECLARED
financial_data.project3.ethusdt_4h_tech_stat.model_ready.v1,legacy full-dataset summary; NOT TRAIN-certified,False,18085,735.69,1.4832231130771352,-1071.1,0,mom_10,1.0,18085,float64,7346af8ec7d32507a56ba7cba9d866de46cbe935cdc1ee605e4b6155b01e59a9,input_candidate,105.92076586990628,11867,UNDECLARED
financial_data.project3.ethusdt_4h_tech_stat.model_ready.v1,legacy full-dataset summary; NOT TRAIN-certified,False,18085,960.15,2.9601454243848484,-1194.53,0,mom_20,1.0,18085,float64,8b2681870d526402b0e4a0ef8f032cd1620e9e746ede72121833c0b1b2a318f1,input_candidate,150.49084602012803,13268,UNDECLARED
financial_data.project3.ethusdt_4h_tech_stat.model_ready.v1,legacy full-dataset summary; NOT TRAIN-certified,False,18085,5084.8374,1749.437976234946,87.770996,0,bb_upper,1.0,18085,float64,2afb73feeb4e121e7c7d72c5b5d172ae5bc1b4f333d8a8b54f72dec66bb38f19,input_candidate,1359.8836530880567,18078,UNDECLARED
financial_data.project3.ethusdt_4h_tech_stat.model_ready.v1,legacy full-dataset summary; NOT TRAIN-certified,False,18085,4740.7817,1663.305878518109,85.0745,0,bb_middle,1.0,18085,float64,961d06d8b71a2fa9c9a7fad61657a6fe3a669963a699a63cb095a69dcee2a5f7,input_candidate,1295.7106841486302,18044,UNDECLARED
financial_data.project3.ethusdt_4h_tech_stat.model_ready.v1,legacy full-dataset summary; NOT TRAIN-certified,False,18085,4629.431,1577.1737807525574,79.00882,0,bb_lower,1.0,18085,float64,80aacfda4a82fd663dfe9f18e8b4611bbe15527fdf11eb33f1a4c125daa265a5,input_candidate,1235.0841127941992,18077,UNDECLARED
financial_data.project3.ethusdt_4h_tech_stat.model_ready.v1,legacy full-dataset summary; NOT TRAIN-certified,False,18085,1.5292323,0.5162073414096826,-0.48829022,0,bb_pct_b,1.0,18085,float64,dbddef520404251291456ca488a5203b758b1b1b59f76c9e7ac340f9b8d51ff5,input_candidate,0.3296157942604487,18081,UNDECLARED
financial_data.project3.ethusdt_4h_tech_stat.model_ready.v1,legacy full-dataset summary; NOT TRAIN-certified,False,18085,0.85058117,0.11079210233633952,0.004810279,0,bb_width,1.0,18085,float64,55597d83ec7c61a01cd553186bca067101e0a4bdc919fc7d346fc92f519feaa2,input_candidate,0.08015698535867796,18080,UNDECLARED
financial_data.project3.ethusdt_4h_tech_stat.model_ready.v1,legacy full-dataset summary; NOT TRAIN-certified,False,18085,346.69928,39.55373118960465,1.215,0,atr_14,1.0,18085,float64,75c3177922676aad410c8042b2d66d769e81ceee19d295f6ce08cab082fdbcd9,input_candidate,36.956605583983865,16487,UNDECLARED
financial_data.project3.ethusdt_4h_tech_stat.model_ready.v1,legacy full-dataset summary; NOT TRAIN-certified,False,18085,0.16758285,0.025605683114149846,0.0029386822,0,natr_14,1.0,18085,float64,ff6cb1c8a750f5589be12a6d81d81bf0da1e53a7dccf31eec7a49a4dd64c070d,input_candidate,0.015052273794746876,18074,UNDECLARED
financial_data.project3.ethusdt_4h_tech_stat.model_ready.v1,legacy full-dataset summary; NOT TRAIN-certified,False,18085,0.38668784,0.04872993079743987,0.0029660035,0,hist_vol_10,1.0,18085,float64,3442552258b411630e94f33c3a6c81639e6672ecc402e7958aa6961aae975025,input_candidate,0.03198227391339717,18081,UNDECLARED
financial_data.project3.ethusdt_4h_tech_stat.model_ready.v1,legacy full-dataset summary; NOT TRAIN-certified,False,18085,0.38891152,0.07139885266942217,0.006889881,0,hist_vol_20,1.0,18085,float64,5cf33f7bbe37a9a44e1b9d0fec6f235af2e78ff74032bebdbdaf18ba4398fca1,input_candidate,0.04099041720701996,18079,UNDECLARED
financial_data.project3.ethusdt_4h_tech_stat.model_ready.v1,legacy full-dataset summary; NOT TRAIN-certified,False,18085,0.46001762,0.12848148915692562,0.022710608,0,hist_vol_60,1.0,18085,float64,2bc389e92901822de9670c7cd93d7fa3f995350c2d2d14324f5eecf408bedd7f,input_candidate,0.06191185094496959,18073,UNDECLARED
financial_data.project3.ethusdt_4h_tech_stat.model_ready.v1,legacy full-dataset summary; NOT TRAIN-certified,False,18085,0.18182701,-0.0011164520776509148,-0.40067184,0,ema_cross_10_50,1.0,18085,float64,c13a8436a9adc03bde90c000ab66364b90ec3046f3909c43e39635644d750662,input_candidate,0.0512249956219998,18084,UNDECLARED
financial_data.project3.ethusdt_4h_tech_stat.model_ready.v1,legacy full-dataset summary; NOT TRAIN-certified,False,18085,0.22956543,-0.002660544547780106,-0.5354047,0,ema_cross_20_100,1.0,18085,float64,e5255d419ab2d9148db0478f5069ea69a647f7aa7a0bebf5a227c6852c0a37e2,input_candidate,0.07484111493676017,18082,UNDECLARED
financial_data.project3.ethusdt_4h_tech_stat.model_ready.v1,legacy full-dataset summary; NOT TRAIN-certified,False,18085,0.013396568,0.00012972280055736799,-0.016006453,0,trend_slope_50,1.0,18085,float64,4258099ecd262969e6f1bc916fc766ec686383ab13a97ea3c99375fefb38294c,input_candidate,0.0027201805743809625,18081,UNDECLARED
financial_data.project3.ethusdt_4h_tech_stat.model_ready.v1,legacy full-dataset summary; NOT TRAIN-certified,False,18085,0.016006453,0.001961156291042223,0.0,0,trend_strength_50,1.0,18085,float64,a2a4d9c67a944b8cd74ea90150a35347e18a6f1ae977974e75b3243cded8ba1f,input_candidate,0.0018894645708055762,18077,UNDECLARED
financial_data.project3.ethusdt_4h_tech_stat.model_ready.v1,legacy full-dataset summary; NOT TRAIN-certified,False,18085,30933174.0,11932741.366385767,-7282970.5,0,obv,1.0,18085,float64,eb5840de6a905d97e419b05631e693848aeb6b1ef9a9327fdf9b60970c1db347,input_candidate,11545499.742144706,18061,UNDECLARED
financial_data.project3.ethusdt_4h_tech_stat.model_ready.v1,legacy full-dataset summary; NOT TRAIN-certified,False,18085,5777160.5,13081.1901959165,-4001238.2,0,obv_delta_20,1.0,18085,float64,2fab418bff8a03cc6643f80e3c67bab2c3909037010f2134c454e12a3ba4936f,input_candidate,575648.0012465926,18085,UNDECLARED
financial_data.project3.ethusdt_4h_tech_stat.model_ready.v1,legacy full-dataset summary; NOT TRAIN-certified,False,18085,788636.2,89715.57627173515,381.1775,0,volume_sma_10,1.0,18085,float64,d7d667bac26b95a549506264fdb8e24d83a18ae8afabb0452c8acb7f695820da,input_candidate,71227.72559203875,18081,UNDECLARED
financial_data.project3.ethusdt_4h_tech_stat.model_ready.v1,legacy full-dataset summary; NOT TRAIN-certified,False,18085,549969.56,89701.36128714294,469.09607,0,volume_sma_20,1.0,18085,float64,3935b2d82a8a516daa7d3cc51024fe980653bfeadc1765559ddfdfa86c11f896,input_candidate,66694.82683343082,18082,UNDECLARED
financial_data.project3.ethusdt_4h_tech_stat.model_ready.v1,legacy full-dataset summary; NOT TRAIN-certified,False,18085,8.979181,1.021634360685712,0.0005511811,0,volume_ratio_20,1.0,18085,float64,f1507d2f01e99654604f3359e1d5928262833a7f7dc619f9c4575e7a181f2c03,input_candidate,0.6241902361606257,18071,UNDECLARED
financial_data.project3.ethusdt_4h_tech_stat.model_ready.v1,legacy full-dataset summary; NOT TRAIN-certified,False,18085,4655.065,1654.4245258470555,89.10562,0,vwap_60,1.0,18085,float64,1491a60efb8c137e4142bb28b50250aab107e4dd5d840afc02510442279d0557,input_candidate,1287.8167031289056,18080,UNDECLARED
financial_data.project3.ethusdt_4h_tech_stat.model_ready.v1,legacy full-dataset summary; NOT TRAIN-certified,False,18085,100.0,50.606209730378765,3.3417904,0,mfi_14,1.0,18085,float64,f56b8624eed282f98ea5eb2be2e90254469dce382280106c4ee080d2e2925c54,input_candidate,17.402946995325873,18073,UNDECLARED
financial_data.project3.ethusdt_4h_tech_stat.model_ready.v1,legacy full-dataset summary; NOT TRAIN-certified,False,18085,0.15784843,0.0001252697889430578,-0.24946809,0,statistical__log_return_1,1.0,18085,float64,fc8a5166d8369002e146eb13d9b6be3f38cf7efc1f3ccceb3296af13e5955eb4,input_candidate,0.01841203804772707,18062,dimensionless
financial_data.project3.ethusdt_4h_tech_stat.model_ready.v1,legacy full-dataset summary; NOT TRAIN-certified,False,18085,0.025103427,0.0001279552675691291,-0.02949845,0,roll_mean_ret_20,1.0,18085,float64,3aedc44a7bdcd35860b59ab7961c68da641cba13bc284781bce09f101f974973,input_candidate,0.004136809127326218,18081,UNDECLARED
financial_data.project3.ethusdt_4h_tech_stat.model_ready.v1,legacy full-dataset summary; NOT TRAIN-certified,False,18085,0.08696326,0.015965268812325132,0.0015406242,0,roll_std_ret_20,1.0,18085,float64,01654acd19a36040fb7ef7ebe19194cd96243611c11a05b0233bdc02ae7eff9a,input_candidate,0.0091657359138073,18080,UNDECLARED
financial_data.project3.ethusdt_4h_tech_stat.model_ready.v1,legacy full-dataset summary; NOT TRAIN-certified,False,18085,3.9386196,-0.0567210587887926,-4.2624226,0,roll_skew_ret_20,1.0,18085,float64,e547fd33350badeec9b5cb1696b607770c7da2dec0fab8344edb7415247dd959,input_candidate,1.0425632886894243,18080,UNDECLARED
financial_data.project3.ethusdt_4h_tech_stat.model_ready.v1,legacy full-dataset summary; NOT TRAIN-certified,False,18085,18.704538,1.7932377316785728,-1.7690349,0,roll_kurt_ret_20,1.0,18085,float64,fd2fdc943054ec0ca622ba5fbbf147e5240fcaaf865514e3aeb9c090663ebb93,input_candidate,2.5615882980632394,18083,UNDECLARED
financial_data.project3.ethusdt_4h_tech_stat.model_ready.v1,legacy full-dataset summary; NOT TRAIN-certified,False,18085,0.01099449,0.00012970071696474263,-0.01393453,0,roll_mean_ret_60,1.0,18085,float64,1470966bbc7f6ab9bb89321176b3b0d6b8f8c908b527c9977f0a9a229f056f56,input_candidate,0.0024813208225684595,18084,UNDECLARED
financial_data.project3.ethusdt_4h_tech_stat.model_ready.v1,legacy full-dataset summary; NOT TRAIN-certified,False,18085,0.05938802,0.016586888932197955,0.002931927,0,roll_std_ret_60,1.0,18085,float64,0a2692fccf8819a428db55ff59d2d351ef9fed407d9311d104cfbb3f648e55ef,input_candidate,0.007992785619506667,18074,UNDECLARED
financial_data.project3.ethusdt_4h_tech_stat.model_ready.v1,legacy full-dataset summary; NOT TRAIN-certified,False,18085,4.4967875,-0.13347671296355046,-4.9485703,0,roll_skew_ret_60,1.0,18085,float64,31f464461f358d2d8389ded8a998db7381f845dc784e2fd82d30b272d37b6dca,input_candidate,1.019842719081085,18084,UNDECLARED
financial_data.project3.ethusdt_4h_tech_stat.model_ready.v1,legacy full-dataset summary; NOT TRAIN-certified,False,18085,31.867115,3.4459379052131514,-0.9520624,0,roll_kurt_ret_60,1.0,18085,float64,1b099e4aa00b4aca564ef6e52fddc7e094a2b28a5de7dab0a6aede691f4eb345,input_candidate,3.9078915830711556,18084,UNDECLARED
financial_data.project3.ethusdt_4h_tech_stat.model_ready.v1,legacy full-dataset summary; NOT TRAIN-certified,False,18085,0.0045137773,0.00012650804994434199,-0.0042681764,0,roll_mean_ret_252,1.0,18085,float64,572135d9e8c306d45ce16397073d05fadb53eb5fa55c90a5546ecdf461acfe80,input_candidate,0.001303225135327882,18080,UNDECLARED
financial_data.project3.ethusdt_4h_tech_stat.model_ready.v1,legacy full-dataset summary; NOT TRAIN-certified,False,18085,0.04216098,0.017407751797594694,0.0052733347,0,roll_std_ret_252,1.0,18085,float64,b08033a170bc8723efb8c64defbebb14a9db77ff9a345d00e7b191e90f20684a,input_candidate,0.0067037587820050456,18060,UNDECLARED
financial_data.project3.ethusdt_4h_tech_stat.model_ready.v1,legacy full-dataset summary; NOT TRAIN-certified,False,18085,4.66642,-0.2693704647443865,-4.6209784,0,roll_skew_ret_252,1.0,18085,float64,76e1d5ed9ec131f29d047638267b8afa427c7e0833a193ad9e1ea94a71548910,input_candidate,0.9333318730067627,18083,UNDECLARED
financial_data.project3.ethusdt_4h_tech_stat.model_ready.v1,legacy full-dataset summary; NOT TRAIN-certified,False,18085,50.22767,6.7052554909792645,0.47814152,0,roll_kurt_ret_252,1.0,18085,float64,0541684e24ea2b62fe3775dd77477993186885ffd044c15e7fefc19d63a7c8a1,input_candidate,6.741579639510043,18077,UNDECLARED
financial_data.project3.ethusdt_4h_tech_stat.model_ready.v1,legacy full-dataset summary; NOT TRAIN-certified,False,18085,0.14858854,0.004068897108801742,1.3009355e-05,0,realized_var_12,1.0,18085,float64,22b08a14aa5cbc93339967b7aa42aee9127eb67a5caecc8b1ab4f7d84b5631de,input_candidate,0.006975851423203253,18082,UNDECLARED
financial_data.project3.ethusdt_4h_tech_stat.model_ready.v1,legacy full-dataset summary; NOT TRAIN-certified,False,18085,0.1982048,0.016289809841489082,0.0003390336,0,realized_var_48,1.0,18085,float64,396e6c14c9e32b2f22eecaca41deba37517312f895314cc0f053d254847cb8a2,input_candidate,0.01980993978070054,18078,UNDECLARED
financial_data.project3.ethusdt_4h_tech_stat.model_ready.v1,legacy full-dataset summary; NOT TRAIN-certified,False,18085,0.3552158,-0.02018277398848319,-0.37371776,0,autocorr_lag1_100,1.0,18085,float64,af572a6db2b7bc255386f380eb5ddae6bfe6a4273862cf620f5e79ff1d33c4c7,input_candidate,0.09993512696721768,18083,UNDECLARED
financial_data.project3.ethusdt_4h_tech_stat.model_ready.v1,legacy full-dataset summary; NOT TRAIN-certified,False,18085,0.4256077,-0.014071802581074233,-0.43264738,0,autocorr_lag5_100,1.0,18085,float64,7591dfdbe0876238138e8d33f8186035a2362946330111dbacb0dacdb28a25f3,input_candidate,0.11650126418320497,18082,UNDECLARED
financial_data.project3.ethusdt_4h_tech_stat.model_ready.v1,legacy full-dataset summary; NOT TRAIN-certified,False,18085,0.81251246,0.06393820273638505,-0.16400558,0,sqret_autocorr_lag1_100,1.0,18085,float64,268a45fc3807d8e2017710c396feb7716348ef2fe02cba256994e98c12ac3e4c,input_candidate,0.12544546052087197,18083,UNDECLARED
financial_data.project3.ethusdt_4h_tech_stat.model_ready.v1,legacy full-dataset summary; NOT TRAIN-certified,False,18085,1.0,0.29322643074371024,0.0,0,vol_regime_high,1.0,18085,float64,524122155aecfd344f7362bdbc8d0d3f73474426bcd7bbe46f0d9501ac51744f,input_candidate,0.4552413547306685,2,UNDECLARED
financial_data.project3.ethusdt_4h_tech_stat.model_ready.v1,legacy full-dataset summary; NOT TRAIN-certified,False,18085,1.0,0.5596903511197124,0.0,0,vol_regime_low,1.0,18085,float64,81d8005233fd1cda2b46b9845079d79b288adf822015c5def00fe96ae0f27eea,input_candidate,0.4964242761823856,2,UNDECLARED
financial_data.project3.ethusdt_4h_tech_stat.model_ready.v1,legacy full-dataset summary; NOT TRAIN-certified,False,18085,0.6346318,0.4917093228426873,0.35727754,0,hurst_proxy_200,1.0,18085,float64,96336d527efb5f51eb935454008e507918af32d1eb2f5ec616bd1755b1f37e90,input_candidate,0.03888125458951,18043,UNDECLARED
financial_data.project3.ethusdt_4h_tech_stat.model_ready.v1,legacy full-dataset summary; NOT TRAIN-certified,False,18085,6.0661955,0.09695033056691699,-6.1540427,0,zscore_close_100,1.0,18085,float64,5b14d70bef7cc8ed54353d1314b56a5edcc6de517b944c6b71d255f308464c51,input_candidate,1.4434580651652726,18081,UNDECLARED
predictor.legacy.eurusd_1h.phase1_test.v1,legacy full-dataset summary; NOT TRAIN-certified,False,0,,,,0,DATE_TIME,0.0,8456,str,11829a02bda395eb73749e03ea43d4d83fcbc073d84107a9cb9aabdc9b37df43,timestamp,,8456,timestamp_timezone_undeclared
predictor.legacy.eurusd_1h.phase1_test.v1,legacy full-dataset summary; NOT TRAIN-certified,False,8456,1.15683,1.1150917005676444,1.06538,0,OPEN,1.0,8456,float64,89e99839de8f2978a351d6722a4ef87dd7af51fcf6b5563b8ea2c7de12e3a0d1,market_observation,0.016887494220250862,4635,quote_currency_per_base_asset
predictor.legacy.eurusd_1h.phase1_test.v1,legacy full-dataset summary; NOT TRAIN-certified,False,8456,1.15578,1.1144896298486282,1.06347,0,LOW,1.0,8456,float64,88a6e4e40740d93631efff28d3a25cf0500acfd92d72e203005375a7fb8c8b9d,market_observation,0.016928075550895868,4611,quote_currency_per_base_asset
predictor.legacy.eurusd_1h.phase1_test.v1,legacy full-dataset summary; NOT TRAIN-certified,False,8456,1.15696,1.1156847764900664,1.06671,0,HIGH,1.0,8456,float64,cf959e14d5f0f339d695881c534b78c3b7aa78e526b66081bb225a95c253eac5,market_observation,0.01684547935119728,4560,quote_currency_per_base_asset
predictor.legacy.eurusd_1h.phase1_test.v1,legacy full-dataset summary; NOT TRAIN-certified,False,8456,1.15683,1.1150865988647114,1.06537,0,CLOSE,1.0,8456,float64,caed778cdd200738780cb9675c4da0e06db107b9a131581eb1183258421a9bef,market_observation,0.016889734370411073,4663,quote_currency_per_base_asset
predictor.legacy.eurusd_1h.phase1_test.v1,legacy full-dataset summary; NOT TRAIN-certified,False,8456,0.0121599999999999,-5.1017029328305936e-06,-0.0096100000000001,0,BC-BO,1.0,8456,float64,c19876caef4d344bb2aed70554df2557ee4d9f89adb773555c8e76ee4cc98808,input_candidate,0.0009501341657324128,974,quote_currency_per_base_asset
predictor.legacy.eurusd_1h.phase1_test.v1,legacy full-dataset summary; NOT TRAIN-certified,False,8456,0.01364,0.0011951466414379967,7.00000000000145e-05,0,BH-BL,1.0,8456,float64,1a65cd4acb6b2d3f4740c6d446b37fd691d52a92569e466caa5c576d3f7f523d,input_candidate,0.0010583373892971311,836,quote_currency_per_base_asset
predictor.legacy.eurusd_1h.phase1_test.v1,legacy full-dataset summary; NOT TRAIN-certified,False,8456,0.0134199999999999,0.000593075922421914,0.0,0,BH-BO,1.0,8456,float64,9581523791d2895b0952e4d32cac4927ca4a462832a865eb27b86c1cde6bd611,input_candidate,0.0007794628344086848,611,quote_currency_per_base_asset
predictor.legacy.eurusd_1h.phase1_test.v1,legacy full-dataset summary; NOT TRAIN-certified,False,8456,0.0108099999999999,0.0006020707190160505,0.0,0,BO-BL,1.0,8456,float64,8d15044ca6d879daa7d5e2184eabbb981757385788d10b5f918ca9fe4db6b985,input_candidate,0.0007520833915381789,617,quote_currency_per_base_asset
