column,role,unit,rows,missing_count,nonnumeric_count,infinite_count,finite_count,constant,unique_nonmissing,status,exclusion_reason,missing_fraction,temporal_status,trend_slope,trend_r2,acf_lag1,spectral_status,peak_period_rows,adf_status,adf_pvalue,kpss_status,kpss_pvalue,mean,std,minimum,maximum,median,iqr,mad,volatility_diff_std,volatility_pairs
DATE_TIME,timestamp,timestamp; timezone undeclared,512,0,512,0,0,False,512,EXCLUDED,timestamp,0.0,NOT_RUN,,,,NOT_RUN,,NOT_RUN,,NOT_RUN,,,,,,,,,,
ATR,feature,UNDECLARED,512,0,0,0,512,False,512,PROFILED,,0.0,OK,0.001781328668543795,0.34581247965438366,0.9506116983844017,OK,128.0,OK,0.03618583039372681,OK_WITH_WARNING,0.01,0.01911417998543022,0.4481534731055528,-0.8777983975445623,1.4539675848321936,-0.1024814589441593,0.7393661911706548,0.30840630655604995,0.13695468293209082,511.0
RSI,feature,UNDECLARED,512,0,0,0,512,False,512,PROFILED,,0.0,OK,0.0008085073448761174,0.012951555572894957,0.932923656494059,OK,256.0,OK,0.004194805327790529,OK_WITH_WARNING,0.1,0.2425609130798911,1.0510564530333275,-2.0783955717410203,2.8365529871154904,0.14798931726477138,1.5951762708621322,0.8186290103316709,0.36612559191659777,511.0
MACD,feature,UNDECLARED,512,0,0,0,512,False,512,PROFILED,,0.0,OK,0.0010247460449782336,0.02356921340969209,0.9897832294455854,OK,256.0,OK,0.022374319268880845,OK_WITH_WARNING,0.1,0.18512125010543762,0.9875219246070819,-1.671903341221683,2.6367229401024725,0.1557597407950185,1.6078051448867288,0.8059529139446202,0.11424042620881036,511.0
MACD_Histogram,feature,UNDECLARED,512,0,0,0,512,False,512,PROFILED,,0.0,OK,-0.0005212510437758685,0.0055925804451318895,0.9653428387321104,OK,64.0,OK,1.2936582728156759e-05,OK_WITH_WARNING,0.1,0.006967713602372194,1.0312022637762084,-2.7428904661627675,3.3532369981746992,0.08577200284414374,1.2260494714730925,0.5991308192104867,0.2532473084995337,511.0
MACD_Signal,feature,UNDECLARED,512,0,0,0,512,False,512,PROFILED,,0.0,OK,0.0012501565475829173,0.0353039757246677,0.9947467755852778,OK,256.0,OK,0.011361797141101125,OK,0.07854962120834119,0.19401912433415686,0.9843637949702917,-1.5001484956743445,2.4652429930998614,0.1741661252553757,1.6589510718839509,0.8330997719752433,0.08112447445292792,511.0
ADX,feature,UNDECLARED,512,0,0,0,512,False,512,PROFILED,,0.0,OK,-0.0014144110748508484,0.05536313154110106,0.989821743680377,OK,85.33333333333333,OK,0.0008703712270853859,OK_WITH_WARNING,0.1,0.1402150867071689,0.8893411025769711,-1.2294918605547993,3.181304590485296,-0.03796598510181915,1.304828919982962,0.6319471403488469,0.11762612245781205,511.0
DI_plus,feature,UNDECLARED,512,0,0,0,512,False,512,PROFILED,,0.0,OK,0.0007680629622558686,0.01305328809546169,0.9390712370243264,OK,512.0,OK,0.0024792515922142013,OK,0.0842358476699332,0.03608803817743644,0.994580411193658,-1.66298330787157,2.9020201300605604,-0.040283358722169746,1.4380305531163793,0.7334578717852309,0.33605342908967206,511.0
DI_minus,feature,UNDECLARED,512,0,0,0,512,False,512,PROFILED,,0.0,OK,-0.0003269389854021695,0.002637719641987002,0.9254936344561376,OK,64.0,OK,0.0010274884406483418,OK_WITH_WARNING,0.1,-0.17859252000482773,0.9417929473146995,-2.1404597553570177,2.268951207741505,-0.19606524381399681,1.3817801429292738,0.6989523310859349,0.3362192951386557,511.0
Stochastic_K,feature,UNDECLARED,512,0,0,0,512,False,512,PROFILED,,0.0,OK,0.0003029635164627709,0.0017147031349628028,0.9561767492330687,OK,256.0,OK,0.0015949143151575875,OK_WITH_WARNING,0.1,0.1375509054035482,1.0824277110567362,-1.641778312324767,1.8237997243683968,0.08235264677855969,2.1255996412777938,1.0740096287474021,0.30620992557759075,511.0
Stochastic_D,feature,UNDECLARED,512,0,0,0,512,False,512,PROFILED,,0.0,OK,0.00038062455829212686,0.0026894557699603805,0.9684277632215135,OK,256.0,OK,0.0028225942166273314,OK_WITH_WARNING,0.1,0.1429430611177543,1.0858445172566062,-1.6277341183829035,1.7964187107320984,0.0471211344600463,2.1443865557049135,1.11041150460908,0.2560424794810623,511.0
BB_Width,feature,UNDECLARED,512,0,0,0,512,False,512,PROFILED,,0.0,OK,0.0012916320587349523,0.050597595814274476,0.9787929377260403,OK,128.0,OK,0.0008754304364261604,OK,0.09121193350503971,0.04540941547663727,0.8495264694091628,-1.3454658550778296,3.91753528894631,-0.1365945995300018,1.0012902002027555,0.4366560067653402,0.17266507374676274,511.0
CCI,feature,UNDECLARED,512,0,0,0,512,False,512,PROFILED,,0.0,OK,0.0004023448984455165,0.0034234038438517578,0.9074637994230318,OK,64.0,OK,7.23518100365807e-05,OK_WITH_WARNING,0.1,0.1311652665373434,1.0173548787006321,-2.490901603859227,2.8744826387692104,0.10290442523642965,1.656086819797872,0.826698915670655,0.4216284873051259,511.0
WilliamsR,feature,UNDECLARED,512,0,0,0,512,False,511,PROFILED,,0.0,OK,0.0002159845190231256,0.0008904093436004068,0.8714267668994408,OK,256.0,OK,2.3482968998374812e-05,OK_WITH_WARNING,0.1,0.12776036611623107,1.0708553464593402,-1.6677391885186867,1.7394059309685193,0.12915644661160744,2.1331746932905093,1.0814603995710212,0.5372590261634155,511.0
ROC,feature,UNDECLARED,512,0,0,0,512,False,512,PROFILED,,0.0,OK,0.00020442507690920057,0.001141050680214195,0.9037229590233626,OK,64.0,OK,0.00016846000421757746,OK_WITH_WARNING,0.1,0.08830827362840771,0.8953333109011834,-2.544048386231745,3.647343707085126,0.1011767278451948,1.1464090245812077,0.5745211324194295,0.377418208212696,511.0
ATR_ratio,feature,UNDECLARED,512,0,0,0,512,False,512,PROFILED,,0.0,OK,-0.001534065039229774,0.32040316253504264,0.9489760862381423,OK,256.0,OK,0.019423068653057613,OK_WITH_WARNING,0.01,-0.24315487107939712,0.40095756843798536,-1.205879558689107,0.8279980339629869,-0.1824161059169153,0.6707161782321915,0.3063475536639305,0.12529727705180804,511.0
BB_position,feature,UNDECLARED,512,0,0,0,512,False,512,PROFILED,,0.0,OK,0.0002848483776545399,0.0016858331007970628,0.8772012969690309,OK,64.0,OK,3.887471985584421e-05,OK_WITH_WARNING,0.1,0.1406675685299526,1.026383122184414,-2.5263281380923206,2.435057107650788,0.14024314879037136,1.7212083267738458,0.8619445552792995,0.4973878204498861,511.0
rolling_std_24,feature,UNDECLARED,512,0,0,0,512,False,512,PROFILED,,0.0,OK,0.0012905523679920905,0.05050357407325767,0.9867896882628518,OK,128.0,OK,0.0022270868435472716,OK_WITH_WARNING,0.1,0.05426139156159878,0.8496060869210919,-1.4447563659583784,3.661958890272321,-0.10878680540763841,1.0839035329403892,0.49768065323279786,0.1381172074094107,511.0
price_minus_ema,feature,UNDECLARED,512,0,0,0,512,False,512,PROFILED,,0.0,OK,0.0005423427411577727,0.006603307284414495,0.947044162353676,OK,256.0,OK,0.00407182061272411,OK_WITH_WARNING,0.1,0.1506613568990245,0.9874068097524504,-2.270382711761886,3.0433082806353604,0.1402674123574699,1.443668253236608,0.7200546921235136,0.29790186222132886,511.0
hod_sin,feature,UNDECLARED,512,0,0,0,512,False,11,PROFILED,,0.0,OK,2.1648966329517215e-05,1.0255751727306084e-05,0.49823076590530113,OK,6.023529411764706,OK,1.155186101645179e-10,OK_WITH_WARNING,0.1,-0.000572955065030854,1.0001300022327344,-1.4135418428360336,1.4152558808529774,-0.3652163438082152,1.4143988618445062,1.0483254990278184,0.9999347691908964,511.0
hod_cos,feature,UNDECLARED,512,0,0,0,512,False,12,PROFILED,,0.0,OK,5.6202085921802417e-05,6.890438751616657e-05,0.5027464466539578,OK,6.023529411764706,OK,2.9281394388120675e-09,OK_WITH_WARNING,0.1,0.001957171161371101,1.0016869971342508,-1.3679461945626683,1.3633981605005454,-0.0022740170310612,2.448856354794348,1.2244281773971735,0.9989202834714108,511.0
dow_sin,feature,UNDECLARED,512,0,0,0,512,False,6,PROFILED,,0.0,OK,0.0001325718587157411,0.0003830790568452036,0.8575511862643415,OK,30.11764705882353,OK,3.6516199427112636e-24,OK_WITH_WARNING,0.1,0.0014164318234129326,1.0020979659251523,-2.091225991899321,1.1879749052315505,0.1780514387039155,1.4593816925198912,0.8098957380833453,0.5327565506163022,511.0
dow_cos,feature,UNDECLARED,512,0,0,0,512,False,5,PROFILED,,0.0,OK,0.00016033383489760512,0.0005637190196658981,0.8924981164321589,OK,30.11764705882353,OK,1.3459257579772746e-21,OK_WITH_WARNING,0.1,-0.01836229380314949,0.9990722039514572,-1.1289044324525297,1.3298760740157465,-0.251375829640088,1.9717888721982428,0.8775286028124417,0.46097519237669676,511.0
buy_entry_label,target,UNDECLARED,512,0,0,0,512,False,2,EXCLUDED,future-derived oracle label; not a feature,0.0,NOT_RUN,,,,NOT_RUN,,NOT_RUN,,NOT_RUN,,,,,,,,,,
sell_entry_label,target,UNDECLARED,512,0,0,0,512,False,2,EXCLUDED,future-derived oracle label; not a feature,0.0,NOT_RUN,,,,NOT_RUN,,NOT_RUN,,NOT_RUN,,,,,,,,,,
buy_exit_label,target,UNDECLARED,512,0,0,0,512,False,2,EXCLUDED,future-derived oracle label; not a feature,0.0,NOT_RUN,,,,NOT_RUN,,NOT_RUN,,NOT_RUN,,,,,,,,,,
sell_exit_label,target,UNDECLARED,512,0,0,0,512,False,2,EXCLUDED,future-derived oracle label; not a feature,0.0,NOT_RUN,,,,NOT_RUN,,NOT_RUN,,NOT_RUN,,,,,,,,,,
bars_to_friday,feature,bars,512,0,0,0,512,False,512,PROFILED,,0.0,OK,3.675597920314486,0.5424045063353498,0.9921462654048873,OK,512.0,OK,0.49979494142533143,OK_WITH_WARNING,0.01,1140.09765625,738.3620937200373,0.0,1820.0,1564.5,1564.5,166.0,80.55629724261357,511.0
