batch_id,dataset_id,fold,family,features,metrics,cells,measured,reused,failed,not_run,batch_state,fold_rule,run_code_sha256
eth_4h:inner_1:acf_selected,financial_data.project3.ethusdt_4h_tech_stat.model_ready.v1.train,inner_1,acf_selected,83,4,332,332,0,0,0,COMPLETE,"immutable predictor contract 14a1077f: train 2017-09-28..2023-12-31, validation 2024, test 2025 (calendar years, not the candidate 4y/1y/1y recipe); inner: 3 expanding folds, validation 15 percent, purge 60 rows = 24-row context + 36 rows (144 h at 4 h bars)",4590e37c1c2dc94ea6a8a49c809efe6aa2c09b175aaae03f8ca03adc182dce25
eth_4h:inner_1:cost,financial_data.project3.ethusdt_4h_tech_stat.model_ready.v1.train,inner_1,cost,83,5,415,415,0,0,0,COMPLETE,"immutable predictor contract 14a1077f: train 2017-09-28..2023-12-31, validation 2024, test 2025 (calendar years, not the candidate 4y/1y/1y recipe); inner: 3 expanding folds, validation 15 percent, purge 60 rows = 24-row context + 36 rows (144 h at 4 h bars)",4590e37c1c2dc94ea6a8a49c809efe6aa2c09b175aaae03f8ca03adc182dce25
eth_4h:inner_1:distribution,financial_data.project3.ethusdt_4h_tech_stat.model_ready.v1.train,inner_1,distribution,83,11,913,911,0,0,2,PARTIAL,"immutable predictor contract 14a1077f: train 2017-09-28..2023-12-31, validation 2024, test 2025 (calendar years, not the candidate 4y/1y/1y recipe); inner: 3 expanding folds, validation 15 percent, purge 60 rows = 24-row context + 36 rows (144 h at 4 h bars)",4590e37c1c2dc94ea6a8a49c809efe6aa2c09b175aaae03f8ca03adc182dce25
eth_4h:inner_1:quality,financial_data.project3.ethusdt_4h_tech_stat.model_ready.v1.train,inner_1,quality,83,5,415,415,0,0,0,COMPLETE,"immutable predictor contract 14a1077f: train 2017-09-28..2023-12-31, validation 2024, test 2025 (calendar years, not the candidate 4y/1y/1y recipe); inner: 3 expanding folds, validation 15 percent, purge 60 rows = 24-row context + 36 rows (144 h at 4 h bars)",4590e37c1c2dc94ea6a8a49c809efe6aa2c09b175aaae03f8ca03adc182dce25
eth_4h:inner_1:seasonality,financial_data.project3.ethusdt_4h_tech_stat.model_ready.v1.train,inner_1,seasonality,83,4,332,332,0,0,0,COMPLETE,"immutable predictor contract 14a1077f: train 2017-09-28..2023-12-31, validation 2024, test 2025 (calendar years, not the candidate 4y/1y/1y recipe); inner: 3 expanding folds, validation 15 percent, purge 60 rows = 24-row context + 36 rows (144 h at 4 h bars)",4590e37c1c2dc94ea6a8a49c809efe6aa2c09b175aaae03f8ca03adc182dce25
eth_4h:inner_1:spectral,financial_data.project3.ethusdt_4h_tech_stat.model_ready.v1.train,inner_1,spectral,83,2,166,0,0,0,166,DEFERRED_TO_PS4,"immutable predictor contract 14a1077f: train 2017-09-28..2023-12-31, validation 2024, test 2025 (calendar years, not the candidate 4y/1y/1y recipe); inner: 3 expanding folds, validation 15 percent, purge 60 rows = 24-row context + 36 rows (144 h at 4 h bars)",4590e37c1c2dc94ea6a8a49c809efe6aa2c09b175aaae03f8ca03adc182dce25
eth_4h:inner_1:stationarity,financial_data.project3.ethusdt_4h_tech_stat.model_ready.v1.train,inner_1,stationarity,83,2,166,0,0,0,166,DEFERRED_TO_PS4,"immutable predictor contract 14a1077f: train 2017-09-28..2023-12-31, validation 2024, test 2025 (calendar years, not the candidate 4y/1y/1y recipe); inner: 3 expanding folds, validation 15 percent, purge 60 rows = 24-row context + 36 rows (144 h at 4 h bars)",4590e37c1c2dc94ea6a8a49c809efe6aa2c09b175aaae03f8ca03adc182dce25
eth_4h:inner_1:stl,financial_data.project3.ethusdt_4h_tech_stat.model_ready.v1.train,inner_1,stl,83,1,83,0,0,0,83,DEFERRED_TO_PS4,"immutable predictor contract 14a1077f: train 2017-09-28..2023-12-31, validation 2024, test 2025 (calendar years, not the candidate 4y/1y/1y recipe); inner: 3 expanding folds, validation 15 percent, purge 60 rows = 24-row context + 36 rows (144 h at 4 h bars)",4590e37c1c2dc94ea6a8a49c809efe6aa2c09b175aaae03f8ca03adc182dce25
eth_4h:inner_1:volatility,financial_data.project3.ethusdt_4h_tech_stat.model_ready.v1.train,inner_1,volatility,83,3,249,249,0,0,0,COMPLETE,"immutable predictor contract 14a1077f: train 2017-09-28..2023-12-31, validation 2024, test 2025 (calendar years, not the candidate 4y/1y/1y recipe); inner: 3 expanding folds, validation 15 percent, purge 60 rows = 24-row context + 36 rows (144 h at 4 h bars)",4590e37c1c2dc94ea6a8a49c809efe6aa2c09b175aaae03f8ca03adc182dce25
eth_4h:inner_2:acf_selected,financial_data.project3.ethusdt_4h_tech_stat.model_ready.v1.train,inner_2,acf_selected,83,4,332,332,0,0,0,COMPLETE,"immutable predictor contract 14a1077f: train 2017-09-28..2023-12-31, validation 2024, test 2025 (calendar years, not the candidate 4y/1y/1y recipe); inner: 3 expanding folds, validation 15 percent, purge 60 rows = 24-row context + 36 rows (144 h at 4 h bars)",4590e37c1c2dc94ea6a8a49c809efe6aa2c09b175aaae03f8ca03adc182dce25
eth_4h:inner_2:cost,financial_data.project3.ethusdt_4h_tech_stat.model_ready.v1.train,inner_2,cost,83,5,415,415,0,0,0,COMPLETE,"immutable predictor contract 14a1077f: train 2017-09-28..2023-12-31, validation 2024, test 2025 (calendar years, not the candidate 4y/1y/1y recipe); inner: 3 expanding folds, validation 15 percent, purge 60 rows = 24-row context + 36 rows (144 h at 4 h bars)",4590e37c1c2dc94ea6a8a49c809efe6aa2c09b175aaae03f8ca03adc182dce25
eth_4h:inner_2:distribution,financial_data.project3.ethusdt_4h_tech_stat.model_ready.v1.train,inner_2,distribution,83,11,913,911,0,0,2,PARTIAL,"immutable predictor contract 14a1077f: train 2017-09-28..2023-12-31, validation 2024, test 2025 (calendar years, not the candidate 4y/1y/1y recipe); inner: 3 expanding folds, validation 15 percent, purge 60 rows = 24-row context + 36 rows (144 h at 4 h bars)",4590e37c1c2dc94ea6a8a49c809efe6aa2c09b175aaae03f8ca03adc182dce25
eth_4h:inner_2:quality,financial_data.project3.ethusdt_4h_tech_stat.model_ready.v1.train,inner_2,quality,83,5,415,415,0,0,0,COMPLETE,"immutable predictor contract 14a1077f: train 2017-09-28..2023-12-31, validation 2024, test 2025 (calendar years, not the candidate 4y/1y/1y recipe); inner: 3 expanding folds, validation 15 percent, purge 60 rows = 24-row context + 36 rows (144 h at 4 h bars)",4590e37c1c2dc94ea6a8a49c809efe6aa2c09b175aaae03f8ca03adc182dce25
eth_4h:inner_2:seasonality,financial_data.project3.ethusdt_4h_tech_stat.model_ready.v1.train,inner_2,seasonality,83,4,332,332,0,0,0,COMPLETE,"immutable predictor contract 14a1077f: train 2017-09-28..2023-12-31, validation 2024, test 2025 (calendar years, not the candidate 4y/1y/1y recipe); inner: 3 expanding folds, validation 15 percent, purge 60 rows = 24-row context + 36 rows (144 h at 4 h bars)",4590e37c1c2dc94ea6a8a49c809efe6aa2c09b175aaae03f8ca03adc182dce25
eth_4h:inner_2:spectral,financial_data.project3.ethusdt_4h_tech_stat.model_ready.v1.train,inner_2,spectral,83,2,166,0,0,0,166,DEFERRED_TO_PS4,"immutable predictor contract 14a1077f: train 2017-09-28..2023-12-31, validation 2024, test 2025 (calendar years, not the candidate 4y/1y/1y recipe); inner: 3 expanding folds, validation 15 percent, purge 60 rows = 24-row context + 36 rows (144 h at 4 h bars)",4590e37c1c2dc94ea6a8a49c809efe6aa2c09b175aaae03f8ca03adc182dce25
eth_4h:inner_2:stationarity,financial_data.project3.ethusdt_4h_tech_stat.model_ready.v1.train,inner_2,stationarity,83,2,166,0,0,0,166,DEFERRED_TO_PS4,"immutable predictor contract 14a1077f: train 2017-09-28..2023-12-31, validation 2024, test 2025 (calendar years, not the candidate 4y/1y/1y recipe); inner: 3 expanding folds, validation 15 percent, purge 60 rows = 24-row context + 36 rows (144 h at 4 h bars)",4590e37c1c2dc94ea6a8a49c809efe6aa2c09b175aaae03f8ca03adc182dce25
eth_4h:inner_2:stl,financial_data.project3.ethusdt_4h_tech_stat.model_ready.v1.train,inner_2,stl,83,1,83,0,0,0,83,DEFERRED_TO_PS4,"immutable predictor contract 14a1077f: train 2017-09-28..2023-12-31, validation 2024, test 2025 (calendar years, not the candidate 4y/1y/1y recipe); inner: 3 expanding folds, validation 15 percent, purge 60 rows = 24-row context + 36 rows (144 h at 4 h bars)",4590e37c1c2dc94ea6a8a49c809efe6aa2c09b175aaae03f8ca03adc182dce25
eth_4h:inner_2:volatility,financial_data.project3.ethusdt_4h_tech_stat.model_ready.v1.train,inner_2,volatility,83,3,249,249,0,0,0,COMPLETE,"immutable predictor contract 14a1077f: train 2017-09-28..2023-12-31, validation 2024, test 2025 (calendar years, not the candidate 4y/1y/1y recipe); inner: 3 expanding folds, validation 15 percent, purge 60 rows = 24-row context + 36 rows (144 h at 4 h bars)",4590e37c1c2dc94ea6a8a49c809efe6aa2c09b175aaae03f8ca03adc182dce25
eth_4h:inner_3:acf_selected,financial_data.project3.ethusdt_4h_tech_stat.model_ready.v1.train,inner_3,acf_selected,83,4,332,332,0,0,0,COMPLETE,"immutable predictor contract 14a1077f: train 2017-09-28..2023-12-31, validation 2024, test 2025 (calendar years, not the candidate 4y/1y/1y recipe); inner: 3 expanding folds, validation 15 percent, purge 60 rows = 24-row context + 36 rows (144 h at 4 h bars)",4590e37c1c2dc94ea6a8a49c809efe6aa2c09b175aaae03f8ca03adc182dce25
eth_4h:inner_3:cost,financial_data.project3.ethusdt_4h_tech_stat.model_ready.v1.train,inner_3,cost,83,5,415,415,0,0,0,COMPLETE,"immutable predictor contract 14a1077f: train 2017-09-28..2023-12-31, validation 2024, test 2025 (calendar years, not the candidate 4y/1y/1y recipe); inner: 3 expanding folds, validation 15 percent, purge 60 rows = 24-row context + 36 rows (144 h at 4 h bars)",4590e37c1c2dc94ea6a8a49c809efe6aa2c09b175aaae03f8ca03adc182dce25
eth_4h:inner_3:distribution,financial_data.project3.ethusdt_4h_tech_stat.model_ready.v1.train,inner_3,distribution,83,11,913,911,0,0,2,PARTIAL,"immutable predictor contract 14a1077f: train 2017-09-28..2023-12-31, validation 2024, test 2025 (calendar years, not the candidate 4y/1y/1y recipe); inner: 3 expanding folds, validation 15 percent, purge 60 rows = 24-row context + 36 rows (144 h at 4 h bars)",4590e37c1c2dc94ea6a8a49c809efe6aa2c09b175aaae03f8ca03adc182dce25
eth_4h:inner_3:quality,financial_data.project3.ethusdt_4h_tech_stat.model_ready.v1.train,inner_3,quality,83,5,415,415,0,0,0,COMPLETE,"immutable predictor contract 14a1077f: train 2017-09-28..2023-12-31, validation 2024, test 2025 (calendar years, not the candidate 4y/1y/1y recipe); inner: 3 expanding folds, validation 15 percent, purge 60 rows = 24-row context + 36 rows (144 h at 4 h bars)",4590e37c1c2dc94ea6a8a49c809efe6aa2c09b175aaae03f8ca03adc182dce25
eth_4h:inner_3:seasonality,financial_data.project3.ethusdt_4h_tech_stat.model_ready.v1.train,inner_3,seasonality,83,4,332,332,0,0,0,COMPLETE,"immutable predictor contract 14a1077f: train 2017-09-28..2023-12-31, validation 2024, test 2025 (calendar years, not the candidate 4y/1y/1y recipe); inner: 3 expanding folds, validation 15 percent, purge 60 rows = 24-row context + 36 rows (144 h at 4 h bars)",4590e37c1c2dc94ea6a8a49c809efe6aa2c09b175aaae03f8ca03adc182dce25
eth_4h:inner_3:spectral,financial_data.project3.ethusdt_4h_tech_stat.model_ready.v1.train,inner_3,spectral,83,2,166,0,0,0,166,DEFERRED_TO_PS4,"immutable predictor contract 14a1077f: train 2017-09-28..2023-12-31, validation 2024, test 2025 (calendar years, not the candidate 4y/1y/1y recipe); inner: 3 expanding folds, validation 15 percent, purge 60 rows = 24-row context + 36 rows (144 h at 4 h bars)",4590e37c1c2dc94ea6a8a49c809efe6aa2c09b175aaae03f8ca03adc182dce25
eth_4h:inner_3:stationarity,financial_data.project3.ethusdt_4h_tech_stat.model_ready.v1.train,inner_3,stationarity,83,2,166,0,0,0,166,DEFERRED_TO_PS4,"immutable predictor contract 14a1077f: train 2017-09-28..2023-12-31, validation 2024, test 2025 (calendar years, not the candidate 4y/1y/1y recipe); inner: 3 expanding folds, validation 15 percent, purge 60 rows = 24-row context + 36 rows (144 h at 4 h bars)",4590e37c1c2dc94ea6a8a49c809efe6aa2c09b175aaae03f8ca03adc182dce25
eth_4h:inner_3:stl,financial_data.project3.ethusdt_4h_tech_stat.model_ready.v1.train,inner_3,stl,83,1,83,0,0,0,83,DEFERRED_TO_PS4,"immutable predictor contract 14a1077f: train 2017-09-28..2023-12-31, validation 2024, test 2025 (calendar years, not the candidate 4y/1y/1y recipe); inner: 3 expanding folds, validation 15 percent, purge 60 rows = 24-row context + 36 rows (144 h at 4 h bars)",4590e37c1c2dc94ea6a8a49c809efe6aa2c09b175aaae03f8ca03adc182dce25
eth_4h:inner_3:volatility,financial_data.project3.ethusdt_4h_tech_stat.model_ready.v1.train,inner_3,volatility,83,3,249,249,0,0,0,COMPLETE,"immutable predictor contract 14a1077f: train 2017-09-28..2023-12-31, validation 2024, test 2025 (calendar years, not the candidate 4y/1y/1y recipe); inner: 3 expanding folds, validation 15 percent, purge 60 rows = 24-row context + 36 rows (144 h at 4 h bars)",4590e37c1c2dc94ea6a8a49c809efe6aa2c09b175aaae03f8ca03adc182dce25
eth_4h:outer_train:acf_selected,financial_data.project3.ethusdt_4h_tech_stat.model_ready.v1.train,outer_train,acf_selected,83,4,332,332,0,0,0,COMPLETE,"immutable predictor contract 14a1077f: train 2017-09-28..2023-12-31, validation 2024, test 2025 (calendar years, not the candidate 4y/1y/1y recipe); inner: 3 expanding folds, validation 15 percent, purge 60 rows = 24-row context + 36 rows (144 h at 4 h bars)",4590e37c1c2dc94ea6a8a49c809efe6aa2c09b175aaae03f8ca03adc182dce25
eth_4h:outer_train:cost,financial_data.project3.ethusdt_4h_tech_stat.model_ready.v1.train,outer_train,cost,83,5,415,415,0,0,0,COMPLETE,"immutable predictor contract 14a1077f: train 2017-09-28..2023-12-31, validation 2024, test 2025 (calendar years, not the candidate 4y/1y/1y recipe); inner: 3 expanding folds, validation 15 percent, purge 60 rows = 24-row context + 36 rows (144 h at 4 h bars)",4590e37c1c2dc94ea6a8a49c809efe6aa2c09b175aaae03f8ca03adc182dce25
eth_4h:outer_train:distribution,financial_data.project3.ethusdt_4h_tech_stat.model_ready.v1.train,outer_train,distribution,83,11,913,911,0,0,2,PARTIAL,"immutable predictor contract 14a1077f: train 2017-09-28..2023-12-31, validation 2024, test 2025 (calendar years, not the candidate 4y/1y/1y recipe); inner: 3 expanding folds, validation 15 percent, purge 60 rows = 24-row context + 36 rows (144 h at 4 h bars)",4590e37c1c2dc94ea6a8a49c809efe6aa2c09b175aaae03f8ca03adc182dce25
eth_4h:outer_train:quality,financial_data.project3.ethusdt_4h_tech_stat.model_ready.v1.train,outer_train,quality,83,5,415,415,0,0,0,COMPLETE,"immutable predictor contract 14a1077f: train 2017-09-28..2023-12-31, validation 2024, test 2025 (calendar years, not the candidate 4y/1y/1y recipe); inner: 3 expanding folds, validation 15 percent, purge 60 rows = 24-row context + 36 rows (144 h at 4 h bars)",4590e37c1c2dc94ea6a8a49c809efe6aa2c09b175aaae03f8ca03adc182dce25
eth_4h:outer_train:seasonality,financial_data.project3.ethusdt_4h_tech_stat.model_ready.v1.train,outer_train,seasonality,83,4,332,332,0,0,0,COMPLETE,"immutable predictor contract 14a1077f: train 2017-09-28..2023-12-31, validation 2024, test 2025 (calendar years, not the candidate 4y/1y/1y recipe); inner: 3 expanding folds, validation 15 percent, purge 60 rows = 24-row context + 36 rows (144 h at 4 h bars)",4590e37c1c2dc94ea6a8a49c809efe6aa2c09b175aaae03f8ca03adc182dce25
eth_4h:outer_train:spectral,financial_data.project3.ethusdt_4h_tech_stat.model_ready.v1.train,outer_train,spectral,83,2,166,166,166,0,0,REUSED_FROM_V2,"immutable predictor contract 14a1077f: train 2017-09-28..2023-12-31, validation 2024, test 2025 (calendar years, not the candidate 4y/1y/1y recipe); inner: 3 expanding folds, validation 15 percent, purge 60 rows = 24-row context + 36 rows (144 h at 4 h bars)",4590e37c1c2dc94ea6a8a49c809efe6aa2c09b175aaae03f8ca03adc182dce25
eth_4h:outer_train:stationarity,financial_data.project3.ethusdt_4h_tech_stat.model_ready.v1.train,outer_train,stationarity,83,2,166,166,166,0,0,REUSED_FROM_V2,"immutable predictor contract 14a1077f: train 2017-09-28..2023-12-31, validation 2024, test 2025 (calendar years, not the candidate 4y/1y/1y recipe); inner: 3 expanding folds, validation 15 percent, purge 60 rows = 24-row context + 36 rows (144 h at 4 h bars)",4590e37c1c2dc94ea6a8a49c809efe6aa2c09b175aaae03f8ca03adc182dce25
eth_4h:outer_train:stl,financial_data.project3.ethusdt_4h_tech_stat.model_ready.v1.train,outer_train,stl,83,1,83,83,83,0,0,REUSED_FROM_V2,"immutable predictor contract 14a1077f: train 2017-09-28..2023-12-31, validation 2024, test 2025 (calendar years, not the candidate 4y/1y/1y recipe); inner: 3 expanding folds, validation 15 percent, purge 60 rows = 24-row context + 36 rows (144 h at 4 h bars)",4590e37c1c2dc94ea6a8a49c809efe6aa2c09b175aaae03f8ca03adc182dce25
eth_4h:outer_train:volatility,financial_data.project3.ethusdt_4h_tech_stat.model_ready.v1.train,outer_train,volatility,83,3,249,249,0,0,0,COMPLETE,"immutable predictor contract 14a1077f: train 2017-09-28..2023-12-31, validation 2024, test 2025 (calendar years, not the candidate 4y/1y/1y recipe); inner: 3 expanding folds, validation 15 percent, purge 60 rows = 24-row context + 36 rows (144 h at 4 h bars)",4590e37c1c2dc94ea6a8a49c809efe6aa2c09b175aaae03f8ca03adc182dce25
weather:inner_1:acf_selected,sota_benchmarks.thuml_tsl_weather.train,inner_1,acf_selected,21,4,84,84,0,0,0,COMPLETE,"TSL Dataset_Custom outer split 0.7/0.1/0.2 (author protocol); inner: 3 expanding chronological folds inside TRAIN, validation 15 percent, purge 816 rows = lookback 96 + max horizon 720 rows",4590e37c1c2dc94ea6a8a49c809efe6aa2c09b175aaae03f8ca03adc182dce25
weather:inner_1:cost,sota_benchmarks.thuml_tsl_weather.train,inner_1,cost,21,5,105,105,0,0,0,COMPLETE,"TSL Dataset_Custom outer split 0.7/0.1/0.2 (author protocol); inner: 3 expanding chronological folds inside TRAIN, validation 15 percent, purge 816 rows = lookback 96 + max horizon 720 rows",4590e37c1c2dc94ea6a8a49c809efe6aa2c09b175aaae03f8ca03adc182dce25
weather:inner_1:distribution,sota_benchmarks.thuml_tsl_weather.train,inner_1,distribution,21,11,231,226,0,0,5,PARTIAL,"TSL Dataset_Custom outer split 0.7/0.1/0.2 (author protocol); inner: 3 expanding chronological folds inside TRAIN, validation 15 percent, purge 816 rows = lookback 96 + max horizon 720 rows",4590e37c1c2dc94ea6a8a49c809efe6aa2c09b175aaae03f8ca03adc182dce25
weather:inner_1:quality,sota_benchmarks.thuml_tsl_weather.train,inner_1,quality,21,5,105,105,0,0,0,COMPLETE,"TSL Dataset_Custom outer split 0.7/0.1/0.2 (author protocol); inner: 3 expanding chronological folds inside TRAIN, validation 15 percent, purge 816 rows = lookback 96 + max horizon 720 rows",4590e37c1c2dc94ea6a8a49c809efe6aa2c09b175aaae03f8ca03adc182dce25
weather:inner_1:seasonality,sota_benchmarks.thuml_tsl_weather.train,inner_1,seasonality,21,4,84,84,0,0,0,COMPLETE,"TSL Dataset_Custom outer split 0.7/0.1/0.2 (author protocol); inner: 3 expanding chronological folds inside TRAIN, validation 15 percent, purge 816 rows = lookback 96 + max horizon 720 rows",4590e37c1c2dc94ea6a8a49c809efe6aa2c09b175aaae03f8ca03adc182dce25
weather:inner_1:spectral,sota_benchmarks.thuml_tsl_weather.train,inner_1,spectral,21,2,42,0,0,0,42,DEFERRED_TO_PS4,"TSL Dataset_Custom outer split 0.7/0.1/0.2 (author protocol); inner: 3 expanding chronological folds inside TRAIN, validation 15 percent, purge 816 rows = lookback 96 + max horizon 720 rows",4590e37c1c2dc94ea6a8a49c809efe6aa2c09b175aaae03f8ca03adc182dce25
weather:inner_1:stationarity,sota_benchmarks.thuml_tsl_weather.train,inner_1,stationarity,21,2,42,0,0,0,42,DEFERRED_TO_PS4,"TSL Dataset_Custom outer split 0.7/0.1/0.2 (author protocol); inner: 3 expanding chronological folds inside TRAIN, validation 15 percent, purge 816 rows = lookback 96 + max horizon 720 rows",4590e37c1c2dc94ea6a8a49c809efe6aa2c09b175aaae03f8ca03adc182dce25
weather:inner_1:stl,sota_benchmarks.thuml_tsl_weather.train,inner_1,stl,21,1,21,0,0,0,21,DEFERRED_TO_PS4,"TSL Dataset_Custom outer split 0.7/0.1/0.2 (author protocol); inner: 3 expanding chronological folds inside TRAIN, validation 15 percent, purge 816 rows = lookback 96 + max horizon 720 rows",4590e37c1c2dc94ea6a8a49c809efe6aa2c09b175aaae03f8ca03adc182dce25
weather:inner_1:volatility,sota_benchmarks.thuml_tsl_weather.train,inner_1,volatility,21,3,63,63,0,0,0,COMPLETE,"TSL Dataset_Custom outer split 0.7/0.1/0.2 (author protocol); inner: 3 expanding chronological folds inside TRAIN, validation 15 percent, purge 816 rows = lookback 96 + max horizon 720 rows",4590e37c1c2dc94ea6a8a49c809efe6aa2c09b175aaae03f8ca03adc182dce25
weather:inner_2:acf_selected,sota_benchmarks.thuml_tsl_weather.train,inner_2,acf_selected,21,4,84,84,0,0,0,COMPLETE,"TSL Dataset_Custom outer split 0.7/0.1/0.2 (author protocol); inner: 3 expanding chronological folds inside TRAIN, validation 15 percent, purge 816 rows = lookback 96 + max horizon 720 rows",4590e37c1c2dc94ea6a8a49c809efe6aa2c09b175aaae03f8ca03adc182dce25
weather:inner_2:cost,sota_benchmarks.thuml_tsl_weather.train,inner_2,cost,21,5,105,105,0,0,0,COMPLETE,"TSL Dataset_Custom outer split 0.7/0.1/0.2 (author protocol); inner: 3 expanding chronological folds inside TRAIN, validation 15 percent, purge 816 rows = lookback 96 + max horizon 720 rows",4590e37c1c2dc94ea6a8a49c809efe6aa2c09b175aaae03f8ca03adc182dce25
weather:inner_2:distribution,sota_benchmarks.thuml_tsl_weather.train,inner_2,distribution,21,11,231,227,0,0,4,PARTIAL,"TSL Dataset_Custom outer split 0.7/0.1/0.2 (author protocol); inner: 3 expanding chronological folds inside TRAIN, validation 15 percent, purge 816 rows = lookback 96 + max horizon 720 rows",4590e37c1c2dc94ea6a8a49c809efe6aa2c09b175aaae03f8ca03adc182dce25
weather:inner_2:quality,sota_benchmarks.thuml_tsl_weather.train,inner_2,quality,21,5,105,105,0,0,0,COMPLETE,"TSL Dataset_Custom outer split 0.7/0.1/0.2 (author protocol); inner: 3 expanding chronological folds inside TRAIN, validation 15 percent, purge 816 rows = lookback 96 + max horizon 720 rows",4590e37c1c2dc94ea6a8a49c809efe6aa2c09b175aaae03f8ca03adc182dce25
weather:inner_2:seasonality,sota_benchmarks.thuml_tsl_weather.train,inner_2,seasonality,21,4,84,84,0,0,0,COMPLETE,"TSL Dataset_Custom outer split 0.7/0.1/0.2 (author protocol); inner: 3 expanding chronological folds inside TRAIN, validation 15 percent, purge 816 rows = lookback 96 + max horizon 720 rows",4590e37c1c2dc94ea6a8a49c809efe6aa2c09b175aaae03f8ca03adc182dce25
weather:inner_2:spectral,sota_benchmarks.thuml_tsl_weather.train,inner_2,spectral,21,2,42,0,0,0,42,DEFERRED_TO_PS4,"TSL Dataset_Custom outer split 0.7/0.1/0.2 (author protocol); inner: 3 expanding chronological folds inside TRAIN, validation 15 percent, purge 816 rows = lookback 96 + max horizon 720 rows",4590e37c1c2dc94ea6a8a49c809efe6aa2c09b175aaae03f8ca03adc182dce25
weather:inner_2:stationarity,sota_benchmarks.thuml_tsl_weather.train,inner_2,stationarity,21,2,42,0,0,0,42,DEFERRED_TO_PS4,"TSL Dataset_Custom outer split 0.7/0.1/0.2 (author protocol); inner: 3 expanding chronological folds inside TRAIN, validation 15 percent, purge 816 rows = lookback 96 + max horizon 720 rows",4590e37c1c2dc94ea6a8a49c809efe6aa2c09b175aaae03f8ca03adc182dce25
weather:inner_2:stl,sota_benchmarks.thuml_tsl_weather.train,inner_2,stl,21,1,21,0,0,0,21,DEFERRED_TO_PS4,"TSL Dataset_Custom outer split 0.7/0.1/0.2 (author protocol); inner: 3 expanding chronological folds inside TRAIN, validation 15 percent, purge 816 rows = lookback 96 + max horizon 720 rows",4590e37c1c2dc94ea6a8a49c809efe6aa2c09b175aaae03f8ca03adc182dce25
weather:inner_2:volatility,sota_benchmarks.thuml_tsl_weather.train,inner_2,volatility,21,3,63,63,0,0,0,COMPLETE,"TSL Dataset_Custom outer split 0.7/0.1/0.2 (author protocol); inner: 3 expanding chronological folds inside TRAIN, validation 15 percent, purge 816 rows = lookback 96 + max horizon 720 rows",4590e37c1c2dc94ea6a8a49c809efe6aa2c09b175aaae03f8ca03adc182dce25
weather:inner_3:acf_selected,sota_benchmarks.thuml_tsl_weather.train,inner_3,acf_selected,21,4,84,84,0,0,0,COMPLETE,"TSL Dataset_Custom outer split 0.7/0.1/0.2 (author protocol); inner: 3 expanding chronological folds inside TRAIN, validation 15 percent, purge 816 rows = lookback 96 + max horizon 720 rows",4590e37c1c2dc94ea6a8a49c809efe6aa2c09b175aaae03f8ca03adc182dce25
weather:inner_3:cost,sota_benchmarks.thuml_tsl_weather.train,inner_3,cost,21,5,105,105,0,0,0,COMPLETE,"TSL Dataset_Custom outer split 0.7/0.1/0.2 (author protocol); inner: 3 expanding chronological folds inside TRAIN, validation 15 percent, purge 816 rows = lookback 96 + max horizon 720 rows",4590e37c1c2dc94ea6a8a49c809efe6aa2c09b175aaae03f8ca03adc182dce25
weather:inner_3:distribution,sota_benchmarks.thuml_tsl_weather.train,inner_3,distribution,21,11,231,227,0,0,4,PARTIAL,"TSL Dataset_Custom outer split 0.7/0.1/0.2 (author protocol); inner: 3 expanding chronological folds inside TRAIN, validation 15 percent, purge 816 rows = lookback 96 + max horizon 720 rows",4590e37c1c2dc94ea6a8a49c809efe6aa2c09b175aaae03f8ca03adc182dce25
weather:inner_3:quality,sota_benchmarks.thuml_tsl_weather.train,inner_3,quality,21,5,105,105,0,0,0,COMPLETE,"TSL Dataset_Custom outer split 0.7/0.1/0.2 (author protocol); inner: 3 expanding chronological folds inside TRAIN, validation 15 percent, purge 816 rows = lookback 96 + max horizon 720 rows",4590e37c1c2dc94ea6a8a49c809efe6aa2c09b175aaae03f8ca03adc182dce25
weather:inner_3:seasonality,sota_benchmarks.thuml_tsl_weather.train,inner_3,seasonality,21,4,84,84,0,0,0,COMPLETE,"TSL Dataset_Custom outer split 0.7/0.1/0.2 (author protocol); inner: 3 expanding chronological folds inside TRAIN, validation 15 percent, purge 816 rows = lookback 96 + max horizon 720 rows",4590e37c1c2dc94ea6a8a49c809efe6aa2c09b175aaae03f8ca03adc182dce25
weather:inner_3:spectral,sota_benchmarks.thuml_tsl_weather.train,inner_3,spectral,21,2,42,0,0,0,42,DEFERRED_TO_PS4,"TSL Dataset_Custom outer split 0.7/0.1/0.2 (author protocol); inner: 3 expanding chronological folds inside TRAIN, validation 15 percent, purge 816 rows = lookback 96 + max horizon 720 rows",4590e37c1c2dc94ea6a8a49c809efe6aa2c09b175aaae03f8ca03adc182dce25
weather:inner_3:stationarity,sota_benchmarks.thuml_tsl_weather.train,inner_3,stationarity,21,2,42,0,0,0,42,DEFERRED_TO_PS4,"TSL Dataset_Custom outer split 0.7/0.1/0.2 (author protocol); inner: 3 expanding chronological folds inside TRAIN, validation 15 percent, purge 816 rows = lookback 96 + max horizon 720 rows",4590e37c1c2dc94ea6a8a49c809efe6aa2c09b175aaae03f8ca03adc182dce25
weather:inner_3:stl,sota_benchmarks.thuml_tsl_weather.train,inner_3,stl,21,1,21,0,0,0,21,DEFERRED_TO_PS4,"TSL Dataset_Custom outer split 0.7/0.1/0.2 (author protocol); inner: 3 expanding chronological folds inside TRAIN, validation 15 percent, purge 816 rows = lookback 96 + max horizon 720 rows",4590e37c1c2dc94ea6a8a49c809efe6aa2c09b175aaae03f8ca03adc182dce25
weather:inner_3:volatility,sota_benchmarks.thuml_tsl_weather.train,inner_3,volatility,21,3,63,63,0,0,0,COMPLETE,"TSL Dataset_Custom outer split 0.7/0.1/0.2 (author protocol); inner: 3 expanding chronological folds inside TRAIN, validation 15 percent, purge 816 rows = lookback 96 + max horizon 720 rows",4590e37c1c2dc94ea6a8a49c809efe6aa2c09b175aaae03f8ca03adc182dce25
weather:outer_train:acf_selected,sota_benchmarks.thuml_tsl_weather.train,outer_train,acf_selected,21,4,84,84,0,0,0,COMPLETE,"TSL Dataset_Custom outer split 0.7/0.1/0.2 (author protocol); inner: 3 expanding chronological folds inside TRAIN, validation 15 percent, purge 816 rows = lookback 96 + max horizon 720 rows",4590e37c1c2dc94ea6a8a49c809efe6aa2c09b175aaae03f8ca03adc182dce25
weather:outer_train:cost,sota_benchmarks.thuml_tsl_weather.train,outer_train,cost,21,5,105,105,0,0,0,COMPLETE,"TSL Dataset_Custom outer split 0.7/0.1/0.2 (author protocol); inner: 3 expanding chronological folds inside TRAIN, validation 15 percent, purge 816 rows = lookback 96 + max horizon 720 rows",4590e37c1c2dc94ea6a8a49c809efe6aa2c09b175aaae03f8ca03adc182dce25
weather:outer_train:distribution,sota_benchmarks.thuml_tsl_weather.train,outer_train,distribution,21,11,231,227,0,0,4,PARTIAL,"TSL Dataset_Custom outer split 0.7/0.1/0.2 (author protocol); inner: 3 expanding chronological folds inside TRAIN, validation 15 percent, purge 816 rows = lookback 96 + max horizon 720 rows",4590e37c1c2dc94ea6a8a49c809efe6aa2c09b175aaae03f8ca03adc182dce25
weather:outer_train:quality,sota_benchmarks.thuml_tsl_weather.train,outer_train,quality,21,5,105,105,0,0,0,COMPLETE,"TSL Dataset_Custom outer split 0.7/0.1/0.2 (author protocol); inner: 3 expanding chronological folds inside TRAIN, validation 15 percent, purge 816 rows = lookback 96 + max horizon 720 rows",4590e37c1c2dc94ea6a8a49c809efe6aa2c09b175aaae03f8ca03adc182dce25
weather:outer_train:seasonality,sota_benchmarks.thuml_tsl_weather.train,outer_train,seasonality,21,4,84,84,0,0,0,COMPLETE,"TSL Dataset_Custom outer split 0.7/0.1/0.2 (author protocol); inner: 3 expanding chronological folds inside TRAIN, validation 15 percent, purge 816 rows = lookback 96 + max horizon 720 rows",4590e37c1c2dc94ea6a8a49c809efe6aa2c09b175aaae03f8ca03adc182dce25
weather:outer_train:spectral,sota_benchmarks.thuml_tsl_weather.train,outer_train,spectral,21,2,42,42,42,0,0,REUSED_FROM_V2,"TSL Dataset_Custom outer split 0.7/0.1/0.2 (author protocol); inner: 3 expanding chronological folds inside TRAIN, validation 15 percent, purge 816 rows = lookback 96 + max horizon 720 rows",4590e37c1c2dc94ea6a8a49c809efe6aa2c09b175aaae03f8ca03adc182dce25
weather:outer_train:stationarity,sota_benchmarks.thuml_tsl_weather.train,outer_train,stationarity,21,2,42,42,42,0,0,REUSED_FROM_V2,"TSL Dataset_Custom outer split 0.7/0.1/0.2 (author protocol); inner: 3 expanding chronological folds inside TRAIN, validation 15 percent, purge 816 rows = lookback 96 + max horizon 720 rows",4590e37c1c2dc94ea6a8a49c809efe6aa2c09b175aaae03f8ca03adc182dce25
weather:outer_train:stl,sota_benchmarks.thuml_tsl_weather.train,outer_train,stl,21,1,21,21,21,0,0,REUSED_FROM_V2,"TSL Dataset_Custom outer split 0.7/0.1/0.2 (author protocol); inner: 3 expanding chronological folds inside TRAIN, validation 15 percent, purge 816 rows = lookback 96 + max horizon 720 rows",4590e37c1c2dc94ea6a8a49c809efe6aa2c09b175aaae03f8ca03adc182dce25
weather:outer_train:volatility,sota_benchmarks.thuml_tsl_weather.train,outer_train,volatility,21,3,63,63,0,0,0,COMPLETE,"TSL Dataset_Custom outer split 0.7/0.1/0.2 (author protocol); inner: 3 expanding chronological folds inside TRAIN, validation 15 percent, purge 816 rows = lookback 96 + max horizon 720 rows",4590e37c1c2dc94ea6a8a49c809efe6aa2c09b175aaae03f8ca03adc182dce25
d4:inner_1:acf_selected,predictor.legacy.eurusd.phase1b.normalized_d4.train,inner_1,acf_selected,23,4,92,92,0,0,0,COMPLETE,"dedicated TRAIN file named by the phase-1b config; inner: 3 expanding folds, validation 15 percent, purge 60 rows; rows irregular (weekend gaps), periods in rows",4590e37c1c2dc94ea6a8a49c809efe6aa2c09b175aaae03f8ca03adc182dce25
d4:inner_1:cost,predictor.legacy.eurusd.phase1b.normalized_d4.train,inner_1,cost,23,5,115,115,0,0,0,COMPLETE,"dedicated TRAIN file named by the phase-1b config; inner: 3 expanding folds, validation 15 percent, purge 60 rows; rows irregular (weekend gaps), periods in rows",4590e37c1c2dc94ea6a8a49c809efe6aa2c09b175aaae03f8ca03adc182dce25
d4:inner_1:distribution,predictor.legacy.eurusd.phase1b.normalized_d4.train,inner_1,distribution,23,11,253,253,0,0,0,COMPLETE,"dedicated TRAIN file named by the phase-1b config; inner: 3 expanding folds, validation 15 percent, purge 60 rows; rows irregular (weekend gaps), periods in rows",4590e37c1c2dc94ea6a8a49c809efe6aa2c09b175aaae03f8ca03adc182dce25
d4:inner_1:quality,predictor.legacy.eurusd.phase1b.normalized_d4.train,inner_1,quality,23,5,115,115,0,0,0,COMPLETE,"dedicated TRAIN file named by the phase-1b config; inner: 3 expanding folds, validation 15 percent, purge 60 rows; rows irregular (weekend gaps), periods in rows",4590e37c1c2dc94ea6a8a49c809efe6aa2c09b175aaae03f8ca03adc182dce25
d4:inner_1:seasonality,predictor.legacy.eurusd.phase1b.normalized_d4.train,inner_1,seasonality,23,4,92,92,0,0,0,COMPLETE,"dedicated TRAIN file named by the phase-1b config; inner: 3 expanding folds, validation 15 percent, purge 60 rows; rows irregular (weekend gaps), periods in rows",4590e37c1c2dc94ea6a8a49c809efe6aa2c09b175aaae03f8ca03adc182dce25
d4:inner_1:spectral,predictor.legacy.eurusd.phase1b.normalized_d4.train,inner_1,spectral,23,2,46,0,0,0,46,DEFERRED_TO_PS4,"dedicated TRAIN file named by the phase-1b config; inner: 3 expanding folds, validation 15 percent, purge 60 rows; rows irregular (weekend gaps), periods in rows",4590e37c1c2dc94ea6a8a49c809efe6aa2c09b175aaae03f8ca03adc182dce25
d4:inner_1:stationarity,predictor.legacy.eurusd.phase1b.normalized_d4.train,inner_1,stationarity,23,2,46,0,0,0,46,DEFERRED_TO_PS4,"dedicated TRAIN file named by the phase-1b config; inner: 3 expanding folds, validation 15 percent, purge 60 rows; rows irregular (weekend gaps), periods in rows",4590e37c1c2dc94ea6a8a49c809efe6aa2c09b175aaae03f8ca03adc182dce25
d4:inner_1:stl,predictor.legacy.eurusd.phase1b.normalized_d4.train,inner_1,stl,23,1,23,0,0,0,23,DEFERRED_TO_PS4,"dedicated TRAIN file named by the phase-1b config; inner: 3 expanding folds, validation 15 percent, purge 60 rows; rows irregular (weekend gaps), periods in rows",4590e37c1c2dc94ea6a8a49c809efe6aa2c09b175aaae03f8ca03adc182dce25
d4:inner_1:volatility,predictor.legacy.eurusd.phase1b.normalized_d4.train,inner_1,volatility,23,3,69,69,0,0,0,COMPLETE,"dedicated TRAIN file named by the phase-1b config; inner: 3 expanding folds, validation 15 percent, purge 60 rows; rows irregular (weekend gaps), periods in rows",4590e37c1c2dc94ea6a8a49c809efe6aa2c09b175aaae03f8ca03adc182dce25
d4:inner_2:acf_selected,predictor.legacy.eurusd.phase1b.normalized_d4.train,inner_2,acf_selected,23,4,92,92,0,0,0,COMPLETE,"dedicated TRAIN file named by the phase-1b config; inner: 3 expanding folds, validation 15 percent, purge 60 rows; rows irregular (weekend gaps), periods in rows",4590e37c1c2dc94ea6a8a49c809efe6aa2c09b175aaae03f8ca03adc182dce25
d4:inner_2:cost,predictor.legacy.eurusd.phase1b.normalized_d4.train,inner_2,cost,23,5,115,115,0,0,0,COMPLETE,"dedicated TRAIN file named by the phase-1b config; inner: 3 expanding folds, validation 15 percent, purge 60 rows; rows irregular (weekend gaps), periods in rows",4590e37c1c2dc94ea6a8a49c809efe6aa2c09b175aaae03f8ca03adc182dce25
d4:inner_2:distribution,predictor.legacy.eurusd.phase1b.normalized_d4.train,inner_2,distribution,23,11,253,253,0,0,0,COMPLETE,"dedicated TRAIN file named by the phase-1b config; inner: 3 expanding folds, validation 15 percent, purge 60 rows; rows irregular (weekend gaps), periods in rows",4590e37c1c2dc94ea6a8a49c809efe6aa2c09b175aaae03f8ca03adc182dce25
d4:inner_2:quality,predictor.legacy.eurusd.phase1b.normalized_d4.train,inner_2,quality,23,5,115,115,0,0,0,COMPLETE,"dedicated TRAIN file named by the phase-1b config; inner: 3 expanding folds, validation 15 percent, purge 60 rows; rows irregular (weekend gaps), periods in rows",4590e37c1c2dc94ea6a8a49c809efe6aa2c09b175aaae03f8ca03adc182dce25
d4:inner_2:seasonality,predictor.legacy.eurusd.phase1b.normalized_d4.train,inner_2,seasonality,23,4,92,92,0,0,0,COMPLETE,"dedicated TRAIN file named by the phase-1b config; inner: 3 expanding folds, validation 15 percent, purge 60 rows; rows irregular (weekend gaps), periods in rows",4590e37c1c2dc94ea6a8a49c809efe6aa2c09b175aaae03f8ca03adc182dce25
d4:inner_2:spectral,predictor.legacy.eurusd.phase1b.normalized_d4.train,inner_2,spectral,23,2,46,0,0,0,46,DEFERRED_TO_PS4,"dedicated TRAIN file named by the phase-1b config; inner: 3 expanding folds, validation 15 percent, purge 60 rows; rows irregular (weekend gaps), periods in rows",4590e37c1c2dc94ea6a8a49c809efe6aa2c09b175aaae03f8ca03adc182dce25
d4:inner_2:stationarity,predictor.legacy.eurusd.phase1b.normalized_d4.train,inner_2,stationarity,23,2,46,0,0,0,46,DEFERRED_TO_PS4,"dedicated TRAIN file named by the phase-1b config; inner: 3 expanding folds, validation 15 percent, purge 60 rows; rows irregular (weekend gaps), periods in rows",4590e37c1c2dc94ea6a8a49c809efe6aa2c09b175aaae03f8ca03adc182dce25
d4:inner_2:stl,predictor.legacy.eurusd.phase1b.normalized_d4.train,inner_2,stl,23,1,23,0,0,0,23,DEFERRED_TO_PS4,"dedicated TRAIN file named by the phase-1b config; inner: 3 expanding folds, validation 15 percent, purge 60 rows; rows irregular (weekend gaps), periods in rows",4590e37c1c2dc94ea6a8a49c809efe6aa2c09b175aaae03f8ca03adc182dce25
d4:inner_2:volatility,predictor.legacy.eurusd.phase1b.normalized_d4.train,inner_2,volatility,23,3,69,69,0,0,0,COMPLETE,"dedicated TRAIN file named by the phase-1b config; inner: 3 expanding folds, validation 15 percent, purge 60 rows; rows irregular (weekend gaps), periods in rows",4590e37c1c2dc94ea6a8a49c809efe6aa2c09b175aaae03f8ca03adc182dce25
d4:inner_3:acf_selected,predictor.legacy.eurusd.phase1b.normalized_d4.train,inner_3,acf_selected,23,4,92,92,0,0,0,COMPLETE,"dedicated TRAIN file named by the phase-1b config; inner: 3 expanding folds, validation 15 percent, purge 60 rows; rows irregular (weekend gaps), periods in rows",4590e37c1c2dc94ea6a8a49c809efe6aa2c09b175aaae03f8ca03adc182dce25
d4:inner_3:cost,predictor.legacy.eurusd.phase1b.normalized_d4.train,inner_3,cost,23,5,115,115,0,0,0,COMPLETE,"dedicated TRAIN file named by the phase-1b config; inner: 3 expanding folds, validation 15 percent, purge 60 rows; rows irregular (weekend gaps), periods in rows",4590e37c1c2dc94ea6a8a49c809efe6aa2c09b175aaae03f8ca03adc182dce25
d4:inner_3:distribution,predictor.legacy.eurusd.phase1b.normalized_d4.train,inner_3,distribution,23,11,253,253,0,0,0,COMPLETE,"dedicated TRAIN file named by the phase-1b config; inner: 3 expanding folds, validation 15 percent, purge 60 rows; rows irregular (weekend gaps), periods in rows",4590e37c1c2dc94ea6a8a49c809efe6aa2c09b175aaae03f8ca03adc182dce25
d4:inner_3:quality,predictor.legacy.eurusd.phase1b.normalized_d4.train,inner_3,quality,23,5,115,115,0,0,0,COMPLETE,"dedicated TRAIN file named by the phase-1b config; inner: 3 expanding folds, validation 15 percent, purge 60 rows; rows irregular (weekend gaps), periods in rows",4590e37c1c2dc94ea6a8a49c809efe6aa2c09b175aaae03f8ca03adc182dce25
d4:inner_3:seasonality,predictor.legacy.eurusd.phase1b.normalized_d4.train,inner_3,seasonality,23,4,92,92,0,0,0,COMPLETE,"dedicated TRAIN file named by the phase-1b config; inner: 3 expanding folds, validation 15 percent, purge 60 rows; rows irregular (weekend gaps), periods in rows",4590e37c1c2dc94ea6a8a49c809efe6aa2c09b175aaae03f8ca03adc182dce25
d4:inner_3:spectral,predictor.legacy.eurusd.phase1b.normalized_d4.train,inner_3,spectral,23,2,46,0,0,0,46,DEFERRED_TO_PS4,"dedicated TRAIN file named by the phase-1b config; inner: 3 expanding folds, validation 15 percent, purge 60 rows; rows irregular (weekend gaps), periods in rows",4590e37c1c2dc94ea6a8a49c809efe6aa2c09b175aaae03f8ca03adc182dce25
d4:inner_3:stationarity,predictor.legacy.eurusd.phase1b.normalized_d4.train,inner_3,stationarity,23,2,46,0,0,0,46,DEFERRED_TO_PS4,"dedicated TRAIN file named by the phase-1b config; inner: 3 expanding folds, validation 15 percent, purge 60 rows; rows irregular (weekend gaps), periods in rows",4590e37c1c2dc94ea6a8a49c809efe6aa2c09b175aaae03f8ca03adc182dce25
d4:inner_3:stl,predictor.legacy.eurusd.phase1b.normalized_d4.train,inner_3,stl,23,1,23,0,0,0,23,DEFERRED_TO_PS4,"dedicated TRAIN file named by the phase-1b config; inner: 3 expanding folds, validation 15 percent, purge 60 rows; rows irregular (weekend gaps), periods in rows",4590e37c1c2dc94ea6a8a49c809efe6aa2c09b175aaae03f8ca03adc182dce25
d4:inner_3:volatility,predictor.legacy.eurusd.phase1b.normalized_d4.train,inner_3,volatility,23,3,69,69,0,0,0,COMPLETE,"dedicated TRAIN file named by the phase-1b config; inner: 3 expanding folds, validation 15 percent, purge 60 rows; rows irregular (weekend gaps), periods in rows",4590e37c1c2dc94ea6a8a49c809efe6aa2c09b175aaae03f8ca03adc182dce25
d4:outer_train:acf_selected,predictor.legacy.eurusd.phase1b.normalized_d4.train,outer_train,acf_selected,23,4,92,92,0,0,0,COMPLETE,"dedicated TRAIN file named by the phase-1b config; inner: 3 expanding folds, validation 15 percent, purge 60 rows; rows irregular (weekend gaps), periods in rows",4590e37c1c2dc94ea6a8a49c809efe6aa2c09b175aaae03f8ca03adc182dce25
d4:outer_train:cost,predictor.legacy.eurusd.phase1b.normalized_d4.train,outer_train,cost,23,5,115,115,0,0,0,COMPLETE,"dedicated TRAIN file named by the phase-1b config; inner: 3 expanding folds, validation 15 percent, purge 60 rows; rows irregular (weekend gaps), periods in rows",4590e37c1c2dc94ea6a8a49c809efe6aa2c09b175aaae03f8ca03adc182dce25
d4:outer_train:distribution,predictor.legacy.eurusd.phase1b.normalized_d4.train,outer_train,distribution,23,11,253,253,0,0,0,COMPLETE,"dedicated TRAIN file named by the phase-1b config; inner: 3 expanding folds, validation 15 percent, purge 60 rows; rows irregular (weekend gaps), periods in rows",4590e37c1c2dc94ea6a8a49c809efe6aa2c09b175aaae03f8ca03adc182dce25
d4:outer_train:quality,predictor.legacy.eurusd.phase1b.normalized_d4.train,outer_train,quality,23,5,115,115,0,0,0,COMPLETE,"dedicated TRAIN file named by the phase-1b config; inner: 3 expanding folds, validation 15 percent, purge 60 rows; rows irregular (weekend gaps), periods in rows",4590e37c1c2dc94ea6a8a49c809efe6aa2c09b175aaae03f8ca03adc182dce25
d4:outer_train:seasonality,predictor.legacy.eurusd.phase1b.normalized_d4.train,outer_train,seasonality,23,4,92,92,0,0,0,COMPLETE,"dedicated TRAIN file named by the phase-1b config; inner: 3 expanding folds, validation 15 percent, purge 60 rows; rows irregular (weekend gaps), periods in rows",4590e37c1c2dc94ea6a8a49c809efe6aa2c09b175aaae03f8ca03adc182dce25
d4:outer_train:spectral,predictor.legacy.eurusd.phase1b.normalized_d4.train,outer_train,spectral,23,2,46,46,46,0,0,REUSED_FROM_V2,"dedicated TRAIN file named by the phase-1b config; inner: 3 expanding folds, validation 15 percent, purge 60 rows; rows irregular (weekend gaps), periods in rows",4590e37c1c2dc94ea6a8a49c809efe6aa2c09b175aaae03f8ca03adc182dce25
d4:outer_train:stationarity,predictor.legacy.eurusd.phase1b.normalized_d4.train,outer_train,stationarity,23,2,46,46,46,0,0,REUSED_FROM_V2,"dedicated TRAIN file named by the phase-1b config; inner: 3 expanding folds, validation 15 percent, purge 60 rows; rows irregular (weekend gaps), periods in rows",4590e37c1c2dc94ea6a8a49c809efe6aa2c09b175aaae03f8ca03adc182dce25
d4:outer_train:stl,predictor.legacy.eurusd.phase1b.normalized_d4.train,outer_train,stl,23,1,23,23,23,0,0,REUSED_FROM_V2,"dedicated TRAIN file named by the phase-1b config; inner: 3 expanding folds, validation 15 percent, purge 60 rows; rows irregular (weekend gaps), periods in rows",4590e37c1c2dc94ea6a8a49c809efe6aa2c09b175aaae03f8ca03adc182dce25
d4:outer_train:volatility,predictor.legacy.eurusd.phase1b.normalized_d4.train,outer_train,volatility,23,3,69,69,0,0,0,COMPLETE,"dedicated TRAIN file named by the phase-1b config; inner: 3 expanding folds, validation 15 percent, purge 60 rows; rows irregular (weekend gaps), periods in rows",4590e37c1c2dc94ea6a8a49c809efe6aa2c09b175aaae03f8ca03adc182dce25
electricity:inner_1:acf_selected,sota_benchmarks.thuml_tsl_electricity.train,inner_1,acf_selected,321,4,1284,1284,0,0,0,COMPLETE,"TSL Dataset_Custom outer split 0.7/0.1/0.2 (author protocol); inner: 3 expanding chronological folds inside TRAIN, validation 15 percent, purge 816 rows = lookback 96 + max horizon 720 rows",4590e37c1c2dc94ea6a8a49c809efe6aa2c09b175aaae03f8ca03adc182dce25
electricity:inner_1:cost,sota_benchmarks.thuml_tsl_electricity.train,inner_1,cost,321,5,1605,1605,0,0,0,COMPLETE,"TSL Dataset_Custom outer split 0.7/0.1/0.2 (author protocol); inner: 3 expanding chronological folds inside TRAIN, validation 15 percent, purge 816 rows = lookback 96 + max horizon 720 rows",4590e37c1c2dc94ea6a8a49c809efe6aa2c09b175aaae03f8ca03adc182dce25
electricity:inner_1:distribution,sota_benchmarks.thuml_tsl_electricity.train,inner_1,distribution,321,11,3531,3527,0,0,4,PARTIAL,"TSL Dataset_Custom outer split 0.7/0.1/0.2 (author protocol); inner: 3 expanding chronological folds inside TRAIN, validation 15 percent, purge 816 rows = lookback 96 + max horizon 720 rows",4590e37c1c2dc94ea6a8a49c809efe6aa2c09b175aaae03f8ca03adc182dce25
electricity:inner_1:quality,sota_benchmarks.thuml_tsl_electricity.train,inner_1,quality,321,5,1605,1605,0,0,0,COMPLETE,"TSL Dataset_Custom outer split 0.7/0.1/0.2 (author protocol); inner: 3 expanding chronological folds inside TRAIN, validation 15 percent, purge 816 rows = lookback 96 + max horizon 720 rows",4590e37c1c2dc94ea6a8a49c809efe6aa2c09b175aaae03f8ca03adc182dce25
electricity:inner_1:seasonality,sota_benchmarks.thuml_tsl_electricity.train,inner_1,seasonality,321,4,1284,1284,0,0,0,COMPLETE,"TSL Dataset_Custom outer split 0.7/0.1/0.2 (author protocol); inner: 3 expanding chronological folds inside TRAIN, validation 15 percent, purge 816 rows = lookback 96 + max horizon 720 rows",4590e37c1c2dc94ea6a8a49c809efe6aa2c09b175aaae03f8ca03adc182dce25
electricity:inner_1:spectral,sota_benchmarks.thuml_tsl_electricity.train,inner_1,spectral,321,2,642,0,0,0,642,DEFERRED_TO_PS4,"TSL Dataset_Custom outer split 0.7/0.1/0.2 (author protocol); inner: 3 expanding chronological folds inside TRAIN, validation 15 percent, purge 816 rows = lookback 96 + max horizon 720 rows",4590e37c1c2dc94ea6a8a49c809efe6aa2c09b175aaae03f8ca03adc182dce25
electricity:inner_1:stationarity,sota_benchmarks.thuml_tsl_electricity.train,inner_1,stationarity,321,2,642,0,0,0,642,DEFERRED_TO_PS4,"TSL Dataset_Custom outer split 0.7/0.1/0.2 (author protocol); inner: 3 expanding chronological folds inside TRAIN, validation 15 percent, purge 816 rows = lookback 96 + max horizon 720 rows",4590e37c1c2dc94ea6a8a49c809efe6aa2c09b175aaae03f8ca03adc182dce25
electricity:inner_1:stl,sota_benchmarks.thuml_tsl_electricity.train,inner_1,stl,321,1,321,0,0,0,321,DEFERRED_TO_PS4,"TSL Dataset_Custom outer split 0.7/0.1/0.2 (author protocol); inner: 3 expanding chronological folds inside TRAIN, validation 15 percent, purge 816 rows = lookback 96 + max horizon 720 rows",4590e37c1c2dc94ea6a8a49c809efe6aa2c09b175aaae03f8ca03adc182dce25
electricity:inner_1:volatility,sota_benchmarks.thuml_tsl_electricity.train,inner_1,volatility,321,3,963,963,0,0,0,COMPLETE,"TSL Dataset_Custom outer split 0.7/0.1/0.2 (author protocol); inner: 3 expanding chronological folds inside TRAIN, validation 15 percent, purge 816 rows = lookback 96 + max horizon 720 rows",4590e37c1c2dc94ea6a8a49c809efe6aa2c09b175aaae03f8ca03adc182dce25
electricity:inner_2:acf_selected,sota_benchmarks.thuml_tsl_electricity.train,inner_2,acf_selected,321,4,1284,1284,0,0,0,COMPLETE,"TSL Dataset_Custom outer split 0.7/0.1/0.2 (author protocol); inner: 3 expanding chronological folds inside TRAIN, validation 15 percent, purge 816 rows = lookback 96 + max horizon 720 rows",4590e37c1c2dc94ea6a8a49c809efe6aa2c09b175aaae03f8ca03adc182dce25
electricity:inner_2:cost,sota_benchmarks.thuml_tsl_electricity.train,inner_2,cost,321,5,1605,1605,0,0,0,COMPLETE,"TSL Dataset_Custom outer split 0.7/0.1/0.2 (author protocol); inner: 3 expanding chronological folds inside TRAIN, validation 15 percent, purge 816 rows = lookback 96 + max horizon 720 rows",4590e37c1c2dc94ea6a8a49c809efe6aa2c09b175aaae03f8ca03adc182dce25
electricity:inner_2:distribution,sota_benchmarks.thuml_tsl_electricity.train,inner_2,distribution,321,11,3531,3528,0,0,3,PARTIAL,"TSL Dataset_Custom outer split 0.7/0.1/0.2 (author protocol); inner: 3 expanding chronological folds inside TRAIN, validation 15 percent, purge 816 rows = lookback 96 + max horizon 720 rows",4590e37c1c2dc94ea6a8a49c809efe6aa2c09b175aaae03f8ca03adc182dce25
electricity:inner_2:quality,sota_benchmarks.thuml_tsl_electricity.train,inner_2,quality,321,5,1605,1605,0,0,0,COMPLETE,"TSL Dataset_Custom outer split 0.7/0.1/0.2 (author protocol); inner: 3 expanding chronological folds inside TRAIN, validation 15 percent, purge 816 rows = lookback 96 + max horizon 720 rows",4590e37c1c2dc94ea6a8a49c809efe6aa2c09b175aaae03f8ca03adc182dce25
electricity:inner_2:seasonality,sota_benchmarks.thuml_tsl_electricity.train,inner_2,seasonality,321,4,1284,1284,0,0,0,COMPLETE,"TSL Dataset_Custom outer split 0.7/0.1/0.2 (author protocol); inner: 3 expanding chronological folds inside TRAIN, validation 15 percent, purge 816 rows = lookback 96 + max horizon 720 rows",4590e37c1c2dc94ea6a8a49c809efe6aa2c09b175aaae03f8ca03adc182dce25
electricity:inner_2:spectral,sota_benchmarks.thuml_tsl_electricity.train,inner_2,spectral,321,2,642,0,0,0,642,DEFERRED_TO_PS4,"TSL Dataset_Custom outer split 0.7/0.1/0.2 (author protocol); inner: 3 expanding chronological folds inside TRAIN, validation 15 percent, purge 816 rows = lookback 96 + max horizon 720 rows",4590e37c1c2dc94ea6a8a49c809efe6aa2c09b175aaae03f8ca03adc182dce25
electricity:inner_2:stationarity,sota_benchmarks.thuml_tsl_electricity.train,inner_2,stationarity,321,2,642,0,0,0,642,DEFERRED_TO_PS4,"TSL Dataset_Custom outer split 0.7/0.1/0.2 (author protocol); inner: 3 expanding chronological folds inside TRAIN, validation 15 percent, purge 816 rows = lookback 96 + max horizon 720 rows",4590e37c1c2dc94ea6a8a49c809efe6aa2c09b175aaae03f8ca03adc182dce25
electricity:inner_2:stl,sota_benchmarks.thuml_tsl_electricity.train,inner_2,stl,321,1,321,0,0,0,321,DEFERRED_TO_PS4,"TSL Dataset_Custom outer split 0.7/0.1/0.2 (author protocol); inner: 3 expanding chronological folds inside TRAIN, validation 15 percent, purge 816 rows = lookback 96 + max horizon 720 rows",4590e37c1c2dc94ea6a8a49c809efe6aa2c09b175aaae03f8ca03adc182dce25
electricity:inner_2:volatility,sota_benchmarks.thuml_tsl_electricity.train,inner_2,volatility,321,3,963,963,0,0,0,COMPLETE,"TSL Dataset_Custom outer split 0.7/0.1/0.2 (author protocol); inner: 3 expanding chronological folds inside TRAIN, validation 15 percent, purge 816 rows = lookback 96 + max horizon 720 rows",4590e37c1c2dc94ea6a8a49c809efe6aa2c09b175aaae03f8ca03adc182dce25
electricity:inner_3:acf_selected,sota_benchmarks.thuml_tsl_electricity.train,inner_3,acf_selected,321,4,1284,1284,0,0,0,COMPLETE,"TSL Dataset_Custom outer split 0.7/0.1/0.2 (author protocol); inner: 3 expanding chronological folds inside TRAIN, validation 15 percent, purge 816 rows = lookback 96 + max horizon 720 rows",4590e37c1c2dc94ea6a8a49c809efe6aa2c09b175aaae03f8ca03adc182dce25
electricity:inner_3:cost,sota_benchmarks.thuml_tsl_electricity.train,inner_3,cost,321,5,1605,1605,0,0,0,COMPLETE,"TSL Dataset_Custom outer split 0.7/0.1/0.2 (author protocol); inner: 3 expanding chronological folds inside TRAIN, validation 15 percent, purge 816 rows = lookback 96 + max horizon 720 rows",4590e37c1c2dc94ea6a8a49c809efe6aa2c09b175aaae03f8ca03adc182dce25
electricity:inner_3:distribution,sota_benchmarks.thuml_tsl_electricity.train,inner_3,distribution,321,11,3531,3526,0,0,5,PARTIAL,"TSL Dataset_Custom outer split 0.7/0.1/0.2 (author protocol); inner: 3 expanding chronological folds inside TRAIN, validation 15 percent, purge 816 rows = lookback 96 + max horizon 720 rows",4590e37c1c2dc94ea6a8a49c809efe6aa2c09b175aaae03f8ca03adc182dce25
electricity:inner_3:quality,sota_benchmarks.thuml_tsl_electricity.train,inner_3,quality,321,5,1605,1605,0,0,0,COMPLETE,"TSL Dataset_Custom outer split 0.7/0.1/0.2 (author protocol); inner: 3 expanding chronological folds inside TRAIN, validation 15 percent, purge 816 rows = lookback 96 + max horizon 720 rows",4590e37c1c2dc94ea6a8a49c809efe6aa2c09b175aaae03f8ca03adc182dce25
electricity:inner_3:seasonality,sota_benchmarks.thuml_tsl_electricity.train,inner_3,seasonality,321,4,1284,1284,0,0,0,COMPLETE,"TSL Dataset_Custom outer split 0.7/0.1/0.2 (author protocol); inner: 3 expanding chronological folds inside TRAIN, validation 15 percent, purge 816 rows = lookback 96 + max horizon 720 rows",4590e37c1c2dc94ea6a8a49c809efe6aa2c09b175aaae03f8ca03adc182dce25
electricity:inner_3:spectral,sota_benchmarks.thuml_tsl_electricity.train,inner_3,spectral,321,2,642,0,0,0,642,DEFERRED_TO_PS4,"TSL Dataset_Custom outer split 0.7/0.1/0.2 (author protocol); inner: 3 expanding chronological folds inside TRAIN, validation 15 percent, purge 816 rows = lookback 96 + max horizon 720 rows",4590e37c1c2dc94ea6a8a49c809efe6aa2c09b175aaae03f8ca03adc182dce25
electricity:inner_3:stationarity,sota_benchmarks.thuml_tsl_electricity.train,inner_3,stationarity,321,2,642,0,0,0,642,DEFERRED_TO_PS4,"TSL Dataset_Custom outer split 0.7/0.1/0.2 (author protocol); inner: 3 expanding chronological folds inside TRAIN, validation 15 percent, purge 816 rows = lookback 96 + max horizon 720 rows",4590e37c1c2dc94ea6a8a49c809efe6aa2c09b175aaae03f8ca03adc182dce25
electricity:inner_3:stl,sota_benchmarks.thuml_tsl_electricity.train,inner_3,stl,321,1,321,0,0,0,321,DEFERRED_TO_PS4,"TSL Dataset_Custom outer split 0.7/0.1/0.2 (author protocol); inner: 3 expanding chronological folds inside TRAIN, validation 15 percent, purge 816 rows = lookback 96 + max horizon 720 rows",4590e37c1c2dc94ea6a8a49c809efe6aa2c09b175aaae03f8ca03adc182dce25
electricity:inner_3:volatility,sota_benchmarks.thuml_tsl_electricity.train,inner_3,volatility,321,3,963,963,0,0,0,COMPLETE,"TSL Dataset_Custom outer split 0.7/0.1/0.2 (author protocol); inner: 3 expanding chronological folds inside TRAIN, validation 15 percent, purge 816 rows = lookback 96 + max horizon 720 rows",4590e37c1c2dc94ea6a8a49c809efe6aa2c09b175aaae03f8ca03adc182dce25
electricity:outer_train:acf_selected,sota_benchmarks.thuml_tsl_electricity.train,outer_train,acf_selected,321,4,1284,1284,0,0,0,COMPLETE,"TSL Dataset_Custom outer split 0.7/0.1/0.2 (author protocol); inner: 3 expanding chronological folds inside TRAIN, validation 15 percent, purge 816 rows = lookback 96 + max horizon 720 rows",4590e37c1c2dc94ea6a8a49c809efe6aa2c09b175aaae03f8ca03adc182dce25
electricity:outer_train:cost,sota_benchmarks.thuml_tsl_electricity.train,outer_train,cost,321,5,1605,1605,0,0,0,COMPLETE,"TSL Dataset_Custom outer split 0.7/0.1/0.2 (author protocol); inner: 3 expanding chronological folds inside TRAIN, validation 15 percent, purge 816 rows = lookback 96 + max horizon 720 rows",4590e37c1c2dc94ea6a8a49c809efe6aa2c09b175aaae03f8ca03adc182dce25
electricity:outer_train:distribution,sota_benchmarks.thuml_tsl_electricity.train,outer_train,distribution,321,11,3531,3526,0,0,5,PARTIAL,"TSL Dataset_Custom outer split 0.7/0.1/0.2 (author protocol); inner: 3 expanding chronological folds inside TRAIN, validation 15 percent, purge 816 rows = lookback 96 + max horizon 720 rows",4590e37c1c2dc94ea6a8a49c809efe6aa2c09b175aaae03f8ca03adc182dce25
electricity:outer_train:quality,sota_benchmarks.thuml_tsl_electricity.train,outer_train,quality,321,5,1605,1605,0,0,0,COMPLETE,"TSL Dataset_Custom outer split 0.7/0.1/0.2 (author protocol); inner: 3 expanding chronological folds inside TRAIN, validation 15 percent, purge 816 rows = lookback 96 + max horizon 720 rows",4590e37c1c2dc94ea6a8a49c809efe6aa2c09b175aaae03f8ca03adc182dce25
electricity:outer_train:seasonality,sota_benchmarks.thuml_tsl_electricity.train,outer_train,seasonality,321,4,1284,1284,0,0,0,COMPLETE,"TSL Dataset_Custom outer split 0.7/0.1/0.2 (author protocol); inner: 3 expanding chronological folds inside TRAIN, validation 15 percent, purge 816 rows = lookback 96 + max horizon 720 rows",4590e37c1c2dc94ea6a8a49c809efe6aa2c09b175aaae03f8ca03adc182dce25
electricity:outer_train:spectral,sota_benchmarks.thuml_tsl_electricity.train,outer_train,spectral,321,2,642,642,642,0,0,REUSED_FROM_V2,"TSL Dataset_Custom outer split 0.7/0.1/0.2 (author protocol); inner: 3 expanding chronological folds inside TRAIN, validation 15 percent, purge 816 rows = lookback 96 + max horizon 720 rows",4590e37c1c2dc94ea6a8a49c809efe6aa2c09b175aaae03f8ca03adc182dce25
electricity:outer_train:stationarity,sota_benchmarks.thuml_tsl_electricity.train,outer_train,stationarity,321,2,642,642,642,0,0,REUSED_FROM_V2,"TSL Dataset_Custom outer split 0.7/0.1/0.2 (author protocol); inner: 3 expanding chronological folds inside TRAIN, validation 15 percent, purge 816 rows = lookback 96 + max horizon 720 rows",4590e37c1c2dc94ea6a8a49c809efe6aa2c09b175aaae03f8ca03adc182dce25
electricity:outer_train:stl,sota_benchmarks.thuml_tsl_electricity.train,outer_train,stl,321,1,321,321,321,0,0,REUSED_FROM_V2,"TSL Dataset_Custom outer split 0.7/0.1/0.2 (author protocol); inner: 3 expanding chronological folds inside TRAIN, validation 15 percent, purge 816 rows = lookback 96 + max horizon 720 rows",4590e37c1c2dc94ea6a8a49c809efe6aa2c09b175aaae03f8ca03adc182dce25
electricity:outer_train:volatility,sota_benchmarks.thuml_tsl_electricity.train,outer_train,volatility,321,3,963,963,0,0,0,COMPLETE,"TSL Dataset_Custom outer split 0.7/0.1/0.2 (author protocol); inner: 3 expanding chronological folds inside TRAIN, validation 15 percent, purge 816 rows = lookback 96 + max horizon 720 rows",4590e37c1c2dc94ea6a8a49c809efe6aa2c09b175aaae03f8ca03adc182dce25
traffic:inner_1:acf_selected,sota_benchmarks.thuml_tsl_traffic.train,inner_1,acf_selected,862,4,3448,3448,0,0,0,COMPLETE,"TSL Dataset_Custom outer split 0.7/0.1/0.2 (author protocol); inner: 3 expanding chronological folds inside TRAIN, validation 15 percent, purge 816 rows = lookback 96 + max horizon 720 rows",4590e37c1c2dc94ea6a8a49c809efe6aa2c09b175aaae03f8ca03adc182dce25
traffic:inner_1:cost,sota_benchmarks.thuml_tsl_traffic.train,inner_1,cost,862,5,4310,4310,0,0,0,COMPLETE,"TSL Dataset_Custom outer split 0.7/0.1/0.2 (author protocol); inner: 3 expanding chronological folds inside TRAIN, validation 15 percent, purge 816 rows = lookback 96 + max horizon 720 rows",4590e37c1c2dc94ea6a8a49c809efe6aa2c09b175aaae03f8ca03adc182dce25
traffic:inner_1:distribution,sota_benchmarks.thuml_tsl_traffic.train,inner_1,distribution,862,11,9482,9482,0,0,0,COMPLETE,"TSL Dataset_Custom outer split 0.7/0.1/0.2 (author protocol); inner: 3 expanding chronological folds inside TRAIN, validation 15 percent, purge 816 rows = lookback 96 + max horizon 720 rows",4590e37c1c2dc94ea6a8a49c809efe6aa2c09b175aaae03f8ca03adc182dce25
traffic:inner_1:quality,sota_benchmarks.thuml_tsl_traffic.train,inner_1,quality,862,5,4310,4310,0,0,0,COMPLETE,"TSL Dataset_Custom outer split 0.7/0.1/0.2 (author protocol); inner: 3 expanding chronological folds inside TRAIN, validation 15 percent, purge 816 rows = lookback 96 + max horizon 720 rows",4590e37c1c2dc94ea6a8a49c809efe6aa2c09b175aaae03f8ca03adc182dce25
traffic:inner_1:seasonality,sota_benchmarks.thuml_tsl_traffic.train,inner_1,seasonality,862,4,3448,3448,0,0,0,COMPLETE,"TSL Dataset_Custom outer split 0.7/0.1/0.2 (author protocol); inner: 3 expanding chronological folds inside TRAIN, validation 15 percent, purge 816 rows = lookback 96 + max horizon 720 rows",4590e37c1c2dc94ea6a8a49c809efe6aa2c09b175aaae03f8ca03adc182dce25
traffic:inner_1:spectral,sota_benchmarks.thuml_tsl_traffic.train,inner_1,spectral,862,2,1724,0,0,0,1724,DEFERRED_TO_PS4,"TSL Dataset_Custom outer split 0.7/0.1/0.2 (author protocol); inner: 3 expanding chronological folds inside TRAIN, validation 15 percent, purge 816 rows = lookback 96 + max horizon 720 rows",4590e37c1c2dc94ea6a8a49c809efe6aa2c09b175aaae03f8ca03adc182dce25
traffic:inner_1:stationarity,sota_benchmarks.thuml_tsl_traffic.train,inner_1,stationarity,862,2,1724,0,0,0,1724,DEFERRED_TO_PS4,"TSL Dataset_Custom outer split 0.7/0.1/0.2 (author protocol); inner: 3 expanding chronological folds inside TRAIN, validation 15 percent, purge 816 rows = lookback 96 + max horizon 720 rows",4590e37c1c2dc94ea6a8a49c809efe6aa2c09b175aaae03f8ca03adc182dce25
traffic:inner_1:stl,sota_benchmarks.thuml_tsl_traffic.train,inner_1,stl,862,1,862,0,0,0,862,DEFERRED_TO_PS4,"TSL Dataset_Custom outer split 0.7/0.1/0.2 (author protocol); inner: 3 expanding chronological folds inside TRAIN, validation 15 percent, purge 816 rows = lookback 96 + max horizon 720 rows",4590e37c1c2dc94ea6a8a49c809efe6aa2c09b175aaae03f8ca03adc182dce25
traffic:inner_1:volatility,sota_benchmarks.thuml_tsl_traffic.train,inner_1,volatility,862,3,2586,2586,0,0,0,COMPLETE,"TSL Dataset_Custom outer split 0.7/0.1/0.2 (author protocol); inner: 3 expanding chronological folds inside TRAIN, validation 15 percent, purge 816 rows = lookback 96 + max horizon 720 rows",4590e37c1c2dc94ea6a8a49c809efe6aa2c09b175aaae03f8ca03adc182dce25
traffic:inner_2:acf_selected,sota_benchmarks.thuml_tsl_traffic.train,inner_2,acf_selected,862,4,3448,3448,0,0,0,COMPLETE,"TSL Dataset_Custom outer split 0.7/0.1/0.2 (author protocol); inner: 3 expanding chronological folds inside TRAIN, validation 15 percent, purge 816 rows = lookback 96 + max horizon 720 rows",4590e37c1c2dc94ea6a8a49c809efe6aa2c09b175aaae03f8ca03adc182dce25
traffic:inner_2:cost,sota_benchmarks.thuml_tsl_traffic.train,inner_2,cost,862,5,4310,4310,0,0,0,COMPLETE,"TSL Dataset_Custom outer split 0.7/0.1/0.2 (author protocol); inner: 3 expanding chronological folds inside TRAIN, validation 15 percent, purge 816 rows = lookback 96 + max horizon 720 rows",4590e37c1c2dc94ea6a8a49c809efe6aa2c09b175aaae03f8ca03adc182dce25
traffic:inner_2:distribution,sota_benchmarks.thuml_tsl_traffic.train,inner_2,distribution,862,11,9482,9482,0,0,0,COMPLETE,"TSL Dataset_Custom outer split 0.7/0.1/0.2 (author protocol); inner: 3 expanding chronological folds inside TRAIN, validation 15 percent, purge 816 rows = lookback 96 + max horizon 720 rows",4590e37c1c2dc94ea6a8a49c809efe6aa2c09b175aaae03f8ca03adc182dce25
traffic:inner_2:quality,sota_benchmarks.thuml_tsl_traffic.train,inner_2,quality,862,5,4310,4310,0,0,0,COMPLETE,"TSL Dataset_Custom outer split 0.7/0.1/0.2 (author protocol); inner: 3 expanding chronological folds inside TRAIN, validation 15 percent, purge 816 rows = lookback 96 + max horizon 720 rows",4590e37c1c2dc94ea6a8a49c809efe6aa2c09b175aaae03f8ca03adc182dce25
traffic:inner_2:seasonality,sota_benchmarks.thuml_tsl_traffic.train,inner_2,seasonality,862,4,3448,3448,0,0,0,COMPLETE,"TSL Dataset_Custom outer split 0.7/0.1/0.2 (author protocol); inner: 3 expanding chronological folds inside TRAIN, validation 15 percent, purge 816 rows = lookback 96 + max horizon 720 rows",4590e37c1c2dc94ea6a8a49c809efe6aa2c09b175aaae03f8ca03adc182dce25
traffic:inner_2:spectral,sota_benchmarks.thuml_tsl_traffic.train,inner_2,spectral,862,2,1724,0,0,0,1724,DEFERRED_TO_PS4,"TSL Dataset_Custom outer split 0.7/0.1/0.2 (author protocol); inner: 3 expanding chronological folds inside TRAIN, validation 15 percent, purge 816 rows = lookback 96 + max horizon 720 rows",4590e37c1c2dc94ea6a8a49c809efe6aa2c09b175aaae03f8ca03adc182dce25
traffic:inner_2:stationarity,sota_benchmarks.thuml_tsl_traffic.train,inner_2,stationarity,862,2,1724,0,0,0,1724,DEFERRED_TO_PS4,"TSL Dataset_Custom outer split 0.7/0.1/0.2 (author protocol); inner: 3 expanding chronological folds inside TRAIN, validation 15 percent, purge 816 rows = lookback 96 + max horizon 720 rows",4590e37c1c2dc94ea6a8a49c809efe6aa2c09b175aaae03f8ca03adc182dce25
traffic:inner_2:stl,sota_benchmarks.thuml_tsl_traffic.train,inner_2,stl,862,1,862,0,0,0,862,DEFERRED_TO_PS4,"TSL Dataset_Custom outer split 0.7/0.1/0.2 (author protocol); inner: 3 expanding chronological folds inside TRAIN, validation 15 percent, purge 816 rows = lookback 96 + max horizon 720 rows",4590e37c1c2dc94ea6a8a49c809efe6aa2c09b175aaae03f8ca03adc182dce25
traffic:inner_2:volatility,sota_benchmarks.thuml_tsl_traffic.train,inner_2,volatility,862,3,2586,2586,0,0,0,COMPLETE,"TSL Dataset_Custom outer split 0.7/0.1/0.2 (author protocol); inner: 3 expanding chronological folds inside TRAIN, validation 15 percent, purge 816 rows = lookback 96 + max horizon 720 rows",4590e37c1c2dc94ea6a8a49c809efe6aa2c09b175aaae03f8ca03adc182dce25
traffic:inner_3:acf_selected,sota_benchmarks.thuml_tsl_traffic.train,inner_3,acf_selected,862,4,3448,3448,0,0,0,COMPLETE,"TSL Dataset_Custom outer split 0.7/0.1/0.2 (author protocol); inner: 3 expanding chronological folds inside TRAIN, validation 15 percent, purge 816 rows = lookback 96 + max horizon 720 rows",4590e37c1c2dc94ea6a8a49c809efe6aa2c09b175aaae03f8ca03adc182dce25
traffic:inner_3:cost,sota_benchmarks.thuml_tsl_traffic.train,inner_3,cost,862,5,4310,4310,0,0,0,COMPLETE,"TSL Dataset_Custom outer split 0.7/0.1/0.2 (author protocol); inner: 3 expanding chronological folds inside TRAIN, validation 15 percent, purge 816 rows = lookback 96 + max horizon 720 rows",4590e37c1c2dc94ea6a8a49c809efe6aa2c09b175aaae03f8ca03adc182dce25
traffic:inner_3:distribution,sota_benchmarks.thuml_tsl_traffic.train,inner_3,distribution,862,11,9482,9482,0,0,0,COMPLETE,"TSL Dataset_Custom outer split 0.7/0.1/0.2 (author protocol); inner: 3 expanding chronological folds inside TRAIN, validation 15 percent, purge 816 rows = lookback 96 + max horizon 720 rows",4590e37c1c2dc94ea6a8a49c809efe6aa2c09b175aaae03f8ca03adc182dce25
traffic:inner_3:quality,sota_benchmarks.thuml_tsl_traffic.train,inner_3,quality,862,5,4310,4310,0,0,0,COMPLETE,"TSL Dataset_Custom outer split 0.7/0.1/0.2 (author protocol); inner: 3 expanding chronological folds inside TRAIN, validation 15 percent, purge 816 rows = lookback 96 + max horizon 720 rows",4590e37c1c2dc94ea6a8a49c809efe6aa2c09b175aaae03f8ca03adc182dce25
traffic:inner_3:seasonality,sota_benchmarks.thuml_tsl_traffic.train,inner_3,seasonality,862,4,3448,3448,0,0,0,COMPLETE,"TSL Dataset_Custom outer split 0.7/0.1/0.2 (author protocol); inner: 3 expanding chronological folds inside TRAIN, validation 15 percent, purge 816 rows = lookback 96 + max horizon 720 rows",4590e37c1c2dc94ea6a8a49c809efe6aa2c09b175aaae03f8ca03adc182dce25
traffic:inner_3:spectral,sota_benchmarks.thuml_tsl_traffic.train,inner_3,spectral,862,2,1724,0,0,0,1724,DEFERRED_TO_PS4,"TSL Dataset_Custom outer split 0.7/0.1/0.2 (author protocol); inner: 3 expanding chronological folds inside TRAIN, validation 15 percent, purge 816 rows = lookback 96 + max horizon 720 rows",4590e37c1c2dc94ea6a8a49c809efe6aa2c09b175aaae03f8ca03adc182dce25
traffic:inner_3:stationarity,sota_benchmarks.thuml_tsl_traffic.train,inner_3,stationarity,862,2,1724,0,0,0,1724,DEFERRED_TO_PS4,"TSL Dataset_Custom outer split 0.7/0.1/0.2 (author protocol); inner: 3 expanding chronological folds inside TRAIN, validation 15 percent, purge 816 rows = lookback 96 + max horizon 720 rows",4590e37c1c2dc94ea6a8a49c809efe6aa2c09b175aaae03f8ca03adc182dce25
traffic:inner_3:stl,sota_benchmarks.thuml_tsl_traffic.train,inner_3,stl,862,1,862,0,0,0,862,DEFERRED_TO_PS4,"TSL Dataset_Custom outer split 0.7/0.1/0.2 (author protocol); inner: 3 expanding chronological folds inside TRAIN, validation 15 percent, purge 816 rows = lookback 96 + max horizon 720 rows",4590e37c1c2dc94ea6a8a49c809efe6aa2c09b175aaae03f8ca03adc182dce25
traffic:inner_3:volatility,sota_benchmarks.thuml_tsl_traffic.train,inner_3,volatility,862,3,2586,2586,0,0,0,COMPLETE,"TSL Dataset_Custom outer split 0.7/0.1/0.2 (author protocol); inner: 3 expanding chronological folds inside TRAIN, validation 15 percent, purge 816 rows = lookback 96 + max horizon 720 rows",4590e37c1c2dc94ea6a8a49c809efe6aa2c09b175aaae03f8ca03adc182dce25
traffic:outer_train:acf_selected,sota_benchmarks.thuml_tsl_traffic.train,outer_train,acf_selected,862,4,3448,3448,0,0,0,COMPLETE,"TSL Dataset_Custom outer split 0.7/0.1/0.2 (author protocol); inner: 3 expanding chronological folds inside TRAIN, validation 15 percent, purge 816 rows = lookback 96 + max horizon 720 rows",4590e37c1c2dc94ea6a8a49c809efe6aa2c09b175aaae03f8ca03adc182dce25
traffic:outer_train:cost,sota_benchmarks.thuml_tsl_traffic.train,outer_train,cost,862,5,4310,4310,0,0,0,COMPLETE,"TSL Dataset_Custom outer split 0.7/0.1/0.2 (author protocol); inner: 3 expanding chronological folds inside TRAIN, validation 15 percent, purge 816 rows = lookback 96 + max horizon 720 rows",4590e37c1c2dc94ea6a8a49c809efe6aa2c09b175aaae03f8ca03adc182dce25
traffic:outer_train:distribution,sota_benchmarks.thuml_tsl_traffic.train,outer_train,distribution,862,11,9482,9482,0,0,0,COMPLETE,"TSL Dataset_Custom outer split 0.7/0.1/0.2 (author protocol); inner: 3 expanding chronological folds inside TRAIN, validation 15 percent, purge 816 rows = lookback 96 + max horizon 720 rows",4590e37c1c2dc94ea6a8a49c809efe6aa2c09b175aaae03f8ca03adc182dce25
traffic:outer_train:quality,sota_benchmarks.thuml_tsl_traffic.train,outer_train,quality,862,5,4310,4310,0,0,0,COMPLETE,"TSL Dataset_Custom outer split 0.7/0.1/0.2 (author protocol); inner: 3 expanding chronological folds inside TRAIN, validation 15 percent, purge 816 rows = lookback 96 + max horizon 720 rows",4590e37c1c2dc94ea6a8a49c809efe6aa2c09b175aaae03f8ca03adc182dce25
traffic:outer_train:seasonality,sota_benchmarks.thuml_tsl_traffic.train,outer_train,seasonality,862,4,3448,3448,0,0,0,COMPLETE,"TSL Dataset_Custom outer split 0.7/0.1/0.2 (author protocol); inner: 3 expanding chronological folds inside TRAIN, validation 15 percent, purge 816 rows = lookback 96 + max horizon 720 rows",4590e37c1c2dc94ea6a8a49c809efe6aa2c09b175aaae03f8ca03adc182dce25
traffic:outer_train:spectral,sota_benchmarks.thuml_tsl_traffic.train,outer_train,spectral,862,2,1724,1724,1724,0,0,REUSED_FROM_V2,"TSL Dataset_Custom outer split 0.7/0.1/0.2 (author protocol); inner: 3 expanding chronological folds inside TRAIN, validation 15 percent, purge 816 rows = lookback 96 + max horizon 720 rows",4590e37c1c2dc94ea6a8a49c809efe6aa2c09b175aaae03f8ca03adc182dce25
traffic:outer_train:stationarity,sota_benchmarks.thuml_tsl_traffic.train,outer_train,stationarity,862,2,1724,1724,1724,0,0,REUSED_FROM_V2,"TSL Dataset_Custom outer split 0.7/0.1/0.2 (author protocol); inner: 3 expanding chronological folds inside TRAIN, validation 15 percent, purge 816 rows = lookback 96 + max horizon 720 rows",4590e37c1c2dc94ea6a8a49c809efe6aa2c09b175aaae03f8ca03adc182dce25
traffic:outer_train:stl,sota_benchmarks.thuml_tsl_traffic.train,outer_train,stl,862,1,862,862,862,0,0,REUSED_FROM_V2,"TSL Dataset_Custom outer split 0.7/0.1/0.2 (author protocol); inner: 3 expanding chronological folds inside TRAIN, validation 15 percent, purge 816 rows = lookback 96 + max horizon 720 rows",4590e37c1c2dc94ea6a8a49c809efe6aa2c09b175aaae03f8ca03adc182dce25
traffic:outer_train:volatility,sota_benchmarks.thuml_tsl_traffic.train,outer_train,volatility,862,3,2586,2586,0,0,0,COMPLETE,"TSL Dataset_Custom outer split 0.7/0.1/0.2 (author protocol); inner: 3 expanding chronological folds inside TRAIN, validation 15 percent, purge 816 rows = lookback 96 + max horizon 720 rows",4590e37c1c2dc94ea6a8a49c809efe6aa2c09b175aaae03f8ca03adc182dce25
