source_family,files,candidates,profiled,screened,evaluated,selected,frozen_controls,deferred,excluded,sources_without_files,top_reasons
Yahoo Finance,702,26403,474,0,0,0,0,25929,0,0,"{""deferred: outside the census: link producer+recipe+parent bytes (FEATURE_DAG.v3), method id, tempora"": 23108, ""deferred: in census, no TRAIN contract: seal one (see EURUSD request pattern) and an availability co"": 2162, ""deferred: raw file outside the census: census entry, provenance, TRAIN contract, availability contra"": 659}"
Binance Spot,1144,18564,297,0,0,0,0,16087,2180,0,"{""deferred: outside the census: link producer+recipe+parent bytes (FEATURE_DAG.v3), method id, tempora"": 13984, ""deferred: raw file outside the census: census entry, provenance, TRAIN contract, availability contra"": 1200, ""excluded:multitaper: timing VIOLATED <1000 rows/restart"": 1080}"
UNRESOLVED,1052,10596,0,0,0,0,0,10596,0,0,"{""deferred: outside the census: link producer+recipe+parent bytes (FEATURE_DAG.v3), method id, tempora"": 9504, ""deferred: in census, no TRAIN contract: seal one (see EURUSD request pattern) and an availability co"": 1092}"
Binance Futures,482,7288,144,0,0,0,0,6414,730,0,"{""deferred: outside the census: link producer+recipe+parent bytes (FEATURE_DAG.v3), method id, tempora"": 5648, ""deferred: raw file outside the census: census entry, provenance, TRAIN contract, availability contra"": 430, ""excluded:multitaper: timing VIOLATED <1000 rows/restart"": 360}"
HistData,420,6419,48,0,0,0,0,5631,740,0,"{""deferred: outside the census: link producer+recipe+parent bytes (FEATURE_DAG.v3), method id, tempora"": 5359, ""excluded:multitaper: timing VIOLATED <1000 rows/restart"": 360, ""excluded:hilbert: timing VIOLATED <1000 rows/restart"": 200}"
FRED,1225,5881,31,0,0,0,0,5850,0,0,"{""deferred: outside the census: link producer+recipe+parent bytes (FEATURE_DAG.v3), method id, tempora"": 4856, ""deferred: in census, no TRAIN contract: seal one (see EURUSD request pattern) and an availability co"": 509, ""deferred: raw file outside the census: census entry, provenance, TRAIN contract, availability contra"": 485}"
autogenerated_stage13_doc_backfill,97,734,0,0,0,0,0,734,0,0,"{""deferred: raw file outside the census: census entry, provenance, TRAIN contract, availability contra"": 734}"
CoinMetrics Community,90,420,36,0,0,0,0,384,0,0,"{""deferred: outside the census: link producer+recipe+parent bytes (FEATURE_DAG.v3), method id, tempora"": 360, ""deferred: raw file outside the census: census entry, provenance, TRAIN contract, availability contra"": 20, ""deferred: in census, no TRAIN contract: seal one (see EURUSD request pattern) and an availability co"": 4}"
FXMacroData,18,251,24,0,0,0,0,227,0,0,"{""deferred: outside the census: link producer+recipe+parent bytes (FEATURE_DAG.v3), method id, tempora"": 212, ""deferred: raw file outside the census: census entry, provenance, TRAIN contract, availability contra"": 15}"
OECD SDMX,9,50,4,0,0,0,0,46,0,0,"{""deferred: outside the census: link producer+recipe+parent bytes (FEATURE_DAG.v3), method id, tempora"": 36, ""deferred: raw file outside the census: census entry, provenance, TRAIN contract, availability contra"": 10}"
BEA Data API,3,30,0,0,0,0,0,30,0,0,"{""deferred: raw file outside the census: census entry, provenance, TRAIN contract, availability contra"": 30}"
fallback calendar generator,6,24,0,0,0,0,0,24,0,0,"{""deferred: raw file outside the census: census entry, provenance, TRAIN contract, availability contra"": 24}"
mempool.space,3,18,0,0,0,0,0,18,0,0,"{""deferred: raw file outside the census: census entry, provenance, TRAIN contract, availability contra"": 18}"
FINRA Reg SHO Daily Short Sale Volume,3,18,0,0,0,0,0,18,0,0,"{""deferred: raw file outside the census: census entry, provenance, TRAIN contract, availability contra"": 18}"
FINRA Query API consolidatedShortInterest,1,13,0,0,0,0,0,13,0,0,"{""deferred: raw file outside the census: census entry, provenance, TRAIN contract, availability contra"": 13}"
US Treasury FiscalData,1,10,0,0,0,0,0,10,0,0,"{""deferred: raw file outside the census: census entry, provenance, TRAIN contract, availability contra"": 10}"
FRED-derived release-date proxy,1,9,0,0,0,0,0,9,0,0,"{""deferred: raw file outside the census: census entry, provenance, TRAIN contract, availability contra"": 9}"
Etherscan API V2,5,8,0,0,0,0,0,8,0,0,"{""deferred: raw file outside the census: census entry, provenance, TRAIN contract, availability contra"": 4, ""deferred: in census, no TRAIN contract: seal one (see EURUSD request pattern) and an availability co"": 4}"
SEC EDGAR submissions API,1,7,0,0,0,0,0,7,0,0,"{""deferred: raw file outside the census: census entry, provenance, TRAIN contract, availability contra"": 7}"
Blockchain.com,6,6,0,0,0,0,0,6,0,0,"{""deferred: raw file outside the census: census entry, provenance, TRAIN contract, availability contra"": 6}"
SEC EDGAR,1,2,0,0,0,0,0,2,0,0,"{""deferred: raw file outside the census: census entry, provenance, TRAIN contract, availability contra"": 2}"
python-holidays,1,2,0,0,0,0,0,2,0,0,"{""deferred: raw file outside the census: census entry, provenance, TRAIN contract, availability contra"": 2}"
DeFiLlama,1,0,0,0,0,0,0,0,0,0,{}
BLS Public API,1,0,0,0,0,0,0,0,0,0,{}
Alpaca,0,0,0,0,0,0,0,0,0,1,{}
CryptoQuant,0,0,0,0,0,0,0,0,0,1,{}
CFTC,0,0,0,0,0,0,0,0,0,1,{}
News,0,0,0,0,0,0,0,0,0,1,{}
"sota_benchmarks (TSL, lake identity)",3,1204,1204,0,0,0,0,0,0,0,{}
legacy phase-1b d4 (local),1,23,23,0,0,0,0,0,0,0,{}
"heuristic-strategy EURUSD 1h (git-pinned, provider undocumented)",1,4,4,0,0,0,4,0,0,0,{}
predictor ETH 4h model-ready view (git-pinned; parents Binance Spot),1,83,83,83,0,0,83,0,0,0,{}
