source,column,rows_read_until_read_end,span_read,frequency,licence,event_time,availability_time
lake:macro_economic/fred/credit/aaa/observations.parquet,value,1260,"['1919-01-01 00:00:00', '2023-12-01 00:00:00']",1d,FRED (St. Louis Fed) terms; series-level third-party copyrights may apply,observation date,conservative: (D+1) 00:00 UTC for daily; undefined for revised macro
lake:macro_economic/fred/credit/aaa10y/observations.parquet,value,10695,"['1983-01-03 00:00:00', '2023-12-29 00:00:00']",1d,FRED (St. Louis Fed) terms; series-level third-party copyrights may apply,observation date,conservative: (D+1) 00:00 UTC for daily; undefined for revised macro
lake:macro_economic/fred/credit/baa/observations.parquet,value,1260,"['1919-01-01 00:00:00', '2023-12-01 00:00:00']",1d,FRED (St. Louis Fed) terms; series-level third-party copyrights may apply,observation date,conservative: (D+1) 00:00 UTC for daily; undefined for revised macro
lake:macro_economic/fred/credit/baa10y/observations.parquet,value,9912,"['1986-01-02 00:00:00', '2023-12-29 00:00:00']",1d,FRED (St. Louis Fed) terms; series-level third-party copyrights may apply,observation date,conservative: (D+1) 00:00 UTC for daily; undefined for revised macro
lake:macro_economic/fred/credit/bamlc0a0cm/observations.parquet,value,175,"['2023-05-02 00:00:00', '2023-12-29 00:00:00']",1d,FRED (St. Louis Fed) terms; series-level third-party copyrights may apply,observation date,conservative: (D+1) 00:00 UTC for daily; undefined for revised macro
lake:macro_economic/fred/credit/bamlc0a0cmey/observations.parquet,value,175,"['2023-05-02 00:00:00', '2023-12-29 00:00:00']",1d,FRED (St. Louis Fed) terms; series-level third-party copyrights may apply,observation date,conservative: (D+1) 00:00 UTC for daily; undefined for revised macro
lake:macro_economic/fred/credit/bamlh0a0hym2/observations.parquet,value,175,"['2023-05-02 00:00:00', '2023-12-29 00:00:00']",1d,FRED (St. Louis Fed) terms; series-level third-party copyrights may apply,observation date,conservative: (D+1) 00:00 UTC for daily; undefined for revised macro
lake:macro_economic/fred/credit/bamlh0a0hym2ey/observations.parquet,value,175,"['2023-05-02 00:00:00', '2023-12-29 00:00:00']",1d,FRED (St. Louis Fed) terms; series-level third-party copyrights may apply,observation date,conservative: (D+1) 00:00 UTC for daily; undefined for revised macro
lake:macro_economic/fred/fx_indices/dtwexafegs/observations.parquet,value,4695,"['2006-01-02 00:00:00', '2023-12-29 00:00:00']",1d,FRED (St. Louis Fed) terms; series-level third-party copyrights may apply,observation date,conservative: (D+1) 00:00 UTC for daily; undefined for revised macro
lake:macro_economic/fred/fx_indices/dtwexb/observations.parquet,value,6520,"['1995-01-04 00:00:00', '2019-12-31 00:00:00']",1d,FRED (St. Louis Fed) terms; series-level third-party copyrights may apply,observation date,conservative: (D+1) 00:00 UTC for daily; undefined for revised macro
lake:macro_economic/fred/fx_indices/dtwexbgs/observations.parquet,value,4695,"['2006-01-02 00:00:00', '2023-12-29 00:00:00']",1d,FRED (St. Louis Fed) terms; series-level third-party copyrights may apply,observation date,conservative: (D+1) 00:00 UTC for daily; undefined for revised macro
lake:macro_economic/fred/fx_indices/dtwexemegs/observations.parquet,value,4695,"['2006-01-02 00:00:00', '2023-12-29 00:00:00']",1d,FRED (St. Louis Fed) terms; series-level third-party copyrights may apply,observation date,conservative: (D+1) 00:00 UTC for daily; undefined for revised macro
lake:macro_economic/fred/fx_indices/dtwexm/observations.parquet,value,12261,"['1973-01-02 00:00:00', '2019-12-31 00:00:00']",1d,FRED (St. Louis Fed) terms; series-level third-party copyrights may apply,observation date,conservative: (D+1) 00:00 UTC for daily; undefined for revised macro
lake:macro_economic/fred/inflation_expectations/t10yie/observations.parquet,value,5477,"['2003-01-02 00:00:00', '2023-12-29 00:00:00']",1d,FRED (St. Louis Fed) terms; series-level third-party copyrights may apply,observation date,conservative: (D+1) 00:00 UTC for daily; undefined for revised macro
lake:macro_economic/fred/inflation_expectations/t5yie/observations.parquet,value,5477,"['2003-01-02 00:00:00', '2023-12-29 00:00:00']",1d,FRED (St. Louis Fed) terms; series-level third-party copyrights may apply,observation date,conservative: (D+1) 00:00 UTC for daily; undefined for revised macro
lake:macro_economic/fred/inflation_expectations/t5yifr/observations.parquet,value,5477,"['2003-01-02 00:00:00', '2023-12-29 00:00:00']",1d,FRED (St. Louis Fed) terms; series-level third-party copyrights may apply,observation date,conservative: (D+1) 00:00 UTC for daily; undefined for revised macro
lake:macro_economic/fred/rates/dff/observations.parquet,value,25384,"['1954-07-01 00:00:00', '2023-12-29 00:00:00']",1d,FRED (St. Louis Fed) terms; series-level third-party copyrights may apply,observation date,conservative: (D+1) 00:00 UTC for daily; undefined for revised macro
lake:macro_economic/fred/rates/dfii10/observations.parquet,value,5477,"['2003-01-02 00:00:00', '2023-12-29 00:00:00']",1d,FRED (St. Louis Fed) terms; series-level third-party copyrights may apply,observation date,conservative: (D+1) 00:00 UTC for daily; undefined for revised macro
lake:macro_economic/fred/rates/dfii5/observations.parquet,value,5477,"['2003-01-02 00:00:00', '2023-12-29 00:00:00']",1d,FRED (St. Louis Fed) terms; series-level third-party copyrights may apply,observation date,conservative: (D+1) 00:00 UTC for daily; undefined for revised macro
lake:macro_economic/fred/rates/dgs1/observations.parquet,value,16174,"['1962-01-02 00:00:00', '2023-12-29 00:00:00']",1d,FRED (St. Louis Fed) terms; series-level third-party copyrights may apply,observation date,conservative: (D+1) 00:00 UTC for daily; undefined for revised macro
lake:macro_economic/fred/rates/dgs10/observations.parquet,value,16174,"['1962-01-02 00:00:00', '2023-12-29 00:00:00']",1d,FRED (St. Louis Fed) terms; series-level third-party copyrights may apply,observation date,conservative: (D+1) 00:00 UTC for daily; undefined for revised macro
lake:macro_economic/fred/rates/dgs2/observations.parquet,value,12414,"['1976-06-01 00:00:00', '2023-12-29 00:00:00']",1d,FRED (St. Louis Fed) terms; series-level third-party copyrights may apply,observation date,conservative: (D+1) 00:00 UTC for daily; undefined for revised macro
lake:macro_economic/fred/rates/dgs20/observations.parquet,value,16174,"['1962-01-02 00:00:00', '2023-12-29 00:00:00']",1d,FRED (St. Louis Fed) terms; series-level third-party copyrights may apply,observation date,conservative: (D+1) 00:00 UTC for daily; undefined for revised macro
lake:macro_economic/fred/rates/dgs30/observations.parquet,value,12229,"['1977-02-15 00:00:00', '2023-12-29 00:00:00']",1d,FRED (St. Louis Fed) terms; series-level third-party copyrights may apply,observation date,conservative: (D+1) 00:00 UTC for daily; undefined for revised macro
lake:macro_economic/fred/rates/dgs3mo/observations.parquet,value,11044,"['1981-09-01 00:00:00', '2023-12-29 00:00:00']",1d,FRED (St. Louis Fed) terms; series-level third-party copyrights may apply,observation date,conservative: (D+1) 00:00 UTC for daily; undefined for revised macro
lake:macro_economic/fred/rates/dgs5/observations.parquet,value,16174,"['1962-01-02 00:00:00', '2023-12-29 00:00:00']",1d,FRED (St. Louis Fed) terms; series-level third-party copyrights may apply,observation date,conservative: (D+1) 00:00 UTC for daily; undefined for revised macro
lake:macro_economic/fred/rates/dgs7/observations.parquet,value,14219,"['1969-07-01 00:00:00', '2023-12-29 00:00:00']",1d,FRED (St. Louis Fed) terms; series-level third-party copyrights may apply,observation date,conservative: (D+1) 00:00 UTC for daily; undefined for revised macro
lake:macro_economic/fred/rates/dprime/observations.parquet,value,17847,"['1955-08-04 00:00:00', '2023-12-29 00:00:00']",1d,FRED (St. Louis Fed) terms; series-level third-party copyrights may apply,observation date,conservative: (D+1) 00:00 UTC for daily; undefined for revised macro
lake:macro_economic/fred/rates/dtb3/observations.parquet,value,18260,"['1954-01-04 00:00:00', '2023-12-29 00:00:00']",1d,FRED (St. Louis Fed) terms; series-level third-party copyrights may apply,observation date,conservative: (D+1) 00:00 UTC for daily; undefined for revised macro
lake:macro_economic/fred/rates/fedfunds/observations.parquet,value,834,"['1954-07-01 00:00:00', '2023-12-01 00:00:00']",1d,FRED (St. Louis Fed) terms; series-level third-party copyrights may apply,observation date,conservative: (D+1) 00:00 UTC for daily; undefined for revised macro
lake:macro_economic/fred/rates/t10y2y/observations.parquet,value,12414,"['1976-06-01 00:00:00', '2023-12-29 00:00:00']",1d,FRED (St. Louis Fed) terms; series-level third-party copyrights may apply,observation date,conservative: (D+1) 00:00 UTC for daily; undefined for revised macro
lake:macro_economic/fred/rates/t10y3m/observations.parquet,value,10955,"['1982-01-04 00:00:00', '2023-12-29 00:00:00']",1d,FRED (St. Louis Fed) terms; series-level third-party copyrights may apply,observation date,conservative: (D+1) 00:00 UTC for daily; undefined for revised macro
lake:macro_economic/fred/rates/tb3ms/observations.parquet,value,1080,"['1934-01-01 00:00:00', '2023-12-01 00:00:00']",1d,FRED (St. Louis Fed) terms; series-level third-party copyrights may apply,observation date,conservative: (D+1) 00:00 UTC for daily; undefined for revised macro
lake:macro_economic/fred/stress/anfci/observations.parquet,value,2765,"['1971-01-08 00:00:00', '2023-12-29 00:00:00']",1d,FRED (St. Louis Fed) terms; series-level third-party copyrights may apply,observation date,conservative: (D+1) 00:00 UTC for daily; undefined for revised macro
lake:macro_economic/fred/stress/nfci/observations.parquet,value,2765,"['1971-01-08 00:00:00', '2023-12-29 00:00:00']",1d,FRED (St. Louis Fed) terms; series-level third-party copyrights may apply,observation date,conservative: (D+1) 00:00 UTC for daily; undefined for revised macro
lake:macro_economic/fred/stress/stlfsi4/observations.parquet,value,1566,"['1993-12-31 00:00:00', '2023-12-29 00:00:00']",1d,FRED (St. Louis Fed) terms; series-level third-party copyrights may apply,observation date,conservative: (D+1) 00:00 UTC for daily; undefined for revised macro
lake:macro_economic/fred/stress/tedrate/observations.parquet,value,9407,"['1986-01-02 00:00:00', '2022-01-21 00:00:00']",1d,FRED (St. Louis Fed) terms; series-level third-party copyrights may apply,observation date,conservative: (D+1) 00:00 UTC for daily; undefined for revised macro
lake:macro_economic/fred/stress/vixcls/observations.parquet,value,8869,"['1990-01-02 00:00:00', '2023-12-29 00:00:00']",1d,FRED (St. Louis Fed) terms; series-level third-party copyrights may apply,observation date,conservative: (D+1) 00:00 UTC for daily; undefined for revised macro
lake:market_data/commodities/agriculture/ct_f/daily.parquet,Close,6016,"['2000-01-03 00:00:00', '2023-12-29 00:00:00']",1d,Yahoo Finance terms (personal/non-commercial; no redistribution) -- research use; production use needs licence review,trading date D (exchange session),conservative: (D+1) 00:00 UTC
lake:market_data/commodities/agriculture/kc_f/daily.parquet,Close,6014,"['2000-01-03 00:00:00', '2023-12-29 00:00:00']",1d,Yahoo Finance terms (personal/non-commercial; no redistribution) -- research use; production use needs licence review,trading date D (exchange session),conservative: (D+1) 00:00 UTC
lake:market_data/commodities/agriculture/sb_f/daily.parquet,Close,5977,"['2000-03-01 00:00:00', '2023-12-29 00:00:00']",1d,Yahoo Finance terms (personal/non-commercial; no redistribution) -- research use; production use needs licence review,trading date D (exchange session),conservative: (D+1) 00:00 UTC
lake:market_data/commodities/agriculture/zc_f/daily.parquet,Close,5867,"['2000-07-17 00:00:00', '2023-12-29 00:00:00']",1d,Yahoo Finance terms (personal/non-commercial; no redistribution) -- research use; production use needs licence review,trading date D (exchange session),conservative: (D+1) 00:00 UTC
lake:market_data/commodities/agriculture/zs_f/daily.parquet,Close,5859,"['2000-09-15 00:00:00', '2023-12-29 00:00:00']",1d,Yahoo Finance terms (personal/non-commercial; no redistribution) -- research use; production use needs licence review,trading date D (exchange session),conservative: (D+1) 00:00 UTC
lake:market_data/commodities/agriculture/zw_f/daily.parquet,Close,5879,"['2000-07-17 00:00:00', '2023-12-29 00:00:00']",1d,Yahoo Finance terms (personal/non-commercial; no redistribution) -- research use; production use needs licence review,trading date D (exchange session),conservative: (D+1) 00:00 UTC
lake:market_data/commodities/energy/bz_f/daily.parquet,Close,4081,"['2007-07-30 00:00:00', '2023-12-29 00:00:00']",1d,Yahoo Finance terms (personal/non-commercial; no redistribution) -- research use; production use needs licence review,trading date D (exchange session),conservative: (D+1) 00:00 UTC
lake:market_data/commodities/energy/cl_f/daily.parquet,Close,5863,"['2000-08-23 00:00:00', '2023-12-29 00:00:00']",1d,Yahoo Finance terms (personal/non-commercial; no redistribution) -- research use; production use needs licence review,trading date D (exchange session),conservative: (D+1) 00:00 UTC
lake:market_data/commodities/energy/ng_f/daily.parquet,Close,5860,"['2000-08-30 00:00:00', '2023-12-29 00:00:00']",1d,Yahoo Finance terms (personal/non-commercial; no redistribution) -- research use; production use needs licence review,trading date D (exchange session),conservative: (D+1) 00:00 UTC
lake:market_data/commodities/energy/rb_f/daily.parquet,Close,5818,"['2000-11-01 00:00:00', '2023-12-29 00:00:00']",1d,Yahoo Finance terms (personal/non-commercial; no redistribution) -- research use; production use needs licence review,trading date D (exchange session),conservative: (D+1) 00:00 UTC
lake:market_data/commodities/precious_metals/gc_f/daily.parquet,Close,5854,"['2000-08-30 00:00:00', '2023-12-29 00:00:00']",1d,Yahoo Finance terms (personal/non-commercial; no redistribution) -- research use; production use needs licence review,trading date D (exchange session),conservative: (D+1) 00:00 UTC
lake:market_data/commodities/precious_metals/pa_f/daily.parquet,Close,5894,"['1998-09-28 00:00:00', '2023-12-29 00:00:00']",1d,Yahoo Finance terms (personal/non-commercial; no redistribution) -- research use; production use needs licence review,trading date D (exchange session),conservative: (D+1) 00:00 UTC
lake:market_data/commodities/precious_metals/pl_f/daily.parquet,Close,5882,"['1997-10-29 00:00:00', '2023-12-29 00:00:00']",1d,Yahoo Finance terms (personal/non-commercial; no redistribution) -- research use; production use needs licence review,trading date D (exchange session),conservative: (D+1) 00:00 UTC
lake:market_data/commodities/precious_metals/si_f/daily.parquet,Close,5856,"['2000-08-30 00:00:00', '2023-12-29 00:00:00']",1d,Yahoo Finance terms (personal/non-commercial; no redistribution) -- research use; production use needs licence review,trading date D (exchange session),conservative: (D+1) 00:00 UTC
lake:market_data/equities/etfs/agg/daily.parquet,Close,5099,"['2003-09-29 00:00:00', '2023-12-29 00:00:00']",1d,Yahoo Finance terms (personal/non-commercial; no redistribution) -- research use; production use needs licence review,trading date D (exchange session),conservative: (D+1) 00:00 UTC
lake:market_data/equities/etfs/bnd/daily.parquet,Close,4212,"['2007-04-10 00:00:00', '2023-12-29 00:00:00']",1d,Yahoo Finance terms (personal/non-commercial; no redistribution) -- research use; production use needs licence review,trading date D (exchange session),conservative: (D+1) 00:00 UTC
lake:market_data/equities/etfs/dia/daily.parquet,Close,6530,"['1998-01-20 00:00:00', '2023-12-29 00:00:00']",1d,Yahoo Finance terms (personal/non-commercial; no redistribution) -- research use; production use needs licence review,trading date D (exchange session),conservative: (D+1) 00:00 UTC
lake:market_data/equities/etfs/eem/daily.parquet,Close,5215,"['2003-04-14 00:00:00', '2023-12-29 00:00:00']",1d,Yahoo Finance terms (personal/non-commercial; no redistribution) -- research use; production use needs licence review,trading date D (exchange session),conservative: (D+1) 00:00 UTC
lake:market_data/equities/etfs/efa/daily.parquet,Close,5621,"['2001-08-27 00:00:00', '2023-12-29 00:00:00']",1d,Yahoo Finance terms (personal/non-commercial; no redistribution) -- research use; production use needs licence review,trading date D (exchange session),conservative: (D+1) 00:00 UTC
lake:market_data/equities/etfs/gld/daily.parquet,Close,4811,"['2004-11-18 00:00:00', '2023-12-29 00:00:00']",1d,Yahoo Finance terms (personal/non-commercial; no redistribution) -- research use; production use needs licence review,trading date D (exchange session),conservative: (D+1) 00:00 UTC
lake:market_data/equities/etfs/hyg/daily.parquet,Close,4211,"['2007-04-11 00:00:00', '2023-12-29 00:00:00']",1d,Yahoo Finance terms (personal/non-commercial; no redistribution) -- research use; production use needs licence review,trading date D (exchange session),conservative: (D+1) 00:00 UTC
lake:market_data/equities/etfs/ief/daily.parquet,Close,5393,"['2002-07-30 00:00:00', '2023-12-29 00:00:00']",1d,Yahoo Finance terms (personal/non-commercial; no redistribution) -- research use; production use needs licence review,trading date D (exchange session),conservative: (D+1) 00:00 UTC
lake:market_data/equities/etfs/ivv/daily.parquet,Close,5941,"['2000-05-19 00:00:00', '2023-12-29 00:00:00']",1d,Yahoo Finance terms (personal/non-commercial; no redistribution) -- research use; production use needs licence review,trading date D (exchange session),conservative: (D+1) 00:00 UTC
lake:market_data/equities/etfs/iwm/daily.parquet,Close,5936,"['2000-05-26 00:00:00', '2023-12-29 00:00:00']",1d,Yahoo Finance terms (personal/non-commercial; no redistribution) -- research use; production use needs licence review,trading date D (exchange session),conservative: (D+1) 00:00 UTC
lake:market_data/equities/etfs/iyr/daily.parquet,Close,5921,"['2000-06-19 00:00:00', '2023-12-29 00:00:00']",1d,Yahoo Finance terms (personal/non-commercial; no redistribution) -- research use; production use needs licence review,trading date D (exchange session),conservative: (D+1) 00:00 UTC
lake:market_data/equities/etfs/lqd/daily.parquet,Close,5393,"['2002-07-30 00:00:00', '2023-12-29 00:00:00']",1d,Yahoo Finance terms (personal/non-commercial; no redistribution) -- research use; production use needs licence review,trading date D (exchange session),conservative: (D+1) 00:00 UTC
lake:market_data/equities/etfs/qqq/daily.parquet,Close,6244,"['1999-03-10 00:00:00', '2023-12-29 00:00:00']",1d,Yahoo Finance terms (personal/non-commercial; no redistribution) -- research use; production use needs licence review,trading date D (exchange session),conservative: (D+1) 00:00 UTC
lake:market_data/equities/etfs/shy/daily.parquet,Close,5393,"['2002-07-30 00:00:00', '2023-12-29 00:00:00']",1d,Yahoo Finance terms (personal/non-commercial; no redistribution) -- research use; production use needs licence review,trading date D (exchange session),conservative: (D+1) 00:00 UTC
lake:market_data/equities/etfs/slv/daily.parquet,Close,4449,"['2006-04-28 00:00:00', '2023-12-29 00:00:00']",1d,Yahoo Finance terms (personal/non-commercial; no redistribution) -- research use; production use needs licence review,trading date D (exchange session),conservative: (D+1) 00:00 UTC
lake:market_data/equities/etfs/spy/daily.parquet,Close,7786,"['1993-01-29 00:00:00', '2023-12-29 00:00:00']",1d,Yahoo Finance terms (personal/non-commercial; no redistribution) -- research use; production use needs licence review,trading date D (exchange session),conservative: (D+1) 00:00 UTC
lake:market_data/equities/etfs/tip/daily.parquet,Close,5051,"['2003-12-05 00:00:00', '2023-12-29 00:00:00']",1d,Yahoo Finance terms (personal/non-commercial; no redistribution) -- research use; production use needs licence review,trading date D (exchange session),conservative: (D+1) 00:00 UTC
lake:market_data/equities/etfs/tlt/daily.parquet,Close,5393,"['2002-07-30 00:00:00', '2023-12-29 00:00:00']",1d,Yahoo Finance terms (personal/non-commercial; no redistribution) -- research use; production use needs licence review,trading date D (exchange session),conservative: (D+1) 00:00 UTC
lake:market_data/equities/etfs/uso/daily.parquet,Close,4462,"['2006-04-10 00:00:00', '2023-12-29 00:00:00']",1d,Yahoo Finance terms (personal/non-commercial; no redistribution) -- research use; production use needs licence review,trading date D (exchange session),conservative: (D+1) 00:00 UTC
lake:market_data/equities/etfs/vea/daily.parquet,Close,4137,"['2007-07-26 00:00:00', '2023-12-29 00:00:00']",1d,Yahoo Finance terms (personal/non-commercial; no redistribution) -- research use; production use needs licence review,trading date D (exchange session),conservative: (D+1) 00:00 UTC
lake:market_data/equities/etfs/vnq/daily.parquet,Close,4847,"['2004-09-29 00:00:00', '2023-12-29 00:00:00']",1d,Yahoo Finance terms (personal/non-commercial; no redistribution) -- research use; production use needs licence review,trading date D (exchange session),conservative: (D+1) 00:00 UTC
lake:market_data/equities/etfs/voo/daily.parquet,Close,3350,"['2010-09-09 00:00:00', '2023-12-29 00:00:00']",1d,Yahoo Finance terms (personal/non-commercial; no redistribution) -- research use; production use needs licence review,trading date D (exchange session),conservative: (D+1) 00:00 UTC
lake:market_data/equities/etfs/vti/daily.parquet,Close,5671,"['2001-06-15 00:00:00', '2023-12-29 00:00:00']",1d,Yahoo Finance terms (personal/non-commercial; no redistribution) -- research use; production use needs licence review,trading date D (exchange session),conservative: (D+1) 00:00 UTC
lake:market_data/equities/etfs/vwo/daily.parquet,Close,4735,"['2005-03-10 00:00:00', '2023-12-29 00:00:00']",1d,Yahoo Finance terms (personal/non-commercial; no redistribution) -- research use; production use needs licence review,trading date D (exchange session),conservative: (D+1) 00:00 UTC
lake:market_data/equities/etfs/xlb/daily.parquet,Close,6296,"['1998-12-22 00:00:00', '2023-12-29 00:00:00']",1d,Yahoo Finance terms (personal/non-commercial; no redistribution) -- research use; production use needs licence review,trading date D (exchange session),conservative: (D+1) 00:00 UTC
lake:market_data/equities/etfs/xlc/daily.parquet,Close,1393,"['2018-06-19 00:00:00', '2023-12-29 00:00:00']",1d,Yahoo Finance terms (personal/non-commercial; no redistribution) -- research use; production use needs licence review,trading date D (exchange session),conservative: (D+1) 00:00 UTC
lake:market_data/equities/etfs/xle/daily.parquet,Close,6296,"['1998-12-22 00:00:00', '2023-12-29 00:00:00']",1d,Yahoo Finance terms (personal/non-commercial; no redistribution) -- research use; production use needs licence review,trading date D (exchange session),conservative: (D+1) 00:00 UTC
lake:market_data/equities/etfs/xlf/daily.parquet,Close,6296,"['1998-12-22 00:00:00', '2023-12-29 00:00:00']",1d,Yahoo Finance terms (personal/non-commercial; no redistribution) -- research use; production use needs licence review,trading date D (exchange session),conservative: (D+1) 00:00 UTC
lake:market_data/equities/etfs/xli/daily.parquet,Close,6296,"['1998-12-22 00:00:00', '2023-12-29 00:00:00']",1d,Yahoo Finance terms (personal/non-commercial; no redistribution) -- research use; production use needs licence review,trading date D (exchange session),conservative: (D+1) 00:00 UTC
lake:market_data/equities/etfs/xlk/daily.parquet,Close,6296,"['1998-12-22 00:00:00', '2023-12-29 00:00:00']",1d,Yahoo Finance terms (personal/non-commercial; no redistribution) -- research use; production use needs licence review,trading date D (exchange session),conservative: (D+1) 00:00 UTC
lake:market_data/equities/etfs/xlp/daily.parquet,Close,6296,"['1998-12-22 00:00:00', '2023-12-29 00:00:00']",1d,Yahoo Finance terms (personal/non-commercial; no redistribution) -- research use; production use needs licence review,trading date D (exchange session),conservative: (D+1) 00:00 UTC
lake:market_data/equities/etfs/xlre/daily.parquet,Close,2071,"['2015-10-08 00:00:00', '2023-12-29 00:00:00']",1d,Yahoo Finance terms (personal/non-commercial; no redistribution) -- research use; production use needs licence review,trading date D (exchange session),conservative: (D+1) 00:00 UTC
lake:market_data/equities/etfs/xlu/daily.parquet,Close,6296,"['1998-12-22 00:00:00', '2023-12-29 00:00:00']",1d,Yahoo Finance terms (personal/non-commercial; no redistribution) -- research use; production use needs licence review,trading date D (exchange session),conservative: (D+1) 00:00 UTC
lake:market_data/equities/etfs/xlv/daily.parquet,Close,6296,"['1998-12-22 00:00:00', '2023-12-29 00:00:00']",1d,Yahoo Finance terms (personal/non-commercial; no redistribution) -- research use; production use needs licence review,trading date D (exchange session),conservative: (D+1) 00:00 UTC
lake:market_data/equities/etfs/xly/daily.parquet,Close,6296,"['1998-12-22 00:00:00', '2023-12-29 00:00:00']",1d,Yahoo Finance terms (personal/non-commercial; no redistribution) -- research use; production use needs licence review,trading date D (exchange session),conservative: (D+1) 00:00 UTC
lake:market_data/equities/global_indices/000001_ss/daily.parquet,Close,6421,"['1997-07-02 00:00:00', '2023-12-29 00:00:00']",1d,Yahoo Finance terms (personal/non-commercial; no redistribution) -- research use; production use needs licence review,trading date D (exchange session),conservative: (D+1) 00:00 UTC
lake:market_data/equities/global_indices/axjo/daily.parquet,Close,7862,"['1992-11-23 00:00:00', '2023-12-29 00:00:00']",1d,Yahoo Finance terms (personal/non-commercial; no redistribution) -- research use; production use needs licence review,trading date D (exchange session),conservative: (D+1) 00:00 UTC
lake:market_data/equities/global_indices/bsesn/daily.parquet,Close,6529,"['1997-07-01 00:00:00', '2023-12-29 00:00:00']",1d,Yahoo Finance terms (personal/non-commercial; no redistribution) -- research use; production use needs licence review,trading date D (exchange session),conservative: (D+1) 00:00 UTC
lake:market_data/equities/global_indices/bvsp/daily.parquet,Close,7593,"['1993-04-27 00:00:00', '2023-12-28 00:00:00']",1d,Yahoo Finance terms (personal/non-commercial; no redistribution) -- research use; production use needs licence review,trading date D (exchange session),conservative: (D+1) 00:00 UTC
lake:market_data/equities/global_indices/fchi/daily.parquet,Close,8590,"['1990-03-01 00:00:00', '2023-12-29 00:00:00']",1d,Yahoo Finance terms (personal/non-commercial; no redistribution) -- research use; production use needs licence review,trading date D (exchange session),conservative: (D+1) 00:00 UTC
lake:market_data/equities/global_indices/ftse/daily.parquet,Close,10102,"['1984-01-03 00:00:00', '2023-12-29 00:00:00']",1d,Yahoo Finance terms (personal/non-commercial; no redistribution) -- research use; production use needs licence review,trading date D (exchange session),conservative: (D+1) 00:00 UTC
lake:market_data/equities/global_indices/gdaxi/daily.parquet,Close,9102,"['1987-12-30 00:00:00', '2023-12-29 00:00:00']",1d,Yahoo Finance terms (personal/non-commercial; no redistribution) -- research use; production use needs licence review,trading date D (exchange session),conservative: (D+1) 00:00 UTC
lake:market_data/equities/global_indices/gsptse/daily.parquet,Close,11174,"['1979-06-29 00:00:00', '2023-12-29 00:00:00']",1d,Yahoo Finance terms (personal/non-commercial; no redistribution) -- research use; production use needs licence review,trading date D (exchange session),conservative: (D+1) 00:00 UTC
lake:market_data/equities/global_indices/hsi/daily.parquet,Close,9134,"['1986-12-31 00:00:00', '2023-12-29 00:00:00']",1d,Yahoo Finance terms (personal/non-commercial; no redistribution) -- research use; production use needs licence review,trading date D (exchange session),conservative: (D+1) 00:00 UTC
lake:market_data/equities/global_indices/ks11/daily.parquet,Close,6667,"['1996-12-11 00:00:00', '2023-12-28 00:00:00']",1d,Yahoo Finance terms (personal/non-commercial; no redistribution) -- research use; production use needs licence review,trading date D (exchange session),conservative: (D+1) 00:00 UTC
lake:market_data/equities/global_indices/mxx/daily.parquet,Close,8049,"['1991-11-08 00:00:00', '2023-12-29 00:00:00']",1d,Yahoo Finance terms (personal/non-commercial; no redistribution) -- research use; production use needs licence review,trading date D (exchange session),conservative: (D+1) 00:00 UTC
lake:market_data/equities/global_indices/n225/daily.parquet,Close,14508,"['1965-01-05 00:00:00', '2023-12-29 00:00:00']",1d,Yahoo Finance terms (personal/non-commercial; no redistribution) -- research use; production use needs licence review,trading date D (exchange session),conservative: (D+1) 00:00 UTC
lake:market_data/equities/global_indices/stoxx50e/daily.parquet,Close,4202,"['2007-03-30 00:00:00', '2023-12-29 00:00:00']",1d,Yahoo Finance terms (personal/non-commercial; no redistribution) -- research use; production use needs licence review,trading date D (exchange session),conservative: (D+1) 00:00 UTC
lake:market_data/equities/global_indices/twii/daily.parquet,Close,6503,"['1997-07-02 00:00:00', '2023-12-29 00:00:00']",1d,Yahoo Finance terms (personal/non-commercial; no redistribution) -- research use; production use needs licence review,trading date D (exchange session),conservative: (D+1) 00:00 UTC
lake:market_data/equities/us_indices/dji/daily.parquet,Close,8059,"['1992-01-02 00:00:00', '2023-12-29 00:00:00']",1d,Yahoo Finance terms (personal/non-commercial; no redistribution) -- research use; production use needs licence review,trading date D (exchange session),conservative: (D+1) 00:00 UTC
lake:market_data/equities/us_indices/gspc/daily.parquet,Close,24115,"['1927-12-30 00:00:00', '2023-12-29 00:00:00']",1d,Yahoo Finance terms (personal/non-commercial; no redistribution) -- research use; production use needs licence review,trading date D (exchange session),conservative: (D+1) 00:00 UTC
lake:market_data/equities/us_indices/ixic/daily.parquet,Close,13341,"['1971-02-05 00:00:00', '2023-12-29 00:00:00']",1d,Yahoo Finance terms (personal/non-commercial; no redistribution) -- research use; production use needs licence review,trading date D (exchange session),conservative: (D+1) 00:00 UTC
lake:market_data/equities/us_indices/rut/daily.parquet,Close,9149,"['1987-09-10 00:00:00', '2023-12-29 00:00:00']",1d,Yahoo Finance terms (personal/non-commercial; no redistribution) -- research use; production use needs licence review,trading date D (exchange session),conservative: (D+1) 00:00 UTC
lake:market_data/equities/us_indices/vix/daily.parquet,Close,8565,"['1990-01-02 00:00:00', '2023-12-29 00:00:00']",1d,Yahoo Finance terms (personal/non-commercial; no redistribution) -- research use; production use needs licence review,trading date D (exchange session),conservative: (D+1) 00:00 UTC
lake:market_data/forex/emerging_markets/usdbrl_x/daily.parquet,Close,4793,"['2003-12-01 00:00:00', '2023-12-29 00:00:00']",1d,Yahoo Finance terms (personal/non-commercial; no redistribution) -- research use; production use needs licence review,trading date D (exchange session),conservative: (D+1) 00:00 UTC
lake:market_data/forex/emerging_markets/usdclp_x/daily.parquet,Close,5205,"['2003-12-01 00:00:00', '2023-12-29 00:00:00']",1d,Yahoo Finance terms (personal/non-commercial; no redistribution) -- research use; production use needs licence review,trading date D (exchange session),conservative: (D+1) 00:00 UTC
lake:market_data/forex/emerging_markets/usdcop_x/daily.parquet,Close,5216,"['2003-01-02 00:00:00', '2023-12-29 00:00:00']",1d,Yahoo Finance terms (personal/non-commercial; no redistribution) -- research use; production use needs licence review,trading date D (exchange session),conservative: (D+1) 00:00 UTC
lake:market_data/forex/emerging_markets/usdidr_x/daily.parquet,Close,5665,"['2001-06-28 00:00:00', '2023-12-29 00:00:00']",1d,Yahoo Finance terms (personal/non-commercial; no redistribution) -- research use; production use needs licence review,trading date D (exchange session),conservative: (D+1) 00:00 UTC
lake:market_data/forex/emerging_markets/usdinr_x/daily.parquet,Close,5208,"['2003-12-01 00:00:00', '2023-12-29 00:00:00']",1d,Yahoo Finance terms (personal/non-commercial; no redistribution) -- research use; production use needs licence review,trading date D (exchange session),conservative: (D+1) 00:00 UTC
lake:market_data/forex/emerging_markets/usdkrw_x/daily.parquet,Close,5209,"['2003-12-01 00:00:00', '2023-12-29 00:00:00']",1d,Yahoo Finance terms (personal/non-commercial; no redistribution) -- research use; production use needs licence review,trading date D (exchange session),conservative: (D+1) 00:00 UTC
lake:market_data/forex/emerging_markets/usdmxn_x/daily.parquet,Close,5232,"['2003-12-01 00:00:00', '2023-12-29 00:00:00']",1d,Yahoo Finance terms (personal/non-commercial; no redistribution) -- research use; production use needs licence review,trading date D (exchange session),conservative: (D+1) 00:00 UTC
lake:market_data/forex/emerging_markets/usdtry_x/daily.parquet,Close,4940,"['2005-01-03 00:00:00', '2023-12-29 00:00:00']",1d,Yahoo Finance terms (personal/non-commercial; no redistribution) -- research use; production use needs licence review,trading date D (exchange session),conservative: (D+1) 00:00 UTC
lake:market_data/forex/emerging_markets/usdtwd_x/daily.parquet,Close,4716,"['2004-03-24 00:00:00', '2023-12-29 00:00:00']",1d,Yahoo Finance terms (personal/non-commercial; no redistribution) -- research use; production use needs licence review,trading date D (exchange session),conservative: (D+1) 00:00 UTC
lake:market_data/forex/emerging_markets/usdzar_x/daily.parquet,Close,5225,"['2003-12-01 00:00:00', '2023-12-29 00:00:00']",1d,Yahoo Finance terms (personal/non-commercial; no redistribution) -- research use; production use needs licence review,trading date D (exchange session),conservative: (D+1) 00:00 UTC
