path,sha256,custody
fut_disagg_txt_2010.zip,fef4827fbaa1a2a72ad3fe7ef0ca659ee4c85bc6857fdc096f4320b8a096322b,DIGEST_MATCHES_PROVENANCE
fut_disagg_txt_2011.zip,9e47499610532150edddc1f43f8fc37cd87718d70022a6db9284f0152f815cf3,DIGEST_MATCHES_PROVENANCE
fut_disagg_txt_2012.zip,79db37521556a5aa8acc84bd3ca86aa6bf80fb4c5d4a8013dfb215fc760f1e95,DIGEST_MATCHES_PROVENANCE
fut_disagg_txt_2013.zip,c9bc647013b9b2f1c18e96fdaed95dc94af57c3a949e9fe7dd94aee06f3837bc,DIGEST_MATCHES_PROVENANCE
fut_disagg_txt_2014.zip,a29872d680f595078062130274374ecb38dc2a24d86f1531a59f52b8abca7eea,DIGEST_MATCHES_PROVENANCE
fut_disagg_txt_2015.zip,36aacb4389831a89996ba5366c91eedeaa32a55abca8265325bc52d74b06ca34,DIGEST_MATCHES_PROVENANCE
fut_disagg_txt_2016.zip,50f52674fd924d24c794b921c29342be7d35cbe0a241ac823925ccf43ca1a6d2,DIGEST_MATCHES_PROVENANCE
fut_disagg_txt_2017.zip,6fc467b989df527a4fbea4ba07185e8951f35cb72563f156488904a37c100e43,DIGEST_MATCHES_PROVENANCE
fut_disagg_txt_2018.zip,df4bf7d72e8984d6ea04087f793c9f2bf3503ea8c2149f4b01eedeef4fbe40a8,DIGEST_MATCHES_PROVENANCE
fut_disagg_txt_2019.zip,942a438bcc6f66e65aaf594a1a1fdb8c1505fe4a0feece77a1fd97270317e753,DIGEST_MATCHES_PROVENANCE
fut_disagg_txt_2020.zip,0aa03c0fd6360f56b6897b6eaff30e8dba774c826bf93cac61598312e19bd1cd,DIGEST_MATCHES_PROVENANCE
fut_disagg_txt_2021.zip,12d5d49a8963367fd3439050e3e20e6a5338757dfa083432795c5556827ff8ae,DIGEST_MATCHES_PROVENANCE
fut_disagg_txt_2022.zip,74205d75d4d7b75a9f4159ef2e6abed53eeb4771a74e5a4bf78bc0451410ab7f,DIGEST_MATCHES_PROVENANCE
fut_disagg_txt_2023.zip,9fe75dba0256819d476bb0d01f9e8e5ac6ec2c4390f609a7e3259e85796b79ce,DIGEST_MATCHES_PROVENANCE
