feature_id,metric,state,value,reason,metrics_version
rg.atr_pct,missingness,MEASURED,"{""n_rows"": 71734, ""n_finite"": 71734, ""missing_fraction"": 0.0}",,laneA_ps1_metrics.v1
rg.atr_pct,constant,MEASURED,"{""n_unique"": 239, ""is_constant"": false, ""top_value_share"": 0.027476510441352776}",,laneA_ps1_metrics.v1
rg.atr_pct,scale_tails,MEASURED,"{""mean"": 0.49820006319643867, ""std"": 0.2958867190902203, ""min"": 0.008333333333333333, ""max"": 1.0, ""p001"": 0.008333333333333333, ""p01"": 0.008333333333333333, ""p05"": 0.041666666666666664, ""p25"": 0.24166666666666667, ""median"": 0.49166666666666664, ""p75"": 0.7583333333333333, ""p95"": 0.9666666666666667, ""p99"": 1.0, ""p999"": 1.0, ""mad"": 0.2583333333333333, ""skew"": 0.0313665567036595, ""excess_kurtosis"": -1.1997950461175617, ""tail_ratio_p99_mad"": 1.967741935483871, ""share_beyond_5mad"": 0.0}",,laneA_ps1_metrics.v1
rg.atr_pct,volatility,MEASURED,"{""std_first_diff"": 0.08722759402675631, ""rolling168_std_median"": 0.29000677477940234, ""vol_of_vol_cv"": 0.07061440825141377}",,laneA_ps1_metrics.v1
rg.atr_pct,acf,MEASURED,"{""lag_1"": 0.9565455725683882, ""lag_6"": 0.3535646652437237, ""lag_24"": 0.5058182714101419, ""lag_120"": 0.4499081468411196, ""lag_168"": 0.404695822239953, ""lag_unit"": ""rows of the decision grid (1 row = 1 market hour; weekend gaps not filled)""}",,laneA_ps1_metrics.v1
rg.atr_pct,trend,MEASURED,"{""ols_slope_per_year"": 0.00019180444746414105, ""slope_in_std_per_year"": 0.0006482360818825971, ""ols_r"": 0.001531320723748399, ""kendall_tau_3000"": -0.038281043981096545, ""kendall_p_3000"": 0.0017499882041627896, ""caveat"": ""OLS p-value omitted: serial correlation makes it invalid""}",,laneA_ps1_metrics.v1
rg.atr_pct,adf,MEASURED,"{""stat"": -23.408992959186335, ""pvalue"": 0.0, ""lags"": 24, ""nobs"": 19975, ""crit_5pct"": -2.8616847064863733, ""H0"": ""unit root"", ""regression"": ""c"", ""sample"": ""last 20000 finite TRAIN values (gaps compressed)""}",,laneA_ps1_metrics.v1
rg.atr_pct,kpss,MEASURED,"{""stat"": 0.015606851787434272, ""pvalue"": 0.1, ""lags"": 60, ""H0"": ""level stationary"", ""pvalue_truncated_to_table"": true, ""sample"": ""last 20000 finite TRAIN values (gaps compressed)""}",,laneA_ps1_metrics.v1
rg.atr_pct,seasonality,MEASURED,"{""eta2_hour_of_day"": 0.4224806600230421, ""eta2_day_of_week"": 0.02778638258903265, ""eta2_month"": 0.0005401643703256369}",,laneA_ps1_metrics.v1
rg.atr_pct,spectrum,MEASURED,"{""top_periods_rows"": [24.094117647058823, 23.813953488372093, 24.38095238095238], ""top_power_share"": [0.23509352131662137, 0.15162913803220837, 0.033259716390013384], ""spectral_entropy_norm"": 0.557649310667142, ""zero_filled_fraction"": 0.0, ""method"": ""Welch nperseg<=2048 on demeaned rows""}",,laneA_ps1_metrics.v1
rg.atr_pct,cost,MEASURED,"{""build_s"": NaN, ""profile_s"": 0.029597402999570477, ""bytes_float64"": 573872}",,laneA_ps1_metrics.v1
rg.atr_ratio,missingness,MEASURED,"{""n_rows"": 71734, ""n_finite"": 71734, ""missing_fraction"": 0.0}",,laneA_ps1_metrics.v1
rg.atr_ratio,constant,MEASURED,"{""n_unique"": 71729, ""is_constant"": false, ""top_value_share"": 2.788078177712103e-05}",,laneA_ps1_metrics.v1
rg.atr_ratio,scale_tails,MEASURED,"{""mean"": 0.9955070635957739, ""std"": 0.24044283319998444, ""min"": 0.33870649640135314, ""max"": 2.782318076778245, ""p001"": 0.4668130153780047, ""p01"": 0.557411413587939, ""p05"": 0.6519180771848893, ""p25"": 0.8198602152942065, ""median"": 0.975284242044316, ""p75"": 1.1412822819448547, ""p95"": 1.4117288766901495, ""p99"": 1.6866104457431057, ""p999"": 2.1892775840511898, ""mad"": 0.1604702227889364, ""skew"": 0.7614609343432345, ""excess_kurtosis"": 1.5087204009220239, ""tail_ratio_p99_mad"": 4.43276136429613, ""share_beyond_5mad"": 0.006078010427412385}",,laneA_ps1_metrics.v1
rg.atr_ratio,volatility,MEASURED,"{""std_first_diff"": 0.06715069492221201, ""rolling168_std_median"": 0.22248092960962548, ""vol_of_vol_cv"": 0.23150205737090834}",,laneA_ps1_metrics.v1
rg.atr_ratio,acf,MEASURED,"{""lag_1"": 0.9610010943936836, ""lag_6"": 0.43125494767656236, ""lag_24"": 0.30222544541572705, ""lag_120"": 0.4112298984580151, ""lag_168"": 0.2845585767025944, ""lag_unit"": ""rows of the decision grid (1 row = 1 market hour; weekend gaps not filled)""}",,laneA_ps1_metrics.v1
rg.atr_ratio,trend,MEASURED,"{""ols_slope_per_year"": 1.0979794801759429e-05, ""slope_in_std_per_year"": 4.566488697389105e-05, ""ols_r"": 0.00010787364314504841, ""kendall_tau_3000"": -0.03433544514838279, ""kendall_p_3000"": 0.004812851103959805, ""caveat"": ""OLS p-value omitted: serial correlation makes it invalid""}",,laneA_ps1_metrics.v1
rg.atr_ratio,adf,MEASURED,"{""stat"": -32.09870557177273, ""pvalue"": 0.0, ""lags"": 24, ""nobs"": 19975, ""crit_5pct"": -2.8616847064863733, ""H0"": ""unit root"", ""regression"": ""c"", ""sample"": ""last 20000 finite TRAIN values (gaps compressed)""}",,laneA_ps1_metrics.v1
rg.atr_ratio,kpss,MEASURED,"{""stat"": 0.005250207595021777, ""pvalue"": 0.1, ""lags"": 65, ""H0"": ""level stationary"", ""pvalue_truncated_to_table"": true, ""sample"": ""last 20000 finite TRAIN values (gaps compressed)""}",,laneA_ps1_metrics.v1
rg.atr_ratio,seasonality,MEASURED,"{""eta2_hour_of_day"": 0.3187771418114596, ""eta2_day_of_week"": 0.043891717111371555, ""eta2_month"": 0.0002445941216097488}",,laneA_ps1_metrics.v1
rg.atr_ratio,spectrum,MEASURED,"{""top_periods_rows"": [24.094117647058823, 23.813953488372093, 120.47058823529412], ""top_power_share"": [0.17858045143047938, 0.11476456615891108, 0.04049521194072052], ""spectral_entropy_norm"": 0.5936415670174503, ""zero_filled_fraction"": 0.0, ""method"": ""Welch nperseg<=2048 on demeaned rows""}",,laneA_ps1_metrics.v1
rg.atr_ratio,cost,MEASURED,"{""build_s"": NaN, ""profile_s"": 0.030402461999983643, ""bytes_float64"": 573872}",,laneA_ps1_metrics.v1
rg.bb_width_pct,missingness,MEASURED,"{""n_rows"": 71734, ""n_finite"": 71734, ""missing_fraction"": 0.0}",,laneA_ps1_metrics.v1
rg.bb_width_pct,constant,MEASURED,"{""n_unique"": 161, ""is_constant"": false, ""top_value_share"": 0.04024590849527421}",,laneA_ps1_metrics.v1
rg.bb_width_pct,scale_tails,MEASURED,"{""mean"": 0.49919401306679306, ""std"": 0.3002291519931601, ""min"": 0.008333333333333333, ""max"": 1.0, ""p001"": 0.008333333333333333, ""p01"": 0.008333333333333333, ""p05"": 0.03333333333333333, ""p25"": 0.23333333333333334, ""median"": 0.5, ""p75"": 0.7583333333333333, ""p95"": 0.9833333333333333, ""p99"": 1.0, ""p999"": 1.0, ""mad"": 0.2583333333333333, ""skew"": 0.030050117002179223, ""excess_kurtosis"": -1.2123359423089113, ""tail_ratio_p99_mad"": 1.9354838709677422, ""share_beyond_5mad"": 0.0}",,laneA_ps1_metrics.v1
rg.bb_width_pct,volatility,MEASURED,"{""std_first_diff"": 0.07983266295656774, ""rolling168_std_median"": 0.2951440923715364, ""vol_of_vol_cv"": 0.09024028714284849}",,laneA_ps1_metrics.v1
rg.bb_width_pct,acf,MEASURED,"{""lag_1"": 0.9646470698632641, ""lag_6"": 0.5257240783725813, ""lag_24"": 0.05932427815065848, ""lag_120"": 0.08587542285981903, ""lag_168"": 0.08669981697415441, ""lag_unit"": ""rows of the decision grid (1 row = 1 market hour; weekend gaps not filled)""}",,laneA_ps1_metrics.v1
rg.bb_width_pct,trend,MEASURED,"{""ols_slope_per_year"": -0.0001292557470701202, ""slope_in_std_per_year"": -0.0004305236390670848, ""ols_r"": -0.0010170210961604632, ""kendall_tau_3000"": -0.01012002525324512, ""kendall_p_3000"": 0.4082017586558834, ""caveat"": ""OLS p-value omitted: serial correlation makes it invalid""}",,laneA_ps1_metrics.v1
rg.bb_width_pct,adf,MEASURED,"{""stat"": -24.833680494990855, ""pvalue"": 0.0, ""lags"": 24, ""nobs"": 19975, ""crit_5pct"": -2.8616847064863733, ""H0"": ""unit root"", ""regression"": ""c"", ""sample"": ""last 20000 finite TRAIN values (gaps compressed)""}",,laneA_ps1_metrics.v1
rg.bb_width_pct,kpss,MEASURED,"{""stat"": 0.006296229743708329, ""pvalue"": 0.1, ""lags"": 74, ""H0"": ""level stationary"", ""pvalue_truncated_to_table"": true, ""sample"": ""last 20000 finite TRAIN values (gaps compressed)""}",,laneA_ps1_metrics.v1
rg.bb_width_pct,seasonality,MEASURED,"{""eta2_hour_of_day"": 0.08468009552033888, ""eta2_day_of_week"": 0.01435717902900914, ""eta2_month"": 0.0003685550824681996}",,laneA_ps1_metrics.v1
rg.bb_width_pct,spectrum,MEASURED,"{""top_periods_rows"": [24.094117647058823, 23.813953488372093, 186.1818181818182], ""top_power_share"": [0.050945138939142647, 0.034107521885720145, 0.02140123976901633], ""spectral_entropy_norm"": 0.6971330235706695, ""zero_filled_fraction"": 0.0, ""method"": ""Welch nperseg<=2048 on demeaned rows""}",,laneA_ps1_metrics.v1
rg.bb_width_pct,cost,MEASURED,"{""build_s"": NaN, ""profile_s"": 0.027569863000280748, ""bytes_float64"": 573872}",,laneA_ps1_metrics.v1
rg.price_vs_ema50,missingness,MEASURED,"{""n_rows"": 71734, ""n_finite"": 71734, ""missing_fraction"": 0.0}",,laneA_ps1_metrics.v1
rg.price_vs_ema50,constant,MEASURED,"{""n_unique"": 71734, ""is_constant"": false, ""top_value_share"": 1.3940390888560515e-05}",,laneA_ps1_metrics.v1
rg.price_vs_ema50,scale_tails,MEASURED,"{""mean"": -0.07984528341564168, ""std"": 2.388807625274006, ""min"": -9.785146904106481, ""max"": 11.044376401425833, ""p001"": -7.284072251443012, ""p01"": -5.454548679142977, ""p05"": -3.959665342153845, ""p25"": -1.741342403234956, ""median"": -0.08198088607485864, ""p75"": 1.529618612725657, ""p95"": 3.861866420103737, ""p99"": 5.458358293557826, ""p999"": 7.293558799197365, ""mad"": 1.6390797478974046, ""skew"": 0.042560969039484156, ""excess_kurtosis"": -0.08360506113745325, ""tail_ratio_p99_mad"": 3.380152299935239, ""share_beyond_5mad"": 0.0006970195444280258}",,laneA_ps1_metrics.v1
rg.price_vs_ema50,volatility,MEASURED,"{""std_first_diff"": 0.7303273623180091, ""rolling168_std_median"": 1.969542693666974, ""vol_of_vol_cv"": 0.21578079822142232}",,laneA_ps1_metrics.v1
rg.price_vs_ema50,acf,MEASURED,"{""lag_1"": 0.9532654162462252, ""lag_6"": 0.767477244232867, ""lag_24"": 0.3959457426026471, ""lag_120"": -0.004193340811397772, ""lag_168"": -0.014721564936432474, ""lag_unit"": ""rows of the decision grid (1 row = 1 market hour; weekend gaps not filled)""}",,laneA_ps1_metrics.v1
rg.price_vs_ema50,trend,MEASURED,"{""ols_slope_per_year"": 0.011738765913986218, ""slope_in_std_per_year"": 0.00491406917400464, ""ols_r"": 0.01160844972133061, ""kendall_tau_3000"": -0.004429476492164054, ""kendall_p_3000"": 0.7160772204327217, ""caveat"": ""OLS p-value omitted: serial correlation makes it invalid""}",,laneA_ps1_metrics.v1
rg.price_vs_ema50,adf,MEASURED,"{""stat"": -16.67195789869331, ""pvalue"": 1.542205926866911e-29, ""lags"": 24, ""nobs"": 19975, ""crit_5pct"": -2.8616847064863733, ""H0"": ""unit root"", ""regression"": ""c"", ""sample"": ""last 20000 finite TRAIN values (gaps compressed)""}",,laneA_ps1_metrics.v1
rg.price_vs_ema50,kpss,MEASURED,"{""stat"": 0.19459019033913413, ""pvalue"": 0.1, ""lags"": 83, ""H0"": ""level stationary"", ""pvalue_truncated_to_table"": true, ""sample"": ""last 20000 finite TRAIN values (gaps compressed)""}",,laneA_ps1_metrics.v1
rg.price_vs_ema50,seasonality,MEASURED,"{""eta2_hour_of_day"": 0.00031335398284618263, ""eta2_day_of_week"": 0.00042299487026447197, ""eta2_month"": 0.008685642389761534}",,laneA_ps1_metrics.v1
rg.price_vs_ema50,spectrum,MEASURED,"{""top_periods_rows"": [409.6, 341.3333333333333, 682.6666666666666], ""top_power_share"": [0.05092960484626939, 0.048964511675660925, 0.04829523975462771], ""spectral_entropy_norm"": 0.6391094515853465, ""zero_filled_fraction"": 0.0, ""method"": ""Welch nperseg<=2048 on demeaned rows""}",,laneA_ps1_metrics.v1
rg.price_vs_ema50,cost,MEASURED,"{""build_s"": NaN, ""profile_s"": 0.03072510699985287, ""bytes_float64"": 573872}",,laneA_ps1_metrics.v1
rg.ema_alignment,missingness,MEASURED,"{""n_rows"": 71734, ""n_finite"": 71734, ""missing_fraction"": 0.0}",,laneA_ps1_metrics.v1
rg.ema_alignment,constant,MEASURED,"{""n_unique"": 71734, ""is_constant"": false, ""top_value_share"": 1.3940390888560515e-05}",,laneA_ps1_metrics.v1
rg.ema_alignment,scale_tails,MEASURED,"{""mean"": -0.21944680514676643, ""std"": 3.5964116389036183, ""min"": -15.871299441242872, ""max"": 15.196765773121486, ""p001"": -11.555772354675453, ""p01"": -8.745173380787113, ""p05"": -6.1480649165581145, ""p25"": -2.635602294659221, ""median"": -0.1556103799359947, ""p75"": 2.1719939042184215, ""p95"": 5.608974523979992, ""p99"": 8.218726037542192, ""p999"": 11.242199546300014, ""mad"": 2.404586773493467, ""skew"": -0.029937346577149228, ""excess_kurtosis"": 0.07831449707476512, ""tail_ratio_p99_mad"": 3.482650952667289, ""share_beyond_5mad"": 0.0011012908801962807}",,laneA_ps1_metrics.v1
rg.ema_alignment,volatility,MEASURED,"{""std_first_diff"": 0.2999637936234442, ""rolling168_std_median"": 1.8244400190598256, ""vol_of_vol_cv"": 0.3943734457309579}",,laneA_ps1_metrics.v1
rg.ema_alignment,acf,MEASURED,"{""lag_1"": 0.9965216953976496, ""lag_6"": 0.9458291263772339, ""lag_24"": 0.8864961402885324, ""lag_120"": 0.3480445942679423, ""lag_168"": 0.1972173281143527, ""lag_unit"": ""rows of the decision grid (1 row = 1 market hour; weekend gaps not filled)""}",,laneA_ps1_metrics.v1
rg.ema_alignment,trend,MEASURED,"{""ols_slope_per_year"": 0.027672180809075374, ""slope_in_std_per_year"": 0.007694386401638762, ""ols_r"": 0.018176361487220124, ""kendall_tau_3000"": 0.004440591308213848, ""kendall_p_3000"": 0.7153957546410865, ""caveat"": ""OLS p-value omitted: serial correlation makes it invalid""}",,laneA_ps1_metrics.v1
rg.ema_alignment,adf,MEASURED,"{""stat"": -9.587494183122207, ""pvalue"": 2.0783329520555222e-16, ""lags"": 24, ""nobs"": 19975, ""crit_5pct"": -2.8616847064863733, ""H0"": ""unit root"", ""regression"": ""c"", ""sample"": ""last 20000 finite TRAIN values (gaps compressed)""}",,laneA_ps1_metrics.v1
rg.ema_alignment,kpss,MEASURED,"{""stat"": 0.4523216089250679, ""pvalue"": 0.05460275477367764, ""lags"": 86, ""H0"": ""level stationary"", ""pvalue_truncated_to_table"": false, ""sample"": ""last 20000 finite TRAIN values (gaps compressed)""}",,laneA_ps1_metrics.v1
rg.ema_alignment,seasonality,MEASURED,"{""eta2_hour_of_day"": 9.631895168439619e-05, ""eta2_day_of_week"": 0.0002974775102112451, ""eta2_month"": 0.02173356814129261}",,laneA_ps1_metrics.v1
rg.ema_alignment,spectrum,MEASURED,"{""top_periods_rows"": [1024.0, 682.6666666666666, 2048.0], ""top_power_share"": [0.1861894476467793, 0.15259736594663229, 0.14983971557018555], ""spectral_entropy_norm"": 0.4042852769690547, ""zero_filled_fraction"": 0.0, ""method"": ""Welch nperseg<=2048 on demeaned rows""}",,laneA_ps1_metrics.v1
rg.ema_alignment,cost,MEASURED,"{""build_s"": NaN, ""profile_s"": 0.02960932500081981, ""bytes_float64"": 573872}",,laneA_ps1_metrics.v1
rg.di_spread,missingness,MEASURED,"{""n_rows"": 71734, ""n_finite"": 71734, ""missing_fraction"": 0.0}",,laneA_ps1_metrics.v1
rg.di_spread,constant,MEASURED,"{""n_unique"": 71734, ""is_constant"": false, ""top_value_share"": 1.3940390888560515e-05}",,laneA_ps1_metrics.v1
rg.di_spread,scale_tails,MEASURED,"{""mean"": -0.023191747097862182, ""std"": 18.418636696078025, ""min"": -71.54260954850697, ""max"": 71.96856250219516, ""p001"": -53.50631232307407, ""p01"": -41.76491494804259, ""p05"": -30.363737198413812, ""p25"": -12.747946409289217, ""median"": -0.0004962443978548947, ""p75"": 12.754214185562507, ""p95"": 30.10385838554847, ""p99"": 41.726196211662966, ""p999"": 55.32897208830937, ""mad"": 12.75142936345779, ""skew"": 0.0015403992977770483, ""excess_kurtosis"": -0.173747147087, ""tail_ratio_p99_mad"": 3.2723149120551485, ""share_beyond_5mad"": 0.0002788078177712103}",,laneA_ps1_metrics.v1
rg.di_spread,volatility,MEASURED,"{""std_first_diff"": 8.338726279347242, ""rolling168_std_median"": 17.384767023474435, ""vol_of_vol_cv"": 0.128937581824659}",,laneA_ps1_metrics.v1
rg.di_spread,acf,MEASURED,"{""lag_1"": 0.8975176619114702, ""lag_6"": 0.4759468816381542, ""lag_24"": 0.04428667086499865, ""lag_120"": 0.0051438248326379134, ""lag_168"": -0.010096074360572282, ""lag_unit"": ""rows of the decision grid (1 row = 1 market hour; weekend gaps not filled)""}",,laneA_ps1_metrics.v1
rg.di_spread,trend,MEASURED,"{""ols_slope_per_year"": -0.06711221739574603, ""slope_in_std_per_year"": -0.0036437125343829918, ""ols_r"": -0.008607500679502474, ""kendall_tau_3000"": -0.021371123707902635, ""kendall_p_3000"": 0.07929466868960905, ""caveat"": ""OLS p-value omitted: serial correlation makes it invalid""}",,laneA_ps1_metrics.v1
rg.di_spread,adf,MEASURED,"{""stat"": -22.553093731032334, ""pvalue"": 0.0, ""lags"": 24, ""nobs"": 19975, ""crit_5pct"": -2.8616847064863733, ""H0"": ""unit root"", ""regression"": ""c"", ""sample"": ""last 20000 finite TRAIN values (gaps compressed)""}",,laneA_ps1_metrics.v1
rg.di_spread,kpss,MEASURED,"{""stat"": 0.27281739409230105, ""pvalue"": 0.1, ""lags"": 75, ""H0"": ""level stationary"", ""pvalue_truncated_to_table"": true, ""sample"": ""last 20000 finite TRAIN values (gaps compressed)""}",,laneA_ps1_metrics.v1
rg.di_spread,seasonality,MEASURED,"{""eta2_hour_of_day"": 0.0007576022100025122, ""eta2_day_of_week"": 0.0005866373386947695, ""eta2_month"": 0.0035829604826990435}",,laneA_ps1_metrics.v1
rg.di_spread,spectrum,MEASURED,"{""top_periods_rows"": [227.55555555555554, 341.3333333333333, 409.6], ""top_power_share"": [0.018468142840447198, 0.01802836303729793, 0.017042569226181595], ""spectral_entropy_norm"": 0.7760183988638226, ""zero_filled_fraction"": 0.0, ""method"": ""Welch nperseg<=2048 on demeaned rows""}",,laneA_ps1_metrics.v1
rg.di_spread,cost,MEASURED,"{""build_s"": NaN, ""profile_s"": 0.03042909200030408, ""bytes_float64"": 573872}",,laneA_ps1_metrics.v1
rg.macd_hist,missingness,MEASURED,"{""n_rows"": 71734, ""n_finite"": 71734, ""missing_fraction"": 0.0}",,laneA_ps1_metrics.v1
rg.macd_hist,constant,MEASURED,"{""n_unique"": 71734, ""is_constant"": false, ""top_value_share"": 1.3940390888560515e-05}",,laneA_ps1_metrics.v1
rg.macd_hist,scale_tails,MEASURED,"{""mean"": 0.00202740183026694, ""std"": 0.2289390707785765, ""min"": -0.9252434424934479, ""max"": 1.107147049022406, ""p001"": -0.7321958735176579, ""p01"": -0.5433078636321984, ""p05"": -0.38066109412847704, ""p25"": -0.14955701291031082, ""median"": 0.006166633375663143, ""p75"": 0.15530297893689415, ""p95"": 0.3727178010946694, ""p99"": 0.5314278219693845, ""p999"": 0.7001392398844362, ""mad"": 0.15232686565151632, ""skew"": -0.061670544830983776, ""excess_kurtosis"": 0.07959248548764952, ""tail_ratio_p99_mad"": 3.448250486525341, ""share_beyond_5mad"": 0.0012128140073047649}",,laneA_ps1_metrics.v1
rg.macd_hist,volatility,MEASURED,"{""std_first_diff"": 0.0619937026857352, ""rolling168_std_median"": 0.22296345819316057, ""vol_of_vol_cv"": 0.15946331398160002}",,laneA_ps1_metrics.v1
rg.macd_hist,acf,MEASURED,"{""lag_1"": 0.963337676380438, ""lag_6"": 0.45817245042406335, ""lag_24"": -0.1751169994876801, ""lag_120"": 0.019505086865851846, ""lag_168"": -0.00639504026686652, ""lag_unit"": ""rows of the decision grid (1 row = 1 market hour; weekend gaps not filled)""}",,laneA_ps1_metrics.v1
rg.macd_hist,trend,MEASURED,"{""ols_slope_per_year"": 0.0002506665034905895, ""slope_in_std_per_year"": 0.0010949048698333677, ""ols_r"": 0.0025864813214956767, ""kendall_tau_3000"": -0.005732132933199956, ""kendall_p_3000"": 0.6378776904890824, ""caveat"": ""OLS p-value omitted: serial correlation makes it invalid""}",,laneA_ps1_metrics.v1
rg.macd_hist,adf,MEASURED,"{""stat"": -29.898705713867372, ""pvalue"": 0.0, ""lags"": 24, ""nobs"": 19975, ""crit_5pct"": -2.8616847064863733, ""H0"": ""unit root"", ""regression"": ""c"", ""sample"": ""last 20000 finite TRAIN values (gaps compressed)""}",,laneA_ps1_metrics.v1
rg.macd_hist,kpss,MEASURED,"{""stat"": 0.01777639425720926, ""pvalue"": 0.1, ""lags"": 71, ""H0"": ""level stationary"", ""pvalue_truncated_to_table"": true, ""sample"": ""last 20000 finite TRAIN values (gaps compressed)""}",,laneA_ps1_metrics.v1
rg.macd_hist,seasonality,MEASURED,"{""eta2_hour_of_day"": 0.001750609026276299, ""eta2_day_of_week"": 0.0011875265229743862, ""eta2_month"": 0.00024065317660392613}",,laneA_ps1_metrics.v1
rg.macd_hist,spectrum,MEASURED,"{""top_periods_rows"": [66.06451612903226, 58.51428571428571, 56.888888888888886], ""top_power_share"": [0.017935921716929346, 0.01757854607183894, 0.01711522952533033], ""spectral_entropy_norm"": 0.7203687824511253, ""zero_filled_fraction"": 0.0, ""method"": ""Welch nperseg<=2048 on demeaned rows""}",,laneA_ps1_metrics.v1
rg.macd_hist,cost,MEASURED,"{""build_s"": NaN, ""profile_s"": 0.029994246000569547, ""bytes_float64"": 573872}",,laneA_ps1_metrics.v1
rg.roc_12,missingness,MEASURED,"{""n_rows"": 71734, ""n_finite"": 71734, ""missing_fraction"": 0.0}",,laneA_ps1_metrics.v1
rg.roc_12,constant,MEASURED,"{""n_unique"": 71530, ""is_constant"": false, ""top_value_share"": 0.00135221791619037}",,laneA_ps1_metrics.v1
rg.roc_12,scale_tails,MEASURED,"{""mean"": -0.0023774536046153234, ""std"": 0.35526877314058336, ""min"": -3.569887169369257, ""max"": 3.6915984961553683, ""p001"": -1.6961202393219057, ""p01"": -0.9550875816268483, ""p05"": -0.5612527020791219, ""p25"": -0.18123655202824107, ""median"": 0.0, ""p75"": 0.1748639515883832, ""p95"": 0.5545602719274696, ""p99"": 0.9822664440852167, ""p999"": 1.8232809811934216, ""mad"": 0.177811779442566, ""skew"": 0.07961440501188574, ""excess_kurtosis"": 5.2428673608216805, ""tail_ratio_p99_mad"": 5.524192194491216, ""share_beyond_5mad"": 0.026361279170267933}",,laneA_ps1_metrics.v1
rg.roc_12,volatility,MEASURED,"{""std_first_diff"": 0.14845653780839785, ""rolling168_std_median"": 0.2953642513424268, ""vol_of_vol_cv"": 0.39062346433075296}",,laneA_ps1_metrics.v1
rg.roc_12,acf,MEASURED,"{""lag_1"": 0.9126929299518495, ""lag_6"": 0.47908979849694705, ""lag_24"": 0.014846940122778669, ""lag_120"": 0.007031265080214267, ""lag_168"": -0.012484891611457554, ""lag_unit"": ""rows of the decision grid (1 row = 1 market hour; weekend gaps not filled)""}",,laneA_ps1_metrics.v1
rg.roc_12,trend,MEASURED,"{""ols_slope_per_year"": 0.0009311662938751626, ""slope_in_std_per_year"": 0.0026210192515475905, ""ols_r"": 0.006191603968699255, ""kendall_tau_3000"": -0.00409847863681649, ""kendall_p_3000"": 0.736472776892085, ""caveat"": ""OLS p-value omitted: serial correlation makes it invalid""}",,laneA_ps1_metrics.v1
rg.roc_12,adf,MEASURED,"{""stat"": -20.61756208128681, ""pvalue"": 0.0, ""lags"": 24, ""nobs"": 19975, ""crit_5pct"": -2.8616847064863733, ""H0"": ""unit root"", ""regression"": ""c"", ""sample"": ""last 20000 finite TRAIN values (gaps compressed)""}",,laneA_ps1_metrics.v1
rg.roc_12,kpss,MEASURED,"{""stat"": 0.16615807859964773, ""pvalue"": 0.1, ""lags"": 73, ""H0"": ""level stationary"", ""pvalue_truncated_to_table"": true, ""sample"": ""last 20000 finite TRAIN values (gaps compressed)""}",,laneA_ps1_metrics.v1
rg.roc_12,seasonality,MEASURED,"{""eta2_hour_of_day"": 0.0012397743086677824, ""eta2_day_of_week"": 0.0004065308570363223, ""eta2_month"": 0.0017134214162071416}",,laneA_ps1_metrics.v1
rg.roc_12,spectrum,MEASURED,"{""top_periods_rows"": [93.0909090909091, 682.6666666666666, 227.55555555555554], ""top_power_share"": [0.015493438144044436, 0.013008203119479374, 0.012995522458748594], ""spectral_entropy_norm"": 0.7546598772535537, ""zero_filled_fraction"": 0.0, ""method"": ""Welch nperseg<=2048 on demeaned rows""}",,laneA_ps1_metrics.v1
rg.roc_12,cost,MEASURED,"{""build_s"": NaN, ""profile_s"": 0.0298074460006319, ""bytes_float64"": 573872}",,laneA_ps1_metrics.v1
tv.wav_d1,missingness,MEASURED,"{""n_rows"": 71734, ""n_finite"": 71734, ""missing_fraction"": 0.0}",,laneA_ps1_metrics.v1
tv.wav_d1,constant,MEASURED,"{""n_unique"": 70855, ""is_constant"": false, ""top_value_share"": 0.006593804890289124}",,laneA_ps1_metrics.v1
tv.wav_d1,scale_tails,MEASURED,"{""mean"": -1.2699115591000632e-06, ""std"": 0.0005225009963474571, ""min"": -0.010303076808529217, ""max"": 0.00862940797295799, ""p001"": -0.0031661704259597174, ""p01"": -0.001496134426717388, ""p05"": -0.0007536618215789527, ""p25"": -0.00021070924780217104, ""median"": 0.0, ""p75"": 0.00020909379379542223, ""p95"": 0.0007413453788865635, ""p99"": 0.0014778767702681547, ""p999"": 0.0031894734648720475, ""mad"": 0.00020993686568959724, ""skew"": -0.09397056964082023, ""excess_kurtosis"": 18.817231063202073, ""tail_ratio_p99_mad"": 7.039624819650655, ""share_beyond_5mad"": 0.04834527560152787}",,laneA_ps1_metrics.v1
tv.wav_d1,volatility,MEASURED,"{""std_first_diff"": 0.0007414873114126305, ""rolling168_std_median"": 0.000454437924805279, ""vol_of_vol_cv"": 0.3589546262748036}",,laneA_ps1_metrics.v1
tv.wav_d1,acf,MEASURED,"{""lag_1"": -0.0069266566979518706, ""lag_6"": 0.0007235730571350361, ""lag_24"": 0.0065084326044246976, ""lag_120"": 0.009348324884947228, ""lag_168"": 0.0008727398087605201, ""lag_unit"": ""rows of the decision grid (1 row = 1 market hour; weekend gaps not filled)""}",,laneA_ps1_metrics.v1
tv.wav_d1,trend,MEASURED,"{""ols_slope_per_year"": 3.8951223848165726e-07, ""slope_in_std_per_year"": 0.0007454765468478383, ""ols_r"": 0.0017610307682058934, ""kendall_tau_3000"": 0.005866933189834892, ""kendall_p_3000"": 0.6299981253818414, ""caveat"": ""OLS p-value omitted: serial correlation makes it invalid""}",,laneA_ps1_metrics.v1
tv.wav_d1,adf,MEASURED,"{""stat"": -28.600002642213575, ""pvalue"": 0.0, ""lags"": 24, ""nobs"": 19975, ""crit_5pct"": -2.8616847064863733, ""H0"": ""unit root"", ""regression"": ""c"", ""sample"": ""last 20000 finite TRAIN values (gaps compressed)""}",,laneA_ps1_metrics.v1
tv.wav_d1,kpss,MEASURED,"{""stat"": 0.14428071597347966, ""pvalue"": 0.1, ""lags"": 14, ""H0"": ""level stationary"", ""pvalue_truncated_to_table"": true, ""sample"": ""last 20000 finite TRAIN values (gaps compressed)""}",,laneA_ps1_metrics.v1
tv.wav_d1,seasonality,MEASURED,"{""eta2_hour_of_day"": 0.001298411784323302, ""eta2_day_of_week"": 0.00010606352980339045, ""eta2_month"": 0.00013723352421745363}",,laneA_ps1_metrics.v1
tv.wav_d1,spectrum,MEASURED,"{""top_periods_rows"": [4.796252927400468, 6.965986394557823, 2.070778564206269], ""top_power_share"": [0.0015368277768463667, 0.0014749750567961567, 0.0014700961721460842], ""spectral_entropy_norm"": 0.9984569887019606, ""zero_filled_fraction"": 0.0, ""method"": ""Welch nperseg<=2048 on demeaned rows""}",,laneA_ps1_metrics.v1
tv.wav_d1,cost,MEASURED,"{""build_s"": NaN, ""profile_s"": 0.030331608999404125, ""bytes_float64"": 573872}",,laneA_ps1_metrics.v1
tv.wav_d2,missingness,MEASURED,"{""n_rows"": 71734, ""n_finite"": 71734, ""missing_fraction"": 0.0}",,laneA_ps1_metrics.v1
tv.wav_d2,constant,MEASURED,"{""n_unique"": 71728, ""is_constant"": false, ""top_value_share"": 6.970195444280257e-05}",,laneA_ps1_metrics.v1
tv.wav_d2,scale_tails,MEASURED,"{""mean"": -2.5343396025569575e-06, ""std"": 0.0006370444865800577, ""min"": -0.01198428417282241, ""max"": 0.009866267294893713, ""p001"": -0.0036587678627404813, ""p01"": -0.0018372355404103029, ""p05"": -0.0009440033569153894, ""p25"": -0.000257856967458931, ""median"": 3.12498855681298e-08, ""p75"": 0.00025568171333961286, ""p95"": 0.0009171068514055611, ""p99"": 0.0018115891808856946, ""p999"": 0.0036199829656857387, ""mad"": 0.00025677139342749657, ""skew"": 0.05500093018760965, ""excess_kurtosis"": 16.219483747129242, ""tail_ratio_p99_mad"": 7.0551392303428395, ""share_beyond_5mad"": 0.04989265899015809}",,laneA_ps1_metrics.v1
tv.wav_d2,volatility,MEASURED,"{""std_first_diff"": 0.0005224661415799459, ""rolling168_std_median"": 0.0005470083424121534, ""vol_of_vol_cv"": 0.37618046100439057}",,laneA_ps1_metrics.v1
tv.wav_d2,acf,MEASURED,"{""lag_1"": 0.6636884505402818, ""lag_6"": -0.005345636633155376, ""lag_24"": 0.010229083640672933, ""lag_120"": 0.013059755922727175, ""lag_168"": -0.006093125085122387, ""lag_unit"": ""rows of the decision grid (1 row = 1 market hour; weekend gaps not filled)""}",,laneA_ps1_metrics.v1
tv.wav_d2,trend,MEASURED,"{""ols_slope_per_year"": 7.815264233937893e-07, ""slope_in_std_per_year"": 0.0012268003881320375, ""ols_r"": 0.002898056604305786, ""kendall_tau_3000"": -0.011850172279648772, ""kendall_p_3000"": 0.33054168250405225, ""caveat"": ""OLS p-value omitted: serial correlation makes it invalid""}",,laneA_ps1_metrics.v1
tv.wav_d2,adf,MEASURED,"{""stat"": -26.42530749696021, ""pvalue"": 0.0, ""lags"": 24, ""nobs"": 19975, ""crit_5pct"": -2.8616847064863733, ""H0"": ""unit root"", ""regression"": ""c"", ""sample"": ""last 20000 finite TRAIN values (gaps compressed)""}",,laneA_ps1_metrics.v1
tv.wav_d2,kpss,MEASURED,"{""stat"": 0.15457004315360212, ""pvalue"": 0.1, ""lags"": 20, ""H0"": ""level stationary"", ""pvalue_truncated_to_table"": true, ""sample"": ""last 20000 finite TRAIN values (gaps compressed)""}",,laneA_ps1_metrics.v1
tv.wav_d2,seasonality,MEASURED,"{""eta2_hour_of_day"": 0.0015090580589029923, ""eta2_day_of_week"": 0.00018751187579278325, ""eta2_month"": 0.00036693590130633657}",,laneA_ps1_metrics.v1
tv.wav_d2,spectrum,MEASURED,"{""top_periods_rows"": [93.0909090909091, 23.54022988505747, 23.813953488372093], ""top_power_share"": [0.0035109154744650396, 0.0034186335812250008, 0.0033835162244662095], ""spectral_entropy_norm"": 0.9206995583755107, ""zero_filled_fraction"": 0.0, ""method"": ""Welch nperseg<=2048 on demeaned rows""}",,laneA_ps1_metrics.v1
tv.wav_d2,cost,MEASURED,"{""build_s"": NaN, ""profile_s"": 0.029819178999787255, ""bytes_float64"": 573872}",,laneA_ps1_metrics.v1
tv.wav_d3,missingness,MEASURED,"{""n_rows"": 71734, ""n_finite"": 71734, ""missing_fraction"": 0.0}",,laneA_ps1_metrics.v1
tv.wav_d3,constant,MEASURED,"{""n_unique"": 71733, ""is_constant"": false, ""top_value_share"": 2.788078177712103e-05}",,laneA_ps1_metrics.v1
tv.wav_d3,scale_tails,MEASURED,"{""mean"": -5.032379602872574e-06, ""std"": 0.0008576171705964926, ""min"": -0.014275885604302284, ""max"": 0.01222442930657162, ""p001"": -0.004707885540164766, ""p01"": -0.002423956884165263, ""p05"": -0.001312137899425429, ""p25"": -0.00036759219310347323, ""median"": 1.2139757914197968e-09, ""p75"": 0.0003661419407803702, ""p95"": 0.001261092684739297, ""p99"": 0.0024532887691963265, ""p999"": 0.00479540917155718, ""mad"": 0.00036686397472930274, ""skew"": 0.058172539033616744, ""excess_kurtosis"": 12.149474781509408, ""tail_ratio_p99_mad"": 6.687185780590035, ""share_beyond_5mad"": 0.04364736387208297}",,laneA_ps1_metrics.v1
tv.wav_d3,volatility,MEASURED,"{""std_first_diff"": 0.0003693111554164135, ""rolling168_std_median"": 0.0007253376365431516, ""vol_of_vol_cv"": 0.3901555241413045}",,laneA_ps1_metrics.v1
tv.wav_d3,acf,MEASURED,"{""lag_1"": 0.9072818732302012, ""lag_6"": 0.008115821041845925, ""lag_24"": 0.01605883319304826, ""lag_120"": 0.006375983720622062, ""lag_168"": -0.011812730041394054, ""lag_unit"": ""rows of the decision grid (1 row = 1 market hour; weekend gaps not filled)""}",,laneA_ps1_metrics.v1
tv.wav_d3,trend,MEASURED,"{""ols_slope_per_year"": 1.5773971360882449e-06, ""slope_in_std_per_year"": 0.001839278864940552, ""ols_r"": 0.004344907544264103, ""kendall_tau_3000"": -0.015235300655774147, ""kendall_p_3000"": 0.21094253750586367, ""caveat"": ""OLS p-value omitted: serial correlation makes it invalid""}",,laneA_ps1_metrics.v1
tv.wav_d3,adf,MEASURED,"{""stat"": -22.774404429094876, ""pvalue"": 0.0, ""lags"": 24, ""nobs"": 19975, ""crit_5pct"": -2.8616847064863733, ""H0"": ""unit root"", ""regression"": ""c"", ""sample"": ""last 20000 finite TRAIN values (gaps compressed)""}",,laneA_ps1_metrics.v1
tv.wav_d3,kpss,MEASURED,"{""stat"": 0.1579751263297781, ""pvalue"": 0.1, ""lags"": 42, ""H0"": ""level stationary"", ""pvalue_truncated_to_table"": true, ""sample"": ""last 20000 finite TRAIN values (gaps compressed)""}",,laneA_ps1_metrics.v1
tv.wav_d3,seasonality,MEASURED,"{""eta2_hour_of_day"": 0.0016609657098534377, ""eta2_day_of_week"": 0.00017953800778069325, ""eta2_month"": 0.0008340415538486353}",,laneA_ps1_metrics.v1
tv.wav_d3,spectrum,MEASURED,"{""top_periods_rows"": [93.0909090909091, 37.925925925925924, 66.06451612903226], ""top_power_share"": [0.007675880007174186, 0.006662865246789293, 0.0065416446177410815], ""spectral_entropy_norm"": 0.8158589534741362, ""zero_filled_fraction"": 0.0, ""method"": ""Welch nperseg<=2048 on demeaned rows""}",,laneA_ps1_metrics.v1
tv.wav_d3,cost,MEASURED,"{""build_s"": NaN, ""profile_s"": 0.030032227000447165, ""bytes_float64"": 573872}",,laneA_ps1_metrics.v1
tv.wav_d4,missingness,MEASURED,"{""n_rows"": 71734, ""n_finite"": 71734, ""missing_fraction"": 0.0}",,laneA_ps1_metrics.v1
tv.wav_d4,constant,MEASURED,"{""n_unique"": 71733, ""is_constant"": false, ""top_value_share"": 2.788078177712103e-05}",,laneA_ps1_metrics.v1
tv.wav_d4,scale_tails,MEASURED,"{""mean"": -1.00068390213673e-05, ""std"": 0.0011881376084297113, ""min"": -0.013310854489377917, ""max"": 0.014347504234525642, ""p001"": -0.005982556234263151, ""p01"": -0.0033031310175188513, ""p05"": -0.0018496365431435453, ""p25"": -0.0005681710595364631, ""median"": -2.337275638201325e-06, ""p75"": 0.0005630160385711024, ""p95"": 0.0018096833963133815, ""p99"": 0.0033011072811144604, ""p999"": 0.006084826388778181, ""mad"": 0.0005655486648063679, ""skew"": 0.05414774556115505, ""excess_kurtosis"": 6.781162056653722, ""tail_ratio_p99_mad"": 5.841132270878392, ""share_beyond_5mad"": 0.03210472021635487}",,laneA_ps1_metrics.v1
tv.wav_d4,volatility,MEASURED,"{""std_first_diff"": 0.00026122412648527484, ""rolling168_std_median"": 0.000985567871758598, ""vol_of_vol_cv"": 0.3960905834179602}",,laneA_ps1_metrics.v1
tv.wav_d4,acf,MEASURED,"{""lag_1"": 0.9758310535338814, ""lag_6"": 0.44650344459931535, ""lag_24"": 0.016503404938092527, ""lag_120"": 0.005680737792469268, ""lag_168"": -0.012814743743705326, ""lag_unit"": ""rows of the decision grid (1 row = 1 market hour; weekend gaps not filled)""}",,laneA_ps1_metrics.v1
tv.wav_d4,trend,MEASURED,"{""ols_slope_per_year"": 3.1564762280943725e-06, ""slope_in_std_per_year"": 0.0026566587958326594, ""ols_r"": 0.0062757948588301705, ""kendall_tau_3000"": 0.0002156274313660109, ""kendall_p_3000"": 0.9858739742861689, ""caveat"": ""OLS p-value omitted: serial correlation makes it invalid""}",,laneA_ps1_metrics.v1
tv.wav_d4,adf,MEASURED,"{""stat"": -18.354922081010585, ""pvalue"": 2.2328750494437852e-30, ""lags"": 24, ""nobs"": 19975, ""crit_5pct"": -2.8616847064863733, ""H0"": ""unit root"", ""regression"": ""c"", ""sample"": ""last 20000 finite TRAIN values (gaps compressed)""}",,laneA_ps1_metrics.v1
tv.wav_d4,kpss,MEASURED,"{""stat"": 0.1634697253508425, ""pvalue"": 0.1, ""lags"": 69, ""H0"": ""level stationary"", ""pvalue_truncated_to_table"": true, ""sample"": ""last 20000 finite TRAIN values (gaps compressed)""}",,laneA_ps1_metrics.v1
tv.wav_d4,seasonality,MEASURED,"{""eta2_hour_of_day"": 0.0014222104852165383, ""eta2_day_of_week"": 0.0003730695748439244, ""eta2_month"": 0.001684765338457108}",,laneA_ps1_metrics.v1
tv.wav_d4,spectrum,MEASURED,"{""top_periods_rows"": [93.0909090909091, 227.55555555555554, 682.6666666666666], ""top_power_share"": [0.015484234117527062, 0.012923501494960748, 0.012912478365801843], ""spectral_entropy_norm"": 0.7130350026458171, ""zero_filled_fraction"": 0.0, ""method"": ""Welch nperseg<=2048 on demeaned rows""}",,laneA_ps1_metrics.v1
tv.wav_d4,cost,MEASURED,"{""build_s"": NaN, ""profile_s"": 0.030140219999339024, ""bytes_float64"": 573872}",,laneA_ps1_metrics.v1
tv.wav_d5,missingness,MEASURED,"{""n_rows"": 71734, ""n_finite"": 71734, ""missing_fraction"": 0.0}",,laneA_ps1_metrics.v1
tv.wav_d5,constant,MEASURED,"{""n_unique"": 71734, ""is_constant"": false, ""top_value_share"": 1.3940390888560515e-05}",,laneA_ps1_metrics.v1
tv.wav_d5,scale_tails,MEASURED,"{""mean"": -1.9993944039559422e-05, ""std"": 0.0016475465265931974, ""min"": -0.01287151558574564, ""max"": 0.014666376663320076, ""p001"": -0.007208901474262953, ""p01"": -0.004340991021383806, ""p05"": -0.002628412776833218, ""p25"": -0.0009338198596849826, ""median"": -1.2846283708722699e-05, ""p75"": 0.0008799412897085288, ""p95"": 0.002566368851995516, ""p99"": 0.004350806984318792, ""p999"": 0.007332381283478039, ""mad"": 0.0009073086877893297, ""skew"": 0.06246553505271583, ""excess_kurtosis"": 3.0772333114298043, ""tail_ratio_p99_mad"": 4.809447244090229, ""share_beyond_5mad"": 0.016881813366046786}",,laneA_ps1_metrics.v1
tv.wav_d5,volatility,MEASURED,"{""std_first_diff"": 0.00018099638884726792, ""rolling168_std_median"": 0.001323970674619878, ""vol_of_vol_cv"": 0.4041898259946597}",,laneA_ps1_metrics.v1
tv.wav_d5,acf,MEASURED,"{""lag_1"": 0.9939656676847415, ""lag_6"": 0.8236111381577987, ""lag_24"": 0.030133532967764724, ""lag_120"": 0.0029967229201260997, ""lag_168"": -0.014644780083502435, ""lag_unit"": ""rows of the decision grid (1 row = 1 market hour; weekend gaps not filled)""}",,laneA_ps1_metrics.v1
tv.wav_d5,trend,MEASURED,"{""ols_slope_per_year"": 6.40493717062245e-06, ""slope_in_std_per_year"": 0.0038875607257456953, ""ols_r"": 0.009183540488637783, ""kendall_tau_3000"": 0.004791819495387351, ""kendall_p_3000"": 0.693980782999638, ""caveat"": ""OLS p-value omitted: serial correlation makes it invalid""}",,laneA_ps1_metrics.v1
tv.wav_d5,adf,MEASURED,"{""stat"": -21.11719118896563, ""pvalue"": 0.0, ""lags"": 24, ""nobs"": 19975, ""crit_5pct"": -2.8616847064863733, ""H0"": ""unit root"", ""regression"": ""c"", ""sample"": ""last 20000 finite TRAIN values (gaps compressed)""}",,laneA_ps1_metrics.v1
tv.wav_d5,kpss,MEASURED,"{""stat"": 0.17341255037965503, ""pvalue"": 0.1, ""lags"": 83, ""H0"": ""level stationary"", ""pvalue_truncated_to_table"": true, ""sample"": ""last 20000 finite TRAIN values (gaps compressed)""}",,laneA_ps1_metrics.v1
tv.wav_d5,seasonality,MEASURED,"{""eta2_hour_of_day"": 0.00016694212690262968, ""eta2_day_of_week"": 0.0010099068644616662, ""eta2_month"": 0.002940558080765267}",,laneA_ps1_metrics.v1
tv.wav_d5,spectrum,MEASURED,"{""top_periods_rows"": [93.0909090909091, 682.6666666666666, 292.57142857142856], ""top_power_share"": [0.028063042904534485, 0.027017469924738302, 0.026520096538605296], ""spectral_entropy_norm"": 0.6108821233379952, ""zero_filled_fraction"": 0.0, ""method"": ""Welch nperseg<=2048 on demeaned rows""}",,laneA_ps1_metrics.v1
tv.wav_d5,cost,MEASURED,"{""build_s"": NaN, ""profile_s"": 0.029391476999990118, ""bytes_float64"": 573872}",,laneA_ps1_metrics.v1
tv.mt_band_6_48h,missingness,MEASURED,"{""n_rows"": 71734, ""n_finite"": 71734, ""missing_fraction"": 0.0}",,laneA_ps1_metrics.v1
tv.mt_band_6_48h,constant,MEASURED,"{""n_unique"": 71734, ""is_constant"": false, ""top_value_share"": 1.3940390888560515e-05}",,laneA_ps1_metrics.v1
tv.mt_band_6_48h,scale_tails,MEASURED,"{""mean"": 0.285620886776236, ""std"": 0.04935491742739639, ""min"": 0.1301729366118303, ""max"": 0.6175610838713806, ""p001"": 0.16254790345612152, ""p01"": 0.1865489774066534, ""p05"": 0.21031101176712416, ""p25"": 0.2515350765879462, ""median"": 0.2831226124875055, ""p75"": 0.31773196499549394, ""p95"": 0.3640480748621365, ""p99"": 0.405424885818878, ""p999"": 0.5749006513636558, ""mad"": 0.03306484930721024, ""skew"": 0.6697616667159113, ""excess_kurtosis"": 2.4581660017244067, ""tail_ratio_p99_mad"": 3.6988607507339477, ""share_beyond_5mad"": 0.004377282739008002}",,laneA_ps1_metrics.v1
tv.mt_band_6_48h,volatility,MEASURED,"{""std_first_diff"": 0.0014417790412194825, ""rolling168_std_median"": 0.017504600596456282, ""vol_of_vol_cv"": 0.6333097850333811}",,laneA_ps1_metrics.v1
tv.mt_band_6_48h,acf,MEASURED,"{""lag_1"": 0.9995733170938185, ""lag_6"": 0.992423702761464, ""lag_24"": 0.9172993180492541, ""lag_120"": 0.4675837969005415, ""lag_168"": 0.2618086649707379, ""lag_unit"": ""rows of the decision grid (1 row = 1 market hour; weekend gaps not filled)""}",,laneA_ps1_metrics.v1
tv.mt_band_6_48h,trend,MEASURED,"{""ols_slope_per_year"": -0.0003947271791151036, ""slope_in_std_per_year"": -0.007997727474587867, ""ols_r"": -0.018892940653905822, ""kendall_tau_3000"": -0.015390018895187286, ""kendall_p_3000"": 0.20634422500437233, ""caveat"": ""OLS p-value omitted: serial correlation makes it invalid""}",,laneA_ps1_metrics.v1
tv.mt_band_6_48h,adf,MEASURED,"{""stat"": -6.273602383082691, ""pvalue"": 3.9494886235041724e-08, ""lags"": 24, ""nobs"": 19975, ""crit_5pct"": -2.8616847064863733, ""H0"": ""unit root"", ""regression"": ""c"", ""sample"": ""last 20000 finite TRAIN values (gaps compressed)""}",,laneA_ps1_metrics.v1
tv.mt_band_6_48h,kpss,MEASURED,"{""stat"": 0.09636225442763792, ""pvalue"": 0.1, ""lags"": 87, ""H0"": ""level stationary"", ""pvalue_truncated_to_table"": true, ""sample"": ""last 20000 finite TRAIN values (gaps compressed)""}",,laneA_ps1_metrics.v1
tv.mt_band_6_48h,seasonality,MEASURED,"{""eta2_hour_of_day"": 5.888429218170011e-06, ""eta2_day_of_week"": 1.9052117708655902e-05, ""eta2_month"": 0.03840047702175213}",,laneA_ps1_metrics.v1
tv.mt_band_6_48h,spectrum,MEASURED,"{""top_periods_rows"": [2048.0, 1024.0, 682.6666666666666], ""top_power_share"": [0.24541605063408234, 0.22365236322206655, 0.15782937550526585], ""spectral_entropy_norm"": 0.3178113294441641, ""zero_filled_fraction"": 0.0, ""method"": ""Welch nperseg<=2048 on demeaned rows""}",,laneA_ps1_metrics.v1
tv.mt_band_6_48h,cost,MEASURED,"{""build_s"": NaN, ""profile_s"": 0.029761820000203443, ""bytes_float64"": 573872}",,laneA_ps1_metrics.v1
tv.hilbert_amp,missingness,MEASURED,"{""n_rows"": 71734, ""n_finite"": 71734, ""missing_fraction"": 0.0}",,laneA_ps1_metrics.v1
tv.hilbert_amp,constant,MEASURED,"{""n_unique"": 71734, ""is_constant"": false, ""top_value_share"": 1.3940390888560515e-05}",,laneA_ps1_metrics.v1
tv.hilbert_amp,scale_tails,MEASURED,"{""mean"": 0.007956950879523389, ""std"": 0.005495481818438722, ""min"": 2.2943199167339153e-05, ""max"": 0.0450349442818228, ""p001"": 0.00021234289747859106, ""p01"": 0.0007128102930754289, ""p05"": 0.001662995137269964, ""p25"": 0.004090112451202816, ""median"": 0.00668598157181638, ""p75"": 0.010418021644541848, ""p95"": 0.018468817749002362, ""p99"": 0.02663059445657232, ""p999"": 0.03864394905758397, ""mad"": 0.0029688275244831993, ""skew"": 1.60231270288552, ""excess_kurtosis"": 3.9741386642198817, ""tail_ratio_p99_mad"": 6.718009961938699, ""share_beyond_5mad"": 0.02679343128781331}",,laneA_ps1_metrics.v1
tv.hilbert_amp,volatility,MEASURED,"{""std_first_diff"": 0.0009870827740819064, ""rolling168_std_median"": 0.003314159846972866, ""vol_of_vol_cv"": 0.45082591391720045}",,laneA_ps1_metrics.v1
tv.hilbert_amp,acf,MEASURED,"{""lag_1"": 0.9838689095847205, ""lag_6"": 0.8773522697656134, ""lag_24"": 0.5120594628002031, ""lag_120"": 0.41936990984562794, ""lag_168"": 0.2216082916243052, ""lag_unit"": ""rows of the decision grid (1 row = 1 market hour; weekend gaps not filled)""}",,laneA_ps1_metrics.v1
tv.hilbert_amp,trend,MEASURED,"{""ols_slope_per_year"": -3.8423165399676676e-05, ""slope_in_std_per_year"": -0.006991773727784396, ""ols_r"": -0.016516587558689663, ""kendall_tau_3000"": -0.021452039568745137, ""kendall_p_3000"": 0.07816440831658472, ""caveat"": ""OLS p-value omitted: serial correlation makes it invalid""}",,laneA_ps1_metrics.v1
tv.hilbert_amp,adf,MEASURED,"{""stat"": -13.880861410713203, ""pvalue"": 6.214915943401879e-26, ""lags"": 24, ""nobs"": 19975, ""crit_5pct"": -2.8616847064863733, ""H0"": ""unit root"", ""regression"": ""c"", ""sample"": ""last 20000 finite TRAIN values (gaps compressed)""}",,laneA_ps1_metrics.v1
tv.hilbert_amp,kpss,MEASURED,"{""stat"": 2.398319906395587, ""pvalue"": 0.01, ""lags"": 85, ""H0"": ""level stationary"", ""pvalue_truncated_to_table"": true, ""sample"": ""last 20000 finite TRAIN values (gaps compressed)""}",,laneA_ps1_metrics.v1
tv.hilbert_amp,seasonality,MEASURED,"{""eta2_hour_of_day"": 0.0016565987429144812, ""eta2_day_of_week"": 0.0048731956759427, ""eta2_month"": 0.005559225771979412}",,laneA_ps1_metrics.v1
tv.hilbert_amp,spectrum,MEASURED,"{""top_periods_rows"": [2048.0, 1024.0, 682.6666666666666], ""top_power_share"": [0.103894242222367, 0.09547750112707935, 0.06623178871520241], ""spectral_entropy_norm"": 0.5740014005060285, ""zero_filled_fraction"": 0.0, ""method"": ""Welch nperseg<=2048 on demeaned rows""}",,laneA_ps1_metrics.v1
tv.hilbert_amp,cost,MEASURED,"{""build_s"": NaN, ""profile_s"": 0.030227834000470466, ""bytes_float64"": 573872}",,laneA_ps1_metrics.v1
tv.stl_dev,missingness,MEASURED,"{""n_rows"": 71734, ""n_finite"": 71734, ""missing_fraction"": 0.0}",,laneA_ps1_metrics.v1
tv.stl_dev,constant,MEASURED,"{""n_unique"": 71734, ""is_constant"": false, ""top_value_share"": 1.3940390888560515e-05}",,laneA_ps1_metrics.v1
tv.stl_dev,scale_tails,MEASURED,"{""mean"": -1.2994392093756345e-07, ""std"": 0.0023365801272347414, ""min"": -0.030429911757801353, ""max"": 0.02133812626761855, ""p001"": -0.011158733616213317, ""p01"": -0.0065014838293056595, ""p05"": -0.0037106979871255716, ""p25"": -0.0011838715000070804, ""median"": 1.718779397230641e-05, ""p75"": 0.0012264269264814082, ""p95"": 0.0036118883665741575, ""p99"": 0.006134776669307369, ""p999"": 0.011167474833399695, ""mad"": 0.0012048719838481242, ""skew"": -0.10015956677815258, ""excess_kurtosis"": 5.113560737300848, ""tail_ratio_p99_mad"": 5.077376648593559, ""share_beyond_5mad"": 0.02355926060166727}",,laneA_ps1_metrics.v1
tv.stl_dev,volatility,MEASURED,"{""std_first_diff"": 0.0010161386827902573, ""rolling168_std_median"": 0.0020141810260164324, ""vol_of_vol_cv"": 0.3909681096023615}",,laneA_ps1_metrics.v1
tv.stl_dev,acf,MEASURED,"{""lag_1"": 0.9054395850095865, ""lag_6"": 0.3937375983279287, ""lag_24"": -0.23873600029123357, ""lag_120"": 0.027449417374828883, ""lag_168"": -0.005849683649681948, ""lag_unit"": ""rows of the decision grid (1 row = 1 market hour; weekend gaps not filled)""}",,laneA_ps1_metrics.v1
tv.stl_dev,trend,MEASURED,"{""ols_slope_per_year"": -1.3840677054614947e-07, ""slope_in_std_per_year"": -5.923476320495326e-05, ""ols_r"": -0.00013992960743351859, ""kendall_tau_3000"": -0.004359675447371346, ""kendall_p_3000"": 0.7203619774006665, ""caveat"": ""OLS p-value omitted: serial correlation makes it invalid""}",,laneA_ps1_metrics.v1
tv.stl_dev,adf,MEASURED,"{""stat"": -30.26514999190758, ""pvalue"": 0.0, ""lags"": 24, ""nobs"": 19975, ""crit_5pct"": -2.8616847064863733, ""H0"": ""unit root"", ""regression"": ""c"", ""sample"": ""last 20000 finite TRAIN values (gaps compressed)""}",,laneA_ps1_metrics.v1
tv.stl_dev,kpss,MEASURED,"{""stat"": 0.001874334543413385, ""pvalue"": 0.1, ""lags"": 68, ""H0"": ""level stationary"", ""pvalue_truncated_to_table"": true, ""sample"": ""last 20000 finite TRAIN values (gaps compressed)""}",,laneA_ps1_metrics.v1
tv.stl_dev,seasonality,MEASURED,"{""eta2_hour_of_day"": 0.0008569483560421109, ""eta2_day_of_week"": 0.0008486250505652628, ""eta2_month"": 5.698390998238225e-05}",,laneA_ps1_metrics.v1
tv.stl_dev,spectrum,MEASURED,"{""top_periods_rows"": [37.925925925925924, 43.57446808510638, 38.64150943396226], ""top_power_share"": [0.017963540478534108, 0.01766220464985638, 0.016766869980118067], ""spectral_entropy_norm"": 0.7461705775415088, ""zero_filled_fraction"": 0.0, ""method"": ""Welch nperseg<=2048 on demeaned rows""}",,laneA_ps1_metrics.v1
tv.stl_dev,cost,MEASURED,"{""build_s"": NaN, ""profile_s"": 0.031077556999662193, ""bytes_float64"": 573872}",,laneA_ps1_metrics.v1
tv.stl_seasonal,missingness,MEASURED,"{""n_rows"": 71734, ""n_finite"": 71734, ""missing_fraction"": 0.0}",,laneA_ps1_metrics.v1
tv.stl_seasonal,constant,MEASURED,"{""n_unique"": 71734, ""is_constant"": false, ""top_value_share"": 1.3940390888560515e-05}",,laneA_ps1_metrics.v1
tv.stl_seasonal,scale_tails,MEASURED,"{""mean"": -1.240725896238696e-07, ""std"": 0.0016058237268019384, ""min"": -0.019494401353520364, ""max"": 0.013550598194065192, ""p001"": -0.007637844498734531, ""p01"": -0.004440625782398115, ""p05"": -0.0025229647831649126, ""p25"": -0.0008208445250928638, ""median"": 6.175794357917614e-06, ""p75"": 0.0008496161256320045, ""p95"": 0.002463164663239818, ""p99"": 0.0042664069030775255, ""p999"": 0.007953077405440299, ""mad"": 0.0008348123102733527, ""skew"": -0.11351933273500156, ""excess_kurtosis"": 4.973286363642721, ""tail_ratio_p99_mad"": 5.103220276333286, ""share_beyond_5mad"": 0.022890121839016366}",,laneA_ps1_metrics.v1
tv.stl_seasonal,volatility,MEASURED,"{""std_first_diff"": 0.0007985811685706737, ""rolling168_std_median"": 0.0013703621033737047, ""vol_of_vol_cv"": 0.3956456134831195}",,laneA_ps1_metrics.v1
tv.stl_seasonal,acf,MEASURED,"{""lag_1"": 0.8763460052957942, ""lag_6"": 0.2716443684789692, ""lag_24"": 0.10935652627470958, ""lag_120"": 0.001375879701013025, ""lag_168"": -0.010389843629900301, ""lag_unit"": ""rows of the decision grid (1 row = 1 market hour; weekend gaps not filled)""}",,laneA_ps1_metrics.v1
tv.stl_seasonal,trend,MEASURED,"{""ols_slope_per_year"": -7.145668410440183e-08, ""slope_in_std_per_year"": -4.449846076612073e-05, ""ols_r"": -0.00010511820778036677, ""kendall_tau_3000"": -0.008666444370345671, ""kendall_p_3000"": 0.47670882744150134, ""caveat"": ""OLS p-value omitted: serial correlation makes it invalid""}",,laneA_ps1_metrics.v1
tv.stl_seasonal,adf,MEASURED,"{""stat"": -36.49300687825938, ""pvalue"": 0.0, ""lags"": 24, ""nobs"": 19975, ""crit_5pct"": -2.8616847064863733, ""H0"": ""unit root"", ""regression"": ""c"", ""sample"": ""last 20000 finite TRAIN values (gaps compressed)""}",,laneA_ps1_metrics.v1
tv.stl_seasonal,kpss,MEASURED,"{""stat"": 0.001792587740052462, ""pvalue"": 0.1, ""lags"": 60, ""H0"": ""level stationary"", ""pvalue_truncated_to_table"": true, ""sample"": ""last 20000 finite TRAIN values (gaps compressed)""}",,laneA_ps1_metrics.v1
tv.stl_seasonal,seasonality,MEASURED,"{""eta2_hour_of_day"": 0.0017841268119366063, ""eta2_day_of_week"": 0.0007116056232421814, ""eta2_month"": 4.783094215938753e-05}",,laneA_ps1_metrics.v1
tv.stl_seasonal,spectrum,MEASURED,"{""top_periods_rows"": [27.30666666666667, 28.845070422535212, 26.94736842105263], ""top_power_share"": [0.019030899387868356, 0.018290910848499795, 0.017606849905650084], ""spectral_entropy_norm"": 0.7602225374337148, ""zero_filled_fraction"": 0.0, ""method"": ""Welch nperseg<=2048 on demeaned rows""}",,laneA_ps1_metrics.v1
tv.stl_seasonal,cost,MEASURED,"{""build_s"": NaN, ""profile_s"": 0.030706010999892897, ""bytes_float64"": 573872}",,laneA_ps1_metrics.v1
tv.kalman_dev,missingness,MEASURED,"{""n_rows"": 71734, ""n_finite"": 71734, ""missing_fraction"": 0.0}",,laneA_ps1_metrics.v1
tv.kalman_dev,constant,MEASURED,"{""n_unique"": 71734, ""is_constant"": false, ""top_value_share"": 1.3940390888560515e-05}",,laneA_ps1_metrics.v1
tv.kalman_dev,scale_tails,MEASURED,"{""mean"": -1.5671706595574715e-06, ""std"": 0.00043058043743940204, ""min"": -0.008423903218952797, ""max"": 0.007185513605453178, ""p001"": -0.00257369425526946, ""p01"": -0.0012490629195339154, ""p05"": -0.0006228686012235008, ""p25"": -0.00017108556333918223, ""median"": 9.218275570377354e-07, ""p75"": 0.0001682539012016239, ""p95"": 0.0006158607295418438, ""p99"": 0.0012215406988318137, ""p999"": 0.0025906441826869003, ""mad"": 0.0001695417971517288, ""skew"": -0.01227918005497996, ""excess_kurtosis"": 18.019774421477358, ""tail_ratio_p99_mad"": 7.199515941089159, ""share_beyond_5mad"": 0.05227646583210193}",,laneA_ps1_metrics.v1
tv.kalman_dev,volatility,MEASURED,"{""std_first_diff"": 0.000481374119572189, ""rolling168_std_median"": 0.0003713457710110067, ""vol_of_vol_cv"": 0.36682901319970834}",,laneA_ps1_metrics.v1
tv.kalman_dev,acf,MEASURED,"{""lag_1"": 0.375083676766298, ""lag_6"": -0.00046184805939163636, ""lag_24"": 0.009132611631638398, ""lag_120"": 0.010518345321272401, ""lag_168"": -0.003449446776051412, ""lag_unit"": ""rows of the decision grid (1 row = 1 market hour; weekend gaps not filled)""}",,laneA_ps1_metrics.v1
tv.kalman_dev,trend,MEASURED,"{""ols_slope_per_year"": 4.826489641174715e-07, ""slope_in_std_per_year"": 0.0011209263639279882, ""ols_r"": 0.002647951601049175, ""kendall_tau_3000"": -0.0033082138490607978, ""kendall_p_3000"": 0.7858995783126873, ""caveat"": ""OLS p-value omitted: serial correlation makes it invalid""}",,laneA_ps1_metrics.v1
tv.kalman_dev,adf,MEASURED,"{""stat"": -27.995072097826203, ""pvalue"": 0.0, ""lags"": 24, ""nobs"": 19975, ""crit_5pct"": -2.8616847064863733, ""H0"": ""unit root"", ""regression"": ""c"", ""sample"": ""last 20000 finite TRAIN values (gaps compressed)""}",,laneA_ps1_metrics.v1
tv.kalman_dev,kpss,MEASURED,"{""stat"": 0.15458370343517272, ""pvalue"": 0.1, ""lags"": 23, ""H0"": ""level stationary"", ""pvalue_truncated_to_table"": true, ""sample"": ""last 20000 finite TRAIN values (gaps compressed)""}",,laneA_ps1_metrics.v1
tv.kalman_dev,seasonality,MEASURED,"{""eta2_hour_of_day"": 0.0014196495071535792, ""eta2_day_of_week"": 0.0001837958471005928, ""eta2_month"": 0.0003084789826939377}",,laneA_ps1_metrics.v1
tv.kalman_dev,spectrum,MEASURED,"{""top_periods_rows"": [93.0909090909091, 23.54022988505747, 23.813953488372093], ""top_power_share"": [0.00292851932838441, 0.0027667472868542755, 0.0027395907833273237], ""spectral_entropy_norm"": 0.9765084208438984, ""zero_filled_fraction"": 0.0, ""method"": ""Welch nperseg<=2048 on demeaned rows""}",,laneA_ps1_metrics.v1
tv.kalman_dev,cost,MEASURED,"{""build_s"": NaN, ""profile_s"": 0.03041966399996454, ""bytes_float64"": 573872}",,laneA_ps1_metrics.v1
cot.gold_comex.mm_net_oi,missingness,MEASURED,"{""n_rows"": 71734, ""n_finite"": 67356, ""missing_fraction"": 0.06103103131011789}",,laneA_ps1_metrics.v1
cot.gold_comex.mm_net_oi,constant,MEASURED,"{""n_unique"": 572, ""is_constant"": false, ""top_value_share"": 0.002137894174238375}",,laneA_ps1_metrics.v1
cot.gold_comex.mm_net_oi,scale_tails,MEASURED,"{""mean"": 0.1661486233355283, ""std"": 0.12716688210612756, ""min"": -0.23525694622065843, ""max"": 0.4563316041824683, ""p001"": -0.23525694622065843, ""p01"": -0.1747790719869782, ""p05"": -0.05260653808768609, ""p25"": 0.08964954671577503, ""median"": 0.16439580909862608, ""p75"": 0.25530844903928995, ""p95"": 0.3673039366841402, ""p99"": 0.43664206019228186, ""p999"": 0.4563316041824683, ""mad"": 0.08164285506907568, ""skew"": -0.2219721585747231, ""excess_kurtosis"": 0.017193926574058604, ""tail_ratio_p99_mad"": 3.334599835629413, ""share_beyond_5mad"": 0.0}",,laneA_ps1_metrics.v1
cot.gold_comex.mm_net_oi,volatility,MEASURED,"{""std_first_diff"": 0.003633339307557265, ""rolling168_std_median"": 0.012307892092741453, ""vol_of_vol_cv"": 0.7833895084247118}",,laneA_ps1_metrics.v1
cot.gold_comex.mm_net_oi,acf,MEASURED,"{""lag_1"": 0.9995918419973686, ""lag_6"": 0.9975510269967853, ""lag_24"": 0.9902037480258685, ""lag_120"": 0.950848094043267, ""lag_168"": 0.923015382916861, ""lag_unit"": ""rows of the decision grid (1 row = 1 market hour; weekend gaps not filled)""}",,laneA_ps1_metrics.v1
cot.gold_comex.mm_net_oi,trend,MEASURED,"{""ols_slope_per_year"": -0.005613241514843325, ""slope_in_std_per_year"": -0.044140749713111424, ""ols_r"": -0.09790929064042107, ""kendall_tau_3000"": -0.0702815411642715, ""kendall_p_3000"": 8.083421070185213e-09, ""caveat"": ""OLS p-value omitted: serial correlation makes it invalid""}",,laneA_ps1_metrics.v1
cot.gold_comex.mm_net_oi,adf,MEASURED,"{""stat"": -2.977415512253231, ""pvalue"": 0.03705801445364757, ""lags"": 24, ""nobs"": 19975, ""crit_5pct"": -2.8616847064863733, ""H0"": ""unit root"", ""regression"": ""c"", ""sample"": ""last 20000 finite TRAIN values (gaps compressed)""}",,laneA_ps1_metrics.v1
cot.gold_comex.mm_net_oi,kpss,MEASURED,"{""stat"": 2.665651075173693, ""pvalue"": 0.01, ""lags"": 87, ""H0"": ""level stationary"", ""pvalue_truncated_to_table"": true, ""sample"": ""last 20000 finite TRAIN values (gaps compressed)""}",,laneA_ps1_metrics.v1
cot.gold_comex.mm_net_oi,seasonality,MEASURED,"{""eta2_hour_of_day"": 8.565847021025114e-07, ""eta2_day_of_week"": 4.571273291769526e-06, ""eta2_month"": 0.023176054082437354}",,laneA_ps1_metrics.v1
cot.gold_comex.mm_net_oi,spectrum,MEASURED,"{""top_periods_rows"": [2048.0, 1024.0, 682.6666666666666], ""top_power_share"": [0.5486549026995146, 0.24500288535200435, 0.09037654672246141], ""spectral_entropy_norm"": 0.21989463856550884, ""zero_filled_fraction"": 0.06103103131011794, ""method"": ""Welch nperseg<=2048 on demeaned rows""}",,laneA_ps1_metrics.v1
cot.gold_comex.mm_net_oi,cost,MEASURED,"{""build_s"": NaN, ""profile_s"": 0.03001815199968405, ""bytes_float64"": 573872}",,laneA_ps1_metrics.v1
cot.gold_comex.mm_net_oi_chg_1w,missingness,MEASURED,"{""n_rows"": 71734, ""n_finite"": 67236, ""missing_fraction"": 0.06270387821674517}",,laneA_ps1_metrics.v1
cot.gold_comex.mm_net_oi_chg_1w,constant,MEASURED,"{""n_unique"": 571, ""is_constant"": false, ""top_value_share"": 0.0021417097983223274}",,laneA_ps1_metrics.v1
cot.gold_comex.mm_net_oi_chg_1w,scale_tails,MEASURED,"{""mean"": -4.1221868603516105e-06, ""std"": 0.03956859043560098, ""min"": -0.11936617490080356, ""max"": 0.14774226198655882, ""p001"": -0.11936617490080356, ""p01"": -0.10957750767922003, ""p05"": -0.0631587473079035, ""p25"": -0.025411940596753252, ""median"": -0.0005095885952019069, ""p75"": 0.02150144272839595, ""p95"": 0.0683602560342444, ""p99"": 0.10526578310006837, ""p999"": 0.14774226198655882, ""mad"": 0.023421327723127758, ""skew"": 0.10288906896167833, ""excess_kurtosis"": 0.779806532938939, ""tail_ratio_p99_mad"": 4.516198780260469, ""share_beyond_5mad"": 0.007139032661074424}",,laneA_ps1_metrics.v1
cot.gold_comex.mm_net_oi_chg_1w,volatility,MEASURED,"{""std_first_diff"": 0.0045663665154231465, ""rolling168_std_median"": 0.015965490270487367, ""vol_of_vol_cv"": 0.782560884434241}",,laneA_ps1_metrics.v1
cot.gold_comex.mm_net_oi_chg_1w,acf,MEASURED,"{""lag_1"": 0.9933410622144605, ""lag_6"": 0.9600458964732583, ""lag_24"": 0.8401767169057106, ""lag_120"": 0.21067440076147434, ""lag_168"": 0.10700151168699358, ""lag_unit"": ""rows of the decision grid (1 row = 1 market hour; weekend gaps not filled)""}",,laneA_ps1_metrics.v1
cot.gold_comex.mm_net_oi_chg_1w,trend,MEASURED,"{""ols_slope_per_year"": 7.260043182279564e-05, ""slope_in_std_per_year"": 0.0018347995474075562, ""ols_r"": 0.004062547047206008, ""kendall_tau_3000"": -0.0012408640247521137, ""kendall_p_3000"": 0.9189038066804037, ""caveat"": ""OLS p-value omitted: serial correlation makes it invalid""}",,laneA_ps1_metrics.v1
cot.gold_comex.mm_net_oi_chg_1w,adf,MEASURED,"{""stat"": -9.131779807233526, ""pvalue"": 3.008474836580896e-15, ""lags"": 24, ""nobs"": 19975, ""crit_5pct"": -2.8616847064863733, ""H0"": ""unit root"", ""regression"": ""c"", ""sample"": ""last 20000 finite TRAIN values (gaps compressed)""}",,laneA_ps1_metrics.v1
cot.gold_comex.mm_net_oi_chg_1w,kpss,MEASURED,"{""stat"": 0.09003964035508982, ""pvalue"": 0.1, ""lags"": 86, ""H0"": ""level stationary"", ""pvalue_truncated_to_table"": true, ""sample"": ""last 20000 finite TRAIN values (gaps compressed)""}",,laneA_ps1_metrics.v1
cot.gold_comex.mm_net_oi_chg_1w,seasonality,MEASURED,"{""eta2_hour_of_day"": 1.5111903679465082e-06, ""eta2_day_of_week"": 1.1066179200323512e-05, ""eta2_month"": 0.019945818650832493}",,laneA_ps1_metrics.v1
cot.gold_comex.mm_net_oi_chg_1w,spectrum,MEASURED,"{""top_periods_rows"": [1024.0, 682.6666666666666, 2048.0], ""top_power_share"": [0.20127157826501874, 0.16166557978776722, 0.1227393394546867], ""spectral_entropy_norm"": 0.40236664921568754, ""zero_filled_fraction"": 0.0627038782167452, ""method"": ""Welch nperseg<=2048 on demeaned rows""}",,laneA_ps1_metrics.v1
cot.gold_comex.mm_net_oi_chg_1w,cost,MEASURED,"{""build_s"": NaN, ""profile_s"": 0.028100826999434503, ""bytes_float64"": 573872}",,laneA_ps1_metrics.v1
cot.wti_nymex.mm_net_oi,missingness,MEASURED,"{""n_rows"": 71734, ""n_finite"": 67356, ""missing_fraction"": 0.06103103131011789}",,laneA_ps1_metrics.v1
cot.wti_nymex.mm_net_oi,constant,MEASURED,"{""n_unique"": 572, ""is_constant"": false, ""top_value_share"": 0.002137894174238375}",,laneA_ps1_metrics.v1
cot.wti_nymex.mm_net_oi,scale_tails,MEASURED,"{""mean"": 0.11868206732062729, ""std"": 0.039374043499555166, ""min"": 0.020710247848803574, ""max"": 0.2051393983859134, ""p001"": 0.020710247848803574, ""p01"": 0.03144532406982198, ""p05"": 0.04797601487538978, ""p25"": 0.09105923480815793, ""median"": 0.12167081849312718, ""p75"": 0.1466660852956378, ""p95"": 0.18066211712181426, ""p99"": 0.19792137019225026, ""p999"": 0.2051393983859134, ""mad"": 0.026436601754068326, ""skew"": -0.22823098792672875, ""excess_kurtosis"": -0.523375412221013, ""tail_ratio_p99_mad"": 2.8842796214301214, ""share_beyond_5mad"": 0.0}",,laneA_ps1_metrics.v1
cot.wti_nymex.mm_net_oi,volatility,MEASURED,"{""std_first_diff"": 0.0012206199758212498, ""rolling168_std_median"": 0.004204537653563933, ""vol_of_vol_cv"": 0.7928886784246053}",,laneA_ps1_metrics.v1
cot.wti_nymex.mm_net_oi,acf,MEASURED,"{""lag_1"": 0.999519478459699, ""lag_6"": 0.9971165983208071, ""lag_24"": 0.9884624662805631, ""lag_120"": 0.9417090716948393, ""lag_168"": 0.9083182508189446, ""lag_unit"": ""rows of the decision grid (1 row = 1 market hour; weekend gaps not filled)""}",,laneA_ps1_metrics.v1
cot.wti_nymex.mm_net_oi,trend,MEASURED,"{""ols_slope_per_year"": -0.0021839244912741015, ""slope_in_std_per_year"": -0.05546609637130042, ""ols_r"": -0.12303022004844104, ""kendall_tau_3000"": -0.09032842235958283, ""kendall_p_3000"": 1.2479669589114913e-13, ""caveat"": ""OLS p-value omitted: serial correlation makes it invalid""}",,laneA_ps1_metrics.v1
cot.wti_nymex.mm_net_oi,adf,MEASURED,"{""stat"": -2.3755744690947616, ""pvalue"": 0.14874933005649604, ""lags"": 24, ""nobs"": 19975, ""crit_5pct"": -2.8616847064863733, ""H0"": ""unit root"", ""regression"": ""c"", ""sample"": ""last 20000 finite TRAIN values (gaps compressed)""}",,laneA_ps1_metrics.v1
cot.wti_nymex.mm_net_oi,kpss,MEASURED,"{""stat"": 11.546067417257811, ""pvalue"": 0.01, ""lags"": 87, ""H0"": ""level stationary"", ""pvalue_truncated_to_table"": true, ""sample"": ""last 20000 finite TRAIN values (gaps compressed)""}",,laneA_ps1_metrics.v1
cot.wti_nymex.mm_net_oi,seasonality,MEASURED,"{""eta2_hour_of_day"": 0.0001754052616819434, ""eta2_day_of_week"": 2.6011646349520908e-05, ""eta2_month"": 0.034821486305160666}",,laneA_ps1_metrics.v1
cot.wti_nymex.mm_net_oi,spectrum,MEASURED,"{""top_periods_rows"": [2048.0, 1024.0, 682.6666666666666], ""top_power_share"": [0.5890269348511487, 0.21865851705280817, 0.08058106310036592], ""spectral_entropy_norm"": 0.21026391115350082, ""zero_filled_fraction"": 0.06103103131011794, ""method"": ""Welch nperseg<=2048 on demeaned rows""}",,laneA_ps1_metrics.v1
cot.wti_nymex.mm_net_oi,cost,MEASURED,"{""build_s"": NaN, ""profile_s"": 0.027548883000235946, ""bytes_float64"": 573872}",,laneA_ps1_metrics.v1
cot.wti_nymex.mm_net_oi_chg_1w,missingness,MEASURED,"{""n_rows"": 71734, ""n_finite"": 67236, ""missing_fraction"": 0.06270387821674517}",,laneA_ps1_metrics.v1
cot.wti_nymex.mm_net_oi_chg_1w,constant,MEASURED,"{""n_unique"": 571, ""is_constant"": false, ""top_value_share"": 0.0021417097983223274}",,laneA_ps1_metrics.v1
cot.wti_nymex.mm_net_oi_chg_1w,scale_tails,MEASURED,"{""mean"": -0.00010892503813517688, ""std"": 0.013209511867383788, ""min"": -0.053352641955510524, ""max"": 0.05384470712357127, ""p001"": -0.053352641955510524, ""p01"": -0.03419487703945791, ""p05"": -0.021341607710459926, ""p25"": -0.007464183269571212, ""median"": -0.0002637254125750499, ""p75"": 0.008400942996136362, ""p95"": 0.02093645654007606, ""p99"": 0.034434663302051194, ""p999"": 0.05384470712357127, ""mad"": 0.007872181852809232, ""skew"": -0.07284405036034086, ""excess_kurtosis"": 1.3061397936497299, ""tail_ratio_p99_mad"": 4.4077219458851715, ""share_beyond_5mad"": 0.007139032661074424}",,laneA_ps1_metrics.v1
cot.wti_nymex.mm_net_oi_chg_1w,volatility,MEASURED,"{""std_first_diff"": 0.001519402608140881, ""rolling168_std_median"": 0.005051897704168919, ""vol_of_vol_cv"": 0.8030804611463447}",,laneA_ps1_metrics.v1
cot.wti_nymex.mm_net_oi_chg_1w,acf,MEASURED,"{""lag_1"": 0.9933846843374562, ""lag_6"": 0.9603013347658904, ""lag_24"": 0.8411076921122501, ""lag_120"": 0.21708847255837493, ""lag_168"": 0.13544846554943873, ""lag_unit"": ""rows of the decision grid (1 row = 1 market hour; weekend gaps not filled)""}",,laneA_ps1_metrics.v1
cot.wti_nymex.mm_net_oi_chg_1w,trend,MEASURED,"{""ols_slope_per_year"": -9.997090296567143e-05, ""slope_in_std_per_year"": -0.007568099712489314, ""ols_r"": -0.01675701369306294, ""kendall_tau_3000"": -0.006101100169030382, ""kendall_p_3000"": 0.616649954472656, ""caveat"": ""OLS p-value omitted: serial correlation makes it invalid""}",,laneA_ps1_metrics.v1
cot.wti_nymex.mm_net_oi_chg_1w,adf,MEASURED,"{""stat"": -9.176295803987456, ""pvalue"": 2.315301335798e-15, ""lags"": 24, ""nobs"": 19975, ""crit_5pct"": -2.8616847064863733, ""H0"": ""unit root"", ""regression"": ""c"", ""sample"": ""last 20000 finite TRAIN values (gaps compressed)""}",,laneA_ps1_metrics.v1
cot.wti_nymex.mm_net_oi_chg_1w,kpss,MEASURED,"{""stat"": 0.05475831950296738, ""pvalue"": 0.1, ""lags"": 86, ""H0"": ""level stationary"", ""pvalue_truncated_to_table"": true, ""sample"": ""last 20000 finite TRAIN values (gaps compressed)""}",,laneA_ps1_metrics.v1
cot.wti_nymex.mm_net_oi_chg_1w,seasonality,MEASURED,"{""eta2_hour_of_day"": 3.719256719490507e-06, ""eta2_day_of_week"": 5.962281826003528e-06, ""eta2_month"": 0.023138497539565324}",,laneA_ps1_metrics.v1
cot.wti_nymex.mm_net_oi_chg_1w,spectrum,MEASURED,"{""top_periods_rows"": [1024.0, 682.6666666666666, 2048.0], ""top_power_share"": [0.18754615600803418, 0.14611843201045177, 0.13779787813184585], ""spectral_entropy_norm"": 0.40702267572131723, ""zero_filled_fraction"": 0.0627038782167452, ""method"": ""Welch nperseg<=2048 on demeaned rows""}",,laneA_ps1_metrics.v1
cot.wti_nymex.mm_net_oi_chg_1w,cost,MEASURED,"{""build_s"": NaN, ""profile_s"": 0.027055087000007916, ""bytes_float64"": 573872}",,laneA_ps1_metrics.v1
