dataset,fold_rule,fold,family,metric,denominator,measured,reused,failed,not_run,not_run_reasons
predictor.legacy.eurusd.phase1b.normalized_d4.train,"dedicated TRAIN file named by the phase-1b config; inner: 3 expanding folds, validation 15 percent, purge 60 rows; rows irregular (weekend gaps), periods in rows",outer_train,quality,missing_fraction,23,23,0,0,0,{}
predictor.legacy.eurusd.phase1b.normalized_d4.train,"dedicated TRAIN file named by the phase-1b config; inner: 3 expanding folds, validation 15 percent, purge 60 rows; rows irregular (weekend gaps), periods in rows",outer_train,quality,nonfinite_count,23,23,0,0,0,{}
predictor.legacy.eurusd.phase1b.normalized_d4.train,"dedicated TRAIN file named by the phase-1b config; inner: 3 expanding folds, validation 15 percent, purge 60 rows; rows irregular (weekend gaps), periods in rows",outer_train,quality,constant_flag,23,23,0,0,0,{}
predictor.legacy.eurusd.phase1b.normalized_d4.train,"dedicated TRAIN file named by the phase-1b config; inner: 3 expanding folds, validation 15 percent, purge 60 rows; rows irregular (weekend gaps), periods in rows",outer_train,quality,unique_ratio,23,23,0,0,0,{}
predictor.legacy.eurusd.phase1b.normalized_d4.train,"dedicated TRAIN file named by the phase-1b config; inner: 3 expanding folds, validation 15 percent, purge 60 rows; rows irregular (weekend gaps), periods in rows",outer_train,quality,sentinel_le_m9999_count,23,23,0,0,0,{}
predictor.legacy.eurusd.phase1b.normalized_d4.train,"dedicated TRAIN file named by the phase-1b config; inner: 3 expanding folds, validation 15 percent, purge 60 rows; rows irregular (weekend gaps), periods in rows",outer_train,distribution,mean,23,23,0,0,0,{}
predictor.legacy.eurusd.phase1b.normalized_d4.train,"dedicated TRAIN file named by the phase-1b config; inner: 3 expanding folds, validation 15 percent, purge 60 rows; rows irregular (weekend gaps), periods in rows",outer_train,distribution,std,23,23,0,0,0,{}
predictor.legacy.eurusd.phase1b.normalized_d4.train,"dedicated TRAIN file named by the phase-1b config; inner: 3 expanding folds, validation 15 percent, purge 60 rows; rows irregular (weekend gaps), periods in rows",outer_train,distribution,median,23,23,0,0,0,{}
predictor.legacy.eurusd.phase1b.normalized_d4.train,"dedicated TRAIN file named by the phase-1b config; inner: 3 expanding folds, validation 15 percent, purge 60 rows; rows irregular (weekend gaps), periods in rows",outer_train,distribution,iqr,23,23,0,0,0,{}
predictor.legacy.eurusd.phase1b.normalized_d4.train,"dedicated TRAIN file named by the phase-1b config; inner: 3 expanding folds, validation 15 percent, purge 60 rows; rows irregular (weekend gaps), periods in rows",outer_train,distribution,mad,23,23,0,0,0,{}
predictor.legacy.eurusd.phase1b.normalized_d4.train,"dedicated TRAIN file named by the phase-1b config; inner: 3 expanding folds, validation 15 percent, purge 60 rows; rows irregular (weekend gaps), periods in rows",outer_train,distribution,skewness,23,23,0,0,0,{}
predictor.legacy.eurusd.phase1b.normalized_d4.train,"dedicated TRAIN file named by the phase-1b config; inner: 3 expanding folds, validation 15 percent, purge 60 rows; rows irregular (weekend gaps), periods in rows",outer_train,distribution,excess_kurtosis,23,23,0,0,0,{}
predictor.legacy.eurusd.phase1b.normalized_d4.train,"dedicated TRAIN file named by the phase-1b config; inner: 3 expanding folds, validation 15 percent, purge 60 rows; rows irregular (weekend gaps), periods in rows",outer_train,distribution,q01,23,23,0,0,0,{}
predictor.legacy.eurusd.phase1b.normalized_d4.train,"dedicated TRAIN file named by the phase-1b config; inner: 3 expanding folds, validation 15 percent, purge 60 rows; rows irregular (weekend gaps), periods in rows",outer_train,distribution,q99,23,23,0,0,0,{}
predictor.legacy.eurusd.phase1b.normalized_d4.train,"dedicated TRAIN file named by the phase-1b config; inner: 3 expanding folds, validation 15 percent, purge 60 rows; rows irregular (weekend gaps), periods in rows",outer_train,distribution,upper_tail_ratio,23,23,0,0,0,{}
predictor.legacy.eurusd.phase1b.normalized_d4.train,"dedicated TRAIN file named by the phase-1b config; inner: 3 expanding folds, validation 15 percent, purge 60 rows; rows irregular (weekend gaps), periods in rows",outer_train,distribution,lower_tail_ratio,23,23,0,0,0,{}
predictor.legacy.eurusd.phase1b.normalized_d4.train,"dedicated TRAIN file named by the phase-1b config; inner: 3 expanding folds, validation 15 percent, purge 60 rows; rows irregular (weekend gaps), periods in rows",outer_train,volatility,diff_std,23,23,0,0,0,{}
predictor.legacy.eurusd.phase1b.normalized_d4.train,"dedicated TRAIN file named by the phase-1b config; inner: 3 expanding folds, validation 15 percent, purge 60 rows; rows irregular (weekend gaps), periods in rows",outer_train,volatility,diff_std_over_std,23,23,0,0,0,{}
predictor.legacy.eurusd.phase1b.normalized_d4.train,"dedicated TRAIN file named by the phase-1b config; inner: 3 expanding folds, validation 15 percent, purge 60 rows; rows irregular (weekend gaps), periods in rows",outer_train,volatility,rolling_std_cv,23,23,0,0,0,{}
predictor.legacy.eurusd.phase1b.normalized_d4.train,"dedicated TRAIN file named by the phase-1b config; inner: 3 expanding folds, validation 15 percent, purge 60 rows; rows irregular (weekend gaps), periods in rows",outer_train,acf_selected,acf_lag_1,23,23,0,0,0,{}
predictor.legacy.eurusd.phase1b.normalized_d4.train,"dedicated TRAIN file named by the phase-1b config; inner: 3 expanding folds, validation 15 percent, purge 60 rows; rows irregular (weekend gaps), periods in rows",outer_train,acf_selected,acf_lag_24,23,23,0,0,0,{}
predictor.legacy.eurusd.phase1b.normalized_d4.train,"dedicated TRAIN file named by the phase-1b config; inner: 3 expanding folds, validation 15 percent, purge 60 rows; rows irregular (weekend gaps), periods in rows",outer_train,acf_selected,acf_lag_48,23,23,0,0,0,{}
predictor.legacy.eurusd.phase1b.normalized_d4.train,"dedicated TRAIN file named by the phase-1b config; inner: 3 expanding folds, validation 15 percent, purge 60 rows; rows irregular (weekend gaps), periods in rows",outer_train,acf_selected,acf_lag_120,23,23,0,0,0,{}
predictor.legacy.eurusd.phase1b.normalized_d4.train,"dedicated TRAIN file named by the phase-1b config; inner: 3 expanding folds, validation 15 percent, purge 60 rows; rows irregular (weekend gaps), periods in rows",outer_train,seasonality,seasonal_acf_day_rows_nominal_24,23,23,0,0,0,{}
predictor.legacy.eurusd.phase1b.normalized_d4.train,"dedicated TRAIN file named by the phase-1b config; inner: 3 expanding folds, validation 15 percent, purge 60 rows; rows irregular (weekend gaps), periods in rows",outer_train,seasonality,seasonal_diff_var_ratio_day_rows_nominal_24,23,23,0,0,0,{}
predictor.legacy.eurusd.phase1b.normalized_d4.train,"dedicated TRAIN file named by the phase-1b config; inner: 3 expanding folds, validation 15 percent, purge 60 rows; rows irregular (weekend gaps), periods in rows",outer_train,seasonality,seasonal_acf_trading_week_rows_nominal_120,23,23,0,0,0,{}
predictor.legacy.eurusd.phase1b.normalized_d4.train,"dedicated TRAIN file named by the phase-1b config; inner: 3 expanding folds, validation 15 percent, purge 60 rows; rows irregular (weekend gaps), periods in rows",outer_train,seasonality,seasonal_diff_var_ratio_trading_week_rows_nominal_120,23,23,0,0,0,{}
predictor.legacy.eurusd.phase1b.normalized_d4.train,"dedicated TRAIN file named by the phase-1b config; inner: 3 expanding folds, validation 15 percent, purge 60 rows; rows irregular (weekend gaps), periods in rows",outer_train,cost,seconds_quality,23,23,0,0,0,{}
predictor.legacy.eurusd.phase1b.normalized_d4.train,"dedicated TRAIN file named by the phase-1b config; inner: 3 expanding folds, validation 15 percent, purge 60 rows; rows irregular (weekend gaps), periods in rows",outer_train,cost,seconds_distribution,23,23,0,0,0,{}
predictor.legacy.eurusd.phase1b.normalized_d4.train,"dedicated TRAIN file named by the phase-1b config; inner: 3 expanding folds, validation 15 percent, purge 60 rows; rows irregular (weekend gaps), periods in rows",outer_train,cost,seconds_volatility,23,23,0,0,0,{}
predictor.legacy.eurusd.phase1b.normalized_d4.train,"dedicated TRAIN file named by the phase-1b config; inner: 3 expanding folds, validation 15 percent, purge 60 rows; rows irregular (weekend gaps), periods in rows",outer_train,cost,seconds_acf_selected,23,23,0,0,0,{}
predictor.legacy.eurusd.phase1b.normalized_d4.train,"dedicated TRAIN file named by the phase-1b config; inner: 3 expanding folds, validation 15 percent, purge 60 rows; rows irregular (weekend gaps), periods in rows",outer_train,cost,seconds_seasonality,23,23,0,0,0,{}
predictor.legacy.eurusd.phase1b.normalized_d4.train,"dedicated TRAIN file named by the phase-1b config; inner: 3 expanding folds, validation 15 percent, purge 60 rows; rows irregular (weekend gaps), periods in rows",outer_train,stationarity,adf_c_aic_pvalue,23,23,23,0,0,{}
predictor.legacy.eurusd.phase1b.normalized_d4.train,"dedicated TRAIN file named by the phase-1b config; inner: 3 expanding folds, validation 15 percent, purge 60 rows; rows irregular (weekend gaps), periods in rows",outer_train,stationarity,kpss_c_auto_pvalue,23,23,23,0,0,{}
predictor.legacy.eurusd.phase1b.normalized_d4.train,"dedicated TRAIN file named by the phase-1b config; inner: 3 expanding folds, validation 15 percent, purge 60 rows; rows irregular (weekend gaps), periods in rows",outer_train,spectral,peak1_period_rows,23,23,23,0,0,{}
predictor.legacy.eurusd.phase1b.normalized_d4.train,"dedicated TRAIN file named by the phase-1b config; inner: 3 expanding folds, validation 15 percent, purge 60 rows; rows irregular (weekend gaps), periods in rows",outer_train,spectral,entropy_normalized,23,23,23,0,0,{}
predictor.legacy.eurusd.phase1b.normalized_d4.train,"dedicated TRAIN file named by the phase-1b config; inner: 3 expanding folds, validation 15 percent, purge 60 rows; rows irregular (weekend gaps), periods in rows",outer_train,stl,stl_seasonal_strength_primary,23,23,23,0,0,{}
predictor.legacy.eurusd.phase1b.normalized_d4.train,"dedicated TRAIN file named by the phase-1b config; inner: 3 expanding folds, validation 15 percent, purge 60 rows; rows irregular (weekend gaps), periods in rows",inner_1,quality,missing_fraction,23,23,0,0,0,{}
predictor.legacy.eurusd.phase1b.normalized_d4.train,"dedicated TRAIN file named by the phase-1b config; inner: 3 expanding folds, validation 15 percent, purge 60 rows; rows irregular (weekend gaps), periods in rows",inner_1,quality,nonfinite_count,23,23,0,0,0,{}
predictor.legacy.eurusd.phase1b.normalized_d4.train,"dedicated TRAIN file named by the phase-1b config; inner: 3 expanding folds, validation 15 percent, purge 60 rows; rows irregular (weekend gaps), periods in rows",inner_1,quality,constant_flag,23,23,0,0,0,{}
predictor.legacy.eurusd.phase1b.normalized_d4.train,"dedicated TRAIN file named by the phase-1b config; inner: 3 expanding folds, validation 15 percent, purge 60 rows; rows irregular (weekend gaps), periods in rows",inner_1,quality,unique_ratio,23,23,0,0,0,{}
predictor.legacy.eurusd.phase1b.normalized_d4.train,"dedicated TRAIN file named by the phase-1b config; inner: 3 expanding folds, validation 15 percent, purge 60 rows; rows irregular (weekend gaps), periods in rows",inner_1,quality,sentinel_le_m9999_count,23,23,0,0,0,{}
predictor.legacy.eurusd.phase1b.normalized_d4.train,"dedicated TRAIN file named by the phase-1b config; inner: 3 expanding folds, validation 15 percent, purge 60 rows; rows irregular (weekend gaps), periods in rows",inner_1,distribution,mean,23,23,0,0,0,{}
predictor.legacy.eurusd.phase1b.normalized_d4.train,"dedicated TRAIN file named by the phase-1b config; inner: 3 expanding folds, validation 15 percent, purge 60 rows; rows irregular (weekend gaps), periods in rows",inner_1,distribution,std,23,23,0,0,0,{}
predictor.legacy.eurusd.phase1b.normalized_d4.train,"dedicated TRAIN file named by the phase-1b config; inner: 3 expanding folds, validation 15 percent, purge 60 rows; rows irregular (weekend gaps), periods in rows",inner_1,distribution,median,23,23,0,0,0,{}
predictor.legacy.eurusd.phase1b.normalized_d4.train,"dedicated TRAIN file named by the phase-1b config; inner: 3 expanding folds, validation 15 percent, purge 60 rows; rows irregular (weekend gaps), periods in rows",inner_1,distribution,iqr,23,23,0,0,0,{}
predictor.legacy.eurusd.phase1b.normalized_d4.train,"dedicated TRAIN file named by the phase-1b config; inner: 3 expanding folds, validation 15 percent, purge 60 rows; rows irregular (weekend gaps), periods in rows",inner_1,distribution,mad,23,23,0,0,0,{}
predictor.legacy.eurusd.phase1b.normalized_d4.train,"dedicated TRAIN file named by the phase-1b config; inner: 3 expanding folds, validation 15 percent, purge 60 rows; rows irregular (weekend gaps), periods in rows",inner_1,distribution,skewness,23,23,0,0,0,{}
predictor.legacy.eurusd.phase1b.normalized_d4.train,"dedicated TRAIN file named by the phase-1b config; inner: 3 expanding folds, validation 15 percent, purge 60 rows; rows irregular (weekend gaps), periods in rows",inner_1,distribution,excess_kurtosis,23,23,0,0,0,{}
predictor.legacy.eurusd.phase1b.normalized_d4.train,"dedicated TRAIN file named by the phase-1b config; inner: 3 expanding folds, validation 15 percent, purge 60 rows; rows irregular (weekend gaps), periods in rows",inner_1,distribution,q01,23,23,0,0,0,{}
predictor.legacy.eurusd.phase1b.normalized_d4.train,"dedicated TRAIN file named by the phase-1b config; inner: 3 expanding folds, validation 15 percent, purge 60 rows; rows irregular (weekend gaps), periods in rows",inner_1,distribution,q99,23,23,0,0,0,{}
predictor.legacy.eurusd.phase1b.normalized_d4.train,"dedicated TRAIN file named by the phase-1b config; inner: 3 expanding folds, validation 15 percent, purge 60 rows; rows irregular (weekend gaps), periods in rows",inner_1,distribution,upper_tail_ratio,23,23,0,0,0,{}
predictor.legacy.eurusd.phase1b.normalized_d4.train,"dedicated TRAIN file named by the phase-1b config; inner: 3 expanding folds, validation 15 percent, purge 60 rows; rows irregular (weekend gaps), periods in rows",inner_1,distribution,lower_tail_ratio,23,23,0,0,0,{}
predictor.legacy.eurusd.phase1b.normalized_d4.train,"dedicated TRAIN file named by the phase-1b config; inner: 3 expanding folds, validation 15 percent, purge 60 rows; rows irregular (weekend gaps), periods in rows",inner_1,volatility,diff_std,23,23,0,0,0,{}
predictor.legacy.eurusd.phase1b.normalized_d4.train,"dedicated TRAIN file named by the phase-1b config; inner: 3 expanding folds, validation 15 percent, purge 60 rows; rows irregular (weekend gaps), periods in rows",inner_1,volatility,diff_std_over_std,23,23,0,0,0,{}
predictor.legacy.eurusd.phase1b.normalized_d4.train,"dedicated TRAIN file named by the phase-1b config; inner: 3 expanding folds, validation 15 percent, purge 60 rows; rows irregular (weekend gaps), periods in rows",inner_1,volatility,rolling_std_cv,23,23,0,0,0,{}
predictor.legacy.eurusd.phase1b.normalized_d4.train,"dedicated TRAIN file named by the phase-1b config; inner: 3 expanding folds, validation 15 percent, purge 60 rows; rows irregular (weekend gaps), periods in rows",inner_1,acf_selected,acf_lag_1,23,23,0,0,0,{}
predictor.legacy.eurusd.phase1b.normalized_d4.train,"dedicated TRAIN file named by the phase-1b config; inner: 3 expanding folds, validation 15 percent, purge 60 rows; rows irregular (weekend gaps), periods in rows",inner_1,acf_selected,acf_lag_24,23,23,0,0,0,{}
predictor.legacy.eurusd.phase1b.normalized_d4.train,"dedicated TRAIN file named by the phase-1b config; inner: 3 expanding folds, validation 15 percent, purge 60 rows; rows irregular (weekend gaps), periods in rows",inner_1,acf_selected,acf_lag_48,23,23,0,0,0,{}
predictor.legacy.eurusd.phase1b.normalized_d4.train,"dedicated TRAIN file named by the phase-1b config; inner: 3 expanding folds, validation 15 percent, purge 60 rows; rows irregular (weekend gaps), periods in rows",inner_1,acf_selected,acf_lag_120,23,23,0,0,0,{}
predictor.legacy.eurusd.phase1b.normalized_d4.train,"dedicated TRAIN file named by the phase-1b config; inner: 3 expanding folds, validation 15 percent, purge 60 rows; rows irregular (weekend gaps), periods in rows",inner_1,seasonality,seasonal_acf_day_rows_nominal_24,23,23,0,0,0,{}
predictor.legacy.eurusd.phase1b.normalized_d4.train,"dedicated TRAIN file named by the phase-1b config; inner: 3 expanding folds, validation 15 percent, purge 60 rows; rows irregular (weekend gaps), periods in rows",inner_1,seasonality,seasonal_diff_var_ratio_day_rows_nominal_24,23,23,0,0,0,{}
predictor.legacy.eurusd.phase1b.normalized_d4.train,"dedicated TRAIN file named by the phase-1b config; inner: 3 expanding folds, validation 15 percent, purge 60 rows; rows irregular (weekend gaps), periods in rows",inner_1,seasonality,seasonal_acf_trading_week_rows_nominal_120,23,23,0,0,0,{}
predictor.legacy.eurusd.phase1b.normalized_d4.train,"dedicated TRAIN file named by the phase-1b config; inner: 3 expanding folds, validation 15 percent, purge 60 rows; rows irregular (weekend gaps), periods in rows",inner_1,seasonality,seasonal_diff_var_ratio_trading_week_rows_nominal_120,23,23,0,0,0,{}
predictor.legacy.eurusd.phase1b.normalized_d4.train,"dedicated TRAIN file named by the phase-1b config; inner: 3 expanding folds, validation 15 percent, purge 60 rows; rows irregular (weekend gaps), periods in rows",inner_1,cost,seconds_quality,23,23,0,0,0,{}
predictor.legacy.eurusd.phase1b.normalized_d4.train,"dedicated TRAIN file named by the phase-1b config; inner: 3 expanding folds, validation 15 percent, purge 60 rows; rows irregular (weekend gaps), periods in rows",inner_1,cost,seconds_distribution,23,23,0,0,0,{}
predictor.legacy.eurusd.phase1b.normalized_d4.train,"dedicated TRAIN file named by the phase-1b config; inner: 3 expanding folds, validation 15 percent, purge 60 rows; rows irregular (weekend gaps), periods in rows",inner_1,cost,seconds_volatility,23,23,0,0,0,{}
predictor.legacy.eurusd.phase1b.normalized_d4.train,"dedicated TRAIN file named by the phase-1b config; inner: 3 expanding folds, validation 15 percent, purge 60 rows; rows irregular (weekend gaps), periods in rows",inner_1,cost,seconds_acf_selected,23,23,0,0,0,{}
predictor.legacy.eurusd.phase1b.normalized_d4.train,"dedicated TRAIN file named by the phase-1b config; inner: 3 expanding folds, validation 15 percent, purge 60 rows; rows irregular (weekend gaps), periods in rows",inner_1,cost,seconds_seasonality,23,23,0,0,0,{}
predictor.legacy.eurusd.phase1b.normalized_d4.train,"dedicated TRAIN file named by the phase-1b config; inner: 3 expanding folds, validation 15 percent, purge 60 rows; rows irregular (weekend gaps), periods in rows",inner_1,stationarity,adf_c_aic_pvalue,23,0,0,0,23,"{""DEFERRED_TO_PS4"": 23}"
predictor.legacy.eurusd.phase1b.normalized_d4.train,"dedicated TRAIN file named by the phase-1b config; inner: 3 expanding folds, validation 15 percent, purge 60 rows; rows irregular (weekend gaps), periods in rows",inner_1,stationarity,kpss_c_auto_pvalue,23,0,0,0,23,"{""DEFERRED_TO_PS4"": 23}"
predictor.legacy.eurusd.phase1b.normalized_d4.train,"dedicated TRAIN file named by the phase-1b config; inner: 3 expanding folds, validation 15 percent, purge 60 rows; rows irregular (weekend gaps), periods in rows",inner_1,spectral,peak1_period_rows,23,0,0,0,23,"{""DEFERRED_TO_PS4"": 23}"
predictor.legacy.eurusd.phase1b.normalized_d4.train,"dedicated TRAIN file named by the phase-1b config; inner: 3 expanding folds, validation 15 percent, purge 60 rows; rows irregular (weekend gaps), periods in rows",inner_1,spectral,entropy_normalized,23,0,0,0,23,"{""DEFERRED_TO_PS4"": 23}"
predictor.legacy.eurusd.phase1b.normalized_d4.train,"dedicated TRAIN file named by the phase-1b config; inner: 3 expanding folds, validation 15 percent, purge 60 rows; rows irregular (weekend gaps), periods in rows",inner_1,stl,stl_seasonal_strength_primary,23,0,0,0,23,"{""DEFERRED_TO_PS4"": 23}"
predictor.legacy.eurusd.phase1b.normalized_d4.train,"dedicated TRAIN file named by the phase-1b config; inner: 3 expanding folds, validation 15 percent, purge 60 rows; rows irregular (weekend gaps), periods in rows",inner_2,quality,missing_fraction,23,23,0,0,0,{}
predictor.legacy.eurusd.phase1b.normalized_d4.train,"dedicated TRAIN file named by the phase-1b config; inner: 3 expanding folds, validation 15 percent, purge 60 rows; rows irregular (weekend gaps), periods in rows",inner_2,quality,nonfinite_count,23,23,0,0,0,{}
predictor.legacy.eurusd.phase1b.normalized_d4.train,"dedicated TRAIN file named by the phase-1b config; inner: 3 expanding folds, validation 15 percent, purge 60 rows; rows irregular (weekend gaps), periods in rows",inner_2,quality,constant_flag,23,23,0,0,0,{}
predictor.legacy.eurusd.phase1b.normalized_d4.train,"dedicated TRAIN file named by the phase-1b config; inner: 3 expanding folds, validation 15 percent, purge 60 rows; rows irregular (weekend gaps), periods in rows",inner_2,quality,unique_ratio,23,23,0,0,0,{}
predictor.legacy.eurusd.phase1b.normalized_d4.train,"dedicated TRAIN file named by the phase-1b config; inner: 3 expanding folds, validation 15 percent, purge 60 rows; rows irregular (weekend gaps), periods in rows",inner_2,quality,sentinel_le_m9999_count,23,23,0,0,0,{}
predictor.legacy.eurusd.phase1b.normalized_d4.train,"dedicated TRAIN file named by the phase-1b config; inner: 3 expanding folds, validation 15 percent, purge 60 rows; rows irregular (weekend gaps), periods in rows",inner_2,distribution,mean,23,23,0,0,0,{}
predictor.legacy.eurusd.phase1b.normalized_d4.train,"dedicated TRAIN file named by the phase-1b config; inner: 3 expanding folds, validation 15 percent, purge 60 rows; rows irregular (weekend gaps), periods in rows",inner_2,distribution,std,23,23,0,0,0,{}
predictor.legacy.eurusd.phase1b.normalized_d4.train,"dedicated TRAIN file named by the phase-1b config; inner: 3 expanding folds, validation 15 percent, purge 60 rows; rows irregular (weekend gaps), periods in rows",inner_2,distribution,median,23,23,0,0,0,{}
predictor.legacy.eurusd.phase1b.normalized_d4.train,"dedicated TRAIN file named by the phase-1b config; inner: 3 expanding folds, validation 15 percent, purge 60 rows; rows irregular (weekend gaps), periods in rows",inner_2,distribution,iqr,23,23,0,0,0,{}
predictor.legacy.eurusd.phase1b.normalized_d4.train,"dedicated TRAIN file named by the phase-1b config; inner: 3 expanding folds, validation 15 percent, purge 60 rows; rows irregular (weekend gaps), periods in rows",inner_2,distribution,mad,23,23,0,0,0,{}
predictor.legacy.eurusd.phase1b.normalized_d4.train,"dedicated TRAIN file named by the phase-1b config; inner: 3 expanding folds, validation 15 percent, purge 60 rows; rows irregular (weekend gaps), periods in rows",inner_2,distribution,skewness,23,23,0,0,0,{}
predictor.legacy.eurusd.phase1b.normalized_d4.train,"dedicated TRAIN file named by the phase-1b config; inner: 3 expanding folds, validation 15 percent, purge 60 rows; rows irregular (weekend gaps), periods in rows",inner_2,distribution,excess_kurtosis,23,23,0,0,0,{}
predictor.legacy.eurusd.phase1b.normalized_d4.train,"dedicated TRAIN file named by the phase-1b config; inner: 3 expanding folds, validation 15 percent, purge 60 rows; rows irregular (weekend gaps), periods in rows",inner_2,distribution,q01,23,23,0,0,0,{}
predictor.legacy.eurusd.phase1b.normalized_d4.train,"dedicated TRAIN file named by the phase-1b config; inner: 3 expanding folds, validation 15 percent, purge 60 rows; rows irregular (weekend gaps), periods in rows",inner_2,distribution,q99,23,23,0,0,0,{}
predictor.legacy.eurusd.phase1b.normalized_d4.train,"dedicated TRAIN file named by the phase-1b config; inner: 3 expanding folds, validation 15 percent, purge 60 rows; rows irregular (weekend gaps), periods in rows",inner_2,distribution,upper_tail_ratio,23,23,0,0,0,{}
predictor.legacy.eurusd.phase1b.normalized_d4.train,"dedicated TRAIN file named by the phase-1b config; inner: 3 expanding folds, validation 15 percent, purge 60 rows; rows irregular (weekend gaps), periods in rows",inner_2,distribution,lower_tail_ratio,23,23,0,0,0,{}
predictor.legacy.eurusd.phase1b.normalized_d4.train,"dedicated TRAIN file named by the phase-1b config; inner: 3 expanding folds, validation 15 percent, purge 60 rows; rows irregular (weekend gaps), periods in rows",inner_2,volatility,diff_std,23,23,0,0,0,{}
predictor.legacy.eurusd.phase1b.normalized_d4.train,"dedicated TRAIN file named by the phase-1b config; inner: 3 expanding folds, validation 15 percent, purge 60 rows; rows irregular (weekend gaps), periods in rows",inner_2,volatility,diff_std_over_std,23,23,0,0,0,{}
predictor.legacy.eurusd.phase1b.normalized_d4.train,"dedicated TRAIN file named by the phase-1b config; inner: 3 expanding folds, validation 15 percent, purge 60 rows; rows irregular (weekend gaps), periods in rows",inner_2,volatility,rolling_std_cv,23,23,0,0,0,{}
predictor.legacy.eurusd.phase1b.normalized_d4.train,"dedicated TRAIN file named by the phase-1b config; inner: 3 expanding folds, validation 15 percent, purge 60 rows; rows irregular (weekend gaps), periods in rows",inner_2,acf_selected,acf_lag_1,23,23,0,0,0,{}
predictor.legacy.eurusd.phase1b.normalized_d4.train,"dedicated TRAIN file named by the phase-1b config; inner: 3 expanding folds, validation 15 percent, purge 60 rows; rows irregular (weekend gaps), periods in rows",inner_2,acf_selected,acf_lag_24,23,23,0,0,0,{}
predictor.legacy.eurusd.phase1b.normalized_d4.train,"dedicated TRAIN file named by the phase-1b config; inner: 3 expanding folds, validation 15 percent, purge 60 rows; rows irregular (weekend gaps), periods in rows",inner_2,acf_selected,acf_lag_48,23,23,0,0,0,{}
predictor.legacy.eurusd.phase1b.normalized_d4.train,"dedicated TRAIN file named by the phase-1b config; inner: 3 expanding folds, validation 15 percent, purge 60 rows; rows irregular (weekend gaps), periods in rows",inner_2,acf_selected,acf_lag_120,23,23,0,0,0,{}
predictor.legacy.eurusd.phase1b.normalized_d4.train,"dedicated TRAIN file named by the phase-1b config; inner: 3 expanding folds, validation 15 percent, purge 60 rows; rows irregular (weekend gaps), periods in rows",inner_2,seasonality,seasonal_acf_day_rows_nominal_24,23,23,0,0,0,{}
predictor.legacy.eurusd.phase1b.normalized_d4.train,"dedicated TRAIN file named by the phase-1b config; inner: 3 expanding folds, validation 15 percent, purge 60 rows; rows irregular (weekend gaps), periods in rows",inner_2,seasonality,seasonal_diff_var_ratio_day_rows_nominal_24,23,23,0,0,0,{}
predictor.legacy.eurusd.phase1b.normalized_d4.train,"dedicated TRAIN file named by the phase-1b config; inner: 3 expanding folds, validation 15 percent, purge 60 rows; rows irregular (weekend gaps), periods in rows",inner_2,seasonality,seasonal_acf_trading_week_rows_nominal_120,23,23,0,0,0,{}
predictor.legacy.eurusd.phase1b.normalized_d4.train,"dedicated TRAIN file named by the phase-1b config; inner: 3 expanding folds, validation 15 percent, purge 60 rows; rows irregular (weekend gaps), periods in rows",inner_2,seasonality,seasonal_diff_var_ratio_trading_week_rows_nominal_120,23,23,0,0,0,{}
predictor.legacy.eurusd.phase1b.normalized_d4.train,"dedicated TRAIN file named by the phase-1b config; inner: 3 expanding folds, validation 15 percent, purge 60 rows; rows irregular (weekend gaps), periods in rows",inner_2,cost,seconds_quality,23,23,0,0,0,{}
predictor.legacy.eurusd.phase1b.normalized_d4.train,"dedicated TRAIN file named by the phase-1b config; inner: 3 expanding folds, validation 15 percent, purge 60 rows; rows irregular (weekend gaps), periods in rows",inner_2,cost,seconds_distribution,23,23,0,0,0,{}
predictor.legacy.eurusd.phase1b.normalized_d4.train,"dedicated TRAIN file named by the phase-1b config; inner: 3 expanding folds, validation 15 percent, purge 60 rows; rows irregular (weekend gaps), periods in rows",inner_2,cost,seconds_volatility,23,23,0,0,0,{}
predictor.legacy.eurusd.phase1b.normalized_d4.train,"dedicated TRAIN file named by the phase-1b config; inner: 3 expanding folds, validation 15 percent, purge 60 rows; rows irregular (weekend gaps), periods in rows",inner_2,cost,seconds_acf_selected,23,23,0,0,0,{}
predictor.legacy.eurusd.phase1b.normalized_d4.train,"dedicated TRAIN file named by the phase-1b config; inner: 3 expanding folds, validation 15 percent, purge 60 rows; rows irregular (weekend gaps), periods in rows",inner_2,cost,seconds_seasonality,23,23,0,0,0,{}
predictor.legacy.eurusd.phase1b.normalized_d4.train,"dedicated TRAIN file named by the phase-1b config; inner: 3 expanding folds, validation 15 percent, purge 60 rows; rows irregular (weekend gaps), periods in rows",inner_2,stationarity,adf_c_aic_pvalue,23,0,0,0,23,"{""DEFERRED_TO_PS4"": 23}"
predictor.legacy.eurusd.phase1b.normalized_d4.train,"dedicated TRAIN file named by the phase-1b config; inner: 3 expanding folds, validation 15 percent, purge 60 rows; rows irregular (weekend gaps), periods in rows",inner_2,stationarity,kpss_c_auto_pvalue,23,0,0,0,23,"{""DEFERRED_TO_PS4"": 23}"
predictor.legacy.eurusd.phase1b.normalized_d4.train,"dedicated TRAIN file named by the phase-1b config; inner: 3 expanding folds, validation 15 percent, purge 60 rows; rows irregular (weekend gaps), periods in rows",inner_2,spectral,peak1_period_rows,23,0,0,0,23,"{""DEFERRED_TO_PS4"": 23}"
predictor.legacy.eurusd.phase1b.normalized_d4.train,"dedicated TRAIN file named by the phase-1b config; inner: 3 expanding folds, validation 15 percent, purge 60 rows; rows irregular (weekend gaps), periods in rows",inner_2,spectral,entropy_normalized,23,0,0,0,23,"{""DEFERRED_TO_PS4"": 23}"
predictor.legacy.eurusd.phase1b.normalized_d4.train,"dedicated TRAIN file named by the phase-1b config; inner: 3 expanding folds, validation 15 percent, purge 60 rows; rows irregular (weekend gaps), periods in rows",inner_2,stl,stl_seasonal_strength_primary,23,0,0,0,23,"{""DEFERRED_TO_PS4"": 23}"
predictor.legacy.eurusd.phase1b.normalized_d4.train,"dedicated TRAIN file named by the phase-1b config; inner: 3 expanding folds, validation 15 percent, purge 60 rows; rows irregular (weekend gaps), periods in rows",inner_3,quality,missing_fraction,23,23,0,0,0,{}
predictor.legacy.eurusd.phase1b.normalized_d4.train,"dedicated TRAIN file named by the phase-1b config; inner: 3 expanding folds, validation 15 percent, purge 60 rows; rows irregular (weekend gaps), periods in rows",inner_3,quality,nonfinite_count,23,23,0,0,0,{}
predictor.legacy.eurusd.phase1b.normalized_d4.train,"dedicated TRAIN file named by the phase-1b config; inner: 3 expanding folds, validation 15 percent, purge 60 rows; rows irregular (weekend gaps), periods in rows",inner_3,quality,constant_flag,23,23,0,0,0,{}
predictor.legacy.eurusd.phase1b.normalized_d4.train,"dedicated TRAIN file named by the phase-1b config; inner: 3 expanding folds, validation 15 percent, purge 60 rows; rows irregular (weekend gaps), periods in rows",inner_3,quality,unique_ratio,23,23,0,0,0,{}
predictor.legacy.eurusd.phase1b.normalized_d4.train,"dedicated TRAIN file named by the phase-1b config; inner: 3 expanding folds, validation 15 percent, purge 60 rows; rows irregular (weekend gaps), periods in rows",inner_3,quality,sentinel_le_m9999_count,23,23,0,0,0,{}
predictor.legacy.eurusd.phase1b.normalized_d4.train,"dedicated TRAIN file named by the phase-1b config; inner: 3 expanding folds, validation 15 percent, purge 60 rows; rows irregular (weekend gaps), periods in rows",inner_3,distribution,mean,23,23,0,0,0,{}
predictor.legacy.eurusd.phase1b.normalized_d4.train,"dedicated TRAIN file named by the phase-1b config; inner: 3 expanding folds, validation 15 percent, purge 60 rows; rows irregular (weekend gaps), periods in rows",inner_3,distribution,std,23,23,0,0,0,{}
predictor.legacy.eurusd.phase1b.normalized_d4.train,"dedicated TRAIN file named by the phase-1b config; inner: 3 expanding folds, validation 15 percent, purge 60 rows; rows irregular (weekend gaps), periods in rows",inner_3,distribution,median,23,23,0,0,0,{}
predictor.legacy.eurusd.phase1b.normalized_d4.train,"dedicated TRAIN file named by the phase-1b config; inner: 3 expanding folds, validation 15 percent, purge 60 rows; rows irregular (weekend gaps), periods in rows",inner_3,distribution,iqr,23,23,0,0,0,{}
predictor.legacy.eurusd.phase1b.normalized_d4.train,"dedicated TRAIN file named by the phase-1b config; inner: 3 expanding folds, validation 15 percent, purge 60 rows; rows irregular (weekend gaps), periods in rows",inner_3,distribution,mad,23,23,0,0,0,{}
predictor.legacy.eurusd.phase1b.normalized_d4.train,"dedicated TRAIN file named by the phase-1b config; inner: 3 expanding folds, validation 15 percent, purge 60 rows; rows irregular (weekend gaps), periods in rows",inner_3,distribution,skewness,23,23,0,0,0,{}
predictor.legacy.eurusd.phase1b.normalized_d4.train,"dedicated TRAIN file named by the phase-1b config; inner: 3 expanding folds, validation 15 percent, purge 60 rows; rows irregular (weekend gaps), periods in rows",inner_3,distribution,excess_kurtosis,23,23,0,0,0,{}
predictor.legacy.eurusd.phase1b.normalized_d4.train,"dedicated TRAIN file named by the phase-1b config; inner: 3 expanding folds, validation 15 percent, purge 60 rows; rows irregular (weekend gaps), periods in rows",inner_3,distribution,q01,23,23,0,0,0,{}
predictor.legacy.eurusd.phase1b.normalized_d4.train,"dedicated TRAIN file named by the phase-1b config; inner: 3 expanding folds, validation 15 percent, purge 60 rows; rows irregular (weekend gaps), periods in rows",inner_3,distribution,q99,23,23,0,0,0,{}
predictor.legacy.eurusd.phase1b.normalized_d4.train,"dedicated TRAIN file named by the phase-1b config; inner: 3 expanding folds, validation 15 percent, purge 60 rows; rows irregular (weekend gaps), periods in rows",inner_3,distribution,upper_tail_ratio,23,23,0,0,0,{}
predictor.legacy.eurusd.phase1b.normalized_d4.train,"dedicated TRAIN file named by the phase-1b config; inner: 3 expanding folds, validation 15 percent, purge 60 rows; rows irregular (weekend gaps), periods in rows",inner_3,distribution,lower_tail_ratio,23,23,0,0,0,{}
predictor.legacy.eurusd.phase1b.normalized_d4.train,"dedicated TRAIN file named by the phase-1b config; inner: 3 expanding folds, validation 15 percent, purge 60 rows; rows irregular (weekend gaps), periods in rows",inner_3,volatility,diff_std,23,23,0,0,0,{}
predictor.legacy.eurusd.phase1b.normalized_d4.train,"dedicated TRAIN file named by the phase-1b config; inner: 3 expanding folds, validation 15 percent, purge 60 rows; rows irregular (weekend gaps), periods in rows",inner_3,volatility,diff_std_over_std,23,23,0,0,0,{}
predictor.legacy.eurusd.phase1b.normalized_d4.train,"dedicated TRAIN file named by the phase-1b config; inner: 3 expanding folds, validation 15 percent, purge 60 rows; rows irregular (weekend gaps), periods in rows",inner_3,volatility,rolling_std_cv,23,23,0,0,0,{}
predictor.legacy.eurusd.phase1b.normalized_d4.train,"dedicated TRAIN file named by the phase-1b config; inner: 3 expanding folds, validation 15 percent, purge 60 rows; rows irregular (weekend gaps), periods in rows",inner_3,acf_selected,acf_lag_1,23,23,0,0,0,{}
predictor.legacy.eurusd.phase1b.normalized_d4.train,"dedicated TRAIN file named by the phase-1b config; inner: 3 expanding folds, validation 15 percent, purge 60 rows; rows irregular (weekend gaps), periods in rows",inner_3,acf_selected,acf_lag_24,23,23,0,0,0,{}
predictor.legacy.eurusd.phase1b.normalized_d4.train,"dedicated TRAIN file named by the phase-1b config; inner: 3 expanding folds, validation 15 percent, purge 60 rows; rows irregular (weekend gaps), periods in rows",inner_3,acf_selected,acf_lag_48,23,23,0,0,0,{}
predictor.legacy.eurusd.phase1b.normalized_d4.train,"dedicated TRAIN file named by the phase-1b config; inner: 3 expanding folds, validation 15 percent, purge 60 rows; rows irregular (weekend gaps), periods in rows",inner_3,acf_selected,acf_lag_120,23,23,0,0,0,{}
predictor.legacy.eurusd.phase1b.normalized_d4.train,"dedicated TRAIN file named by the phase-1b config; inner: 3 expanding folds, validation 15 percent, purge 60 rows; rows irregular (weekend gaps), periods in rows",inner_3,seasonality,seasonal_acf_day_rows_nominal_24,23,23,0,0,0,{}
predictor.legacy.eurusd.phase1b.normalized_d4.train,"dedicated TRAIN file named by the phase-1b config; inner: 3 expanding folds, validation 15 percent, purge 60 rows; rows irregular (weekend gaps), periods in rows",inner_3,seasonality,seasonal_diff_var_ratio_day_rows_nominal_24,23,23,0,0,0,{}
predictor.legacy.eurusd.phase1b.normalized_d4.train,"dedicated TRAIN file named by the phase-1b config; inner: 3 expanding folds, validation 15 percent, purge 60 rows; rows irregular (weekend gaps), periods in rows",inner_3,seasonality,seasonal_acf_trading_week_rows_nominal_120,23,23,0,0,0,{}
predictor.legacy.eurusd.phase1b.normalized_d4.train,"dedicated TRAIN file named by the phase-1b config; inner: 3 expanding folds, validation 15 percent, purge 60 rows; rows irregular (weekend gaps), periods in rows",inner_3,seasonality,seasonal_diff_var_ratio_trading_week_rows_nominal_120,23,23,0,0,0,{}
predictor.legacy.eurusd.phase1b.normalized_d4.train,"dedicated TRAIN file named by the phase-1b config; inner: 3 expanding folds, validation 15 percent, purge 60 rows; rows irregular (weekend gaps), periods in rows",inner_3,cost,seconds_quality,23,23,0,0,0,{}
predictor.legacy.eurusd.phase1b.normalized_d4.train,"dedicated TRAIN file named by the phase-1b config; inner: 3 expanding folds, validation 15 percent, purge 60 rows; rows irregular (weekend gaps), periods in rows",inner_3,cost,seconds_distribution,23,23,0,0,0,{}
predictor.legacy.eurusd.phase1b.normalized_d4.train,"dedicated TRAIN file named by the phase-1b config; inner: 3 expanding folds, validation 15 percent, purge 60 rows; rows irregular (weekend gaps), periods in rows",inner_3,cost,seconds_volatility,23,23,0,0,0,{}
predictor.legacy.eurusd.phase1b.normalized_d4.train,"dedicated TRAIN file named by the phase-1b config; inner: 3 expanding folds, validation 15 percent, purge 60 rows; rows irregular (weekend gaps), periods in rows",inner_3,cost,seconds_acf_selected,23,23,0,0,0,{}
predictor.legacy.eurusd.phase1b.normalized_d4.train,"dedicated TRAIN file named by the phase-1b config; inner: 3 expanding folds, validation 15 percent, purge 60 rows; rows irregular (weekend gaps), periods in rows",inner_3,cost,seconds_seasonality,23,23,0,0,0,{}
predictor.legacy.eurusd.phase1b.normalized_d4.train,"dedicated TRAIN file named by the phase-1b config; inner: 3 expanding folds, validation 15 percent, purge 60 rows; rows irregular (weekend gaps), periods in rows",inner_3,stationarity,adf_c_aic_pvalue,23,0,0,0,23,"{""DEFERRED_TO_PS4"": 23}"
predictor.legacy.eurusd.phase1b.normalized_d4.train,"dedicated TRAIN file named by the phase-1b config; inner: 3 expanding folds, validation 15 percent, purge 60 rows; rows irregular (weekend gaps), periods in rows",inner_3,stationarity,kpss_c_auto_pvalue,23,0,0,0,23,"{""DEFERRED_TO_PS4"": 23}"
predictor.legacy.eurusd.phase1b.normalized_d4.train,"dedicated TRAIN file named by the phase-1b config; inner: 3 expanding folds, validation 15 percent, purge 60 rows; rows irregular (weekend gaps), periods in rows",inner_3,spectral,peak1_period_rows,23,0,0,0,23,"{""DEFERRED_TO_PS4"": 23}"
predictor.legacy.eurusd.phase1b.normalized_d4.train,"dedicated TRAIN file named by the phase-1b config; inner: 3 expanding folds, validation 15 percent, purge 60 rows; rows irregular (weekend gaps), periods in rows",inner_3,spectral,entropy_normalized,23,0,0,0,23,"{""DEFERRED_TO_PS4"": 23}"
predictor.legacy.eurusd.phase1b.normalized_d4.train,"dedicated TRAIN file named by the phase-1b config; inner: 3 expanding folds, validation 15 percent, purge 60 rows; rows irregular (weekend gaps), periods in rows",inner_3,stl,stl_seasonal_strength_primary,23,0,0,0,23,"{""DEFERRED_TO_PS4"": 23}"
