feature,fold,tier,group,score_by_target,explore_probability,explore_rule,reincorporation,reasons
ATR,inner_1,UNRANKED,,{},,,"re-enters on: PS5 inner-validation gain as a member of a group or pair, a later exploratory draw, a new vintage, or a change of declared target",NO_DECLARED_TARGET_CONSTRUCTED: NO_ALIGNED_ASSET_PRICE: the declared d4 resource carries indicators and oracle labels but no price column
RSI,inner_1,UNRANKED,,{},,,"re-enters on: PS5 inner-validation gain as a member of a group or pair, a later exploratory draw, a new vintage, or a change of declared target",NO_DECLARED_TARGET_CONSTRUCTED: NO_ALIGNED_ASSET_PRICE: the declared d4 resource carries indicators and oracle labels but no price column
MACD,inner_1,UNRANKED,R0,{},,,"re-enters on: PS5 inner-validation gain as a member of a group or pair, a later exploratory draw, a new vintage, or a change of declared target","REDUNDANCY_GROUP R0 (|r|>=0.95): MACD,MACD_Signal | NO_DECLARED_TARGET_CONSTRUCTED: NO_ALIGNED_ASSET_PRICE: the declared d4 resource carries indicators and oracle labels but no price column"
MACD_Histogram,inner_1,UNRANKED,,{},,,"re-enters on: PS5 inner-validation gain as a member of a group or pair, a later exploratory draw, a new vintage, or a change of declared target",NO_DECLARED_TARGET_CONSTRUCTED: NO_ALIGNED_ASSET_PRICE: the declared d4 resource carries indicators and oracle labels but no price column
MACD_Signal,inner_1,UNRANKED,R0,{},,,"re-enters on: PS5 inner-validation gain as a member of a group or pair, a later exploratory draw, a new vintage, or a change of declared target","REDUNDANCY_GROUP R0 (|r|>=0.95): MACD,MACD_Signal | NO_DECLARED_TARGET_CONSTRUCTED: NO_ALIGNED_ASSET_PRICE: the declared d4 resource carries indicators and oracle labels but no price column"
ADX,inner_1,UNRANKED,,{},,,"re-enters on: PS5 inner-validation gain as a member of a group or pair, a later exploratory draw, a new vintage, or a change of declared target",NO_DECLARED_TARGET_CONSTRUCTED: NO_ALIGNED_ASSET_PRICE: the declared d4 resource carries indicators and oracle labels but no price column
DI_plus,inner_1,UNRANKED,,{},,,"re-enters on: PS5 inner-validation gain as a member of a group or pair, a later exploratory draw, a new vintage, or a change of declared target",NO_DECLARED_TARGET_CONSTRUCTED: NO_ALIGNED_ASSET_PRICE: the declared d4 resource carries indicators and oracle labels but no price column
DI_minus,inner_1,UNRANKED,,{},,,"re-enters on: PS5 inner-validation gain as a member of a group or pair, a later exploratory draw, a new vintage, or a change of declared target",NO_DECLARED_TARGET_CONSTRUCTED: NO_ALIGNED_ASSET_PRICE: the declared d4 resource carries indicators and oracle labels but no price column
Stochastic_K,inner_1,UNRANKED,R1,{},,,"re-enters on: PS5 inner-validation gain as a member of a group or pair, a later exploratory draw, a new vintage, or a change of declared target","REDUNDANCY_GROUP R1 (|r|>=0.95): Stochastic_K,Stochastic_D | NO_DECLARED_TARGET_CONSTRUCTED: NO_ALIGNED_ASSET_PRICE: the declared d4 resource carries indicators and oracle labels but no price column"
Stochastic_D,inner_1,UNRANKED,R1,{},,,"re-enters on: PS5 inner-validation gain as a member of a group or pair, a later exploratory draw, a new vintage, or a change of declared target","REDUNDANCY_GROUP R1 (|r|>=0.95): Stochastic_K,Stochastic_D | NO_DECLARED_TARGET_CONSTRUCTED: NO_ALIGNED_ASSET_PRICE: the declared d4 resource carries indicators and oracle labels but no price column"
BB_Width,inner_1,UNRANKED,,{},,,"re-enters on: PS5 inner-validation gain as a member of a group or pair, a later exploratory draw, a new vintage, or a change of declared target",NO_DECLARED_TARGET_CONSTRUCTED: NO_ALIGNED_ASSET_PRICE: the declared d4 resource carries indicators and oracle labels but no price column
CCI,inner_1,UNRANKED,R2,{},,,"re-enters on: PS5 inner-validation gain as a member of a group or pair, a later exploratory draw, a new vintage, or a change of declared target","REDUNDANCY_GROUP R2 (|r|>=0.95): CCI,BB_position | NO_DECLARED_TARGET_CONSTRUCTED: NO_ALIGNED_ASSET_PRICE: the declared d4 resource carries indicators and oracle labels but no price column"
WilliamsR,inner_1,UNRANKED,,{},,,"re-enters on: PS5 inner-validation gain as a member of a group or pair, a later exploratory draw, a new vintage, or a change of declared target",NO_DECLARED_TARGET_CONSTRUCTED: NO_ALIGNED_ASSET_PRICE: the declared d4 resource carries indicators and oracle labels but no price column
ROC,inner_1,UNRANKED,,{},,,"re-enters on: PS5 inner-validation gain as a member of a group or pair, a later exploratory draw, a new vintage, or a change of declared target",NO_DECLARED_TARGET_CONSTRUCTED: NO_ALIGNED_ASSET_PRICE: the declared d4 resource carries indicators and oracle labels but no price column
ATR_ratio,inner_1,UNRANKED,,{},,,"re-enters on: PS5 inner-validation gain as a member of a group or pair, a later exploratory draw, a new vintage, or a change of declared target",NO_DECLARED_TARGET_CONSTRUCTED: NO_ALIGNED_ASSET_PRICE: the declared d4 resource carries indicators and oracle labels but no price column
BB_position,inner_1,UNRANKED,R2,{},,,"re-enters on: PS5 inner-validation gain as a member of a group or pair, a later exploratory draw, a new vintage, or a change of declared target","REDUNDANCY_GROUP R2 (|r|>=0.95): CCI,BB_position | NO_DECLARED_TARGET_CONSTRUCTED: NO_ALIGNED_ASSET_PRICE: the declared d4 resource carries indicators and oracle labels but no price column"
rolling_std_24,inner_1,UNRANKED,,{},,,"re-enters on: PS5 inner-validation gain as a member of a group or pair, a later exploratory draw, a new vintage, or a change of declared target",NO_DECLARED_TARGET_CONSTRUCTED: NO_ALIGNED_ASSET_PRICE: the declared d4 resource carries indicators and oracle labels but no price column
price_minus_ema,inner_1,UNRANKED,,{},,,"re-enters on: PS5 inner-validation gain as a member of a group or pair, a later exploratory draw, a new vintage, or a change of declared target",NO_DECLARED_TARGET_CONSTRUCTED: NO_ALIGNED_ASSET_PRICE: the declared d4 resource carries indicators and oracle labels but no price column
hod_sin,inner_1,UNRANKED,,{},,,"re-enters on: PS5 inner-validation gain as a member of a group or pair, a later exploratory draw, a new vintage, or a change of declared target",NO_DECLARED_TARGET_CONSTRUCTED: NO_ALIGNED_ASSET_PRICE: the declared d4 resource carries indicators and oracle labels but no price column
hod_cos,inner_1,UNRANKED,,{},,,"re-enters on: PS5 inner-validation gain as a member of a group or pair, a later exploratory draw, a new vintage, or a change of declared target",NO_DECLARED_TARGET_CONSTRUCTED: NO_ALIGNED_ASSET_PRICE: the declared d4 resource carries indicators and oracle labels but no price column
dow_sin,inner_1,UNRANKED,,{},,,"re-enters on: PS5 inner-validation gain as a member of a group or pair, a later exploratory draw, a new vintage, or a change of declared target",NO_DECLARED_TARGET_CONSTRUCTED: NO_ALIGNED_ASSET_PRICE: the declared d4 resource carries indicators and oracle labels but no price column
dow_cos,inner_1,UNRANKED,,{},,,"re-enters on: PS5 inner-validation gain as a member of a group or pair, a later exploratory draw, a new vintage, or a change of declared target",NO_DECLARED_TARGET_CONSTRUCTED: NO_ALIGNED_ASSET_PRICE: the declared d4 resource carries indicators and oracle labels but no price column
bars_to_friday,inner_1,UNRANKED,,{},,,"re-enters on: PS5 inner-validation gain as a member of a group or pair, a later exploratory draw, a new vintage, or a change of declared target",NO_DECLARED_TARGET_CONSTRUCTED: NO_ALIGNED_ASSET_PRICE: the declared d4 resource carries indicators and oracle labels but no price column
ATR,inner_2,UNRANKED,,{},,,"re-enters on: PS5 inner-validation gain as a member of a group or pair, a later exploratory draw, a new vintage, or a change of declared target",NO_DECLARED_TARGET_CONSTRUCTED: NO_ALIGNED_ASSET_PRICE: the declared d4 resource carries indicators and oracle labels but no price column
RSI,inner_2,UNRANKED,,{},,,"re-enters on: PS5 inner-validation gain as a member of a group or pair, a later exploratory draw, a new vintage, or a change of declared target",NO_DECLARED_TARGET_CONSTRUCTED: NO_ALIGNED_ASSET_PRICE: the declared d4 resource carries indicators and oracle labels but no price column
MACD,inner_2,UNRANKED,R0,{},,,"re-enters on: PS5 inner-validation gain as a member of a group or pair, a later exploratory draw, a new vintage, or a change of declared target","REDUNDANCY_GROUP R0 (|r|>=0.95): MACD,MACD_Signal | NO_DECLARED_TARGET_CONSTRUCTED: NO_ALIGNED_ASSET_PRICE: the declared d4 resource carries indicators and oracle labels but no price column"
MACD_Histogram,inner_2,UNRANKED,,{},,,"re-enters on: PS5 inner-validation gain as a member of a group or pair, a later exploratory draw, a new vintage, or a change of declared target",NO_DECLARED_TARGET_CONSTRUCTED: NO_ALIGNED_ASSET_PRICE: the declared d4 resource carries indicators and oracle labels but no price column
MACD_Signal,inner_2,UNRANKED,R0,{},,,"re-enters on: PS5 inner-validation gain as a member of a group or pair, a later exploratory draw, a new vintage, or a change of declared target","REDUNDANCY_GROUP R0 (|r|>=0.95): MACD,MACD_Signal | NO_DECLARED_TARGET_CONSTRUCTED: NO_ALIGNED_ASSET_PRICE: the declared d4 resource carries indicators and oracle labels but no price column"
ADX,inner_2,UNRANKED,,{},,,"re-enters on: PS5 inner-validation gain as a member of a group or pair, a later exploratory draw, a new vintage, or a change of declared target",NO_DECLARED_TARGET_CONSTRUCTED: NO_ALIGNED_ASSET_PRICE: the declared d4 resource carries indicators and oracle labels but no price column
DI_plus,inner_2,UNRANKED,,{},,,"re-enters on: PS5 inner-validation gain as a member of a group or pair, a later exploratory draw, a new vintage, or a change of declared target",NO_DECLARED_TARGET_CONSTRUCTED: NO_ALIGNED_ASSET_PRICE: the declared d4 resource carries indicators and oracle labels but no price column
DI_minus,inner_2,UNRANKED,,{},,,"re-enters on: PS5 inner-validation gain as a member of a group or pair, a later exploratory draw, a new vintage, or a change of declared target",NO_DECLARED_TARGET_CONSTRUCTED: NO_ALIGNED_ASSET_PRICE: the declared d4 resource carries indicators and oracle labels but no price column
Stochastic_K,inner_2,UNRANKED,R1,{},,,"re-enters on: PS5 inner-validation gain as a member of a group or pair, a later exploratory draw, a new vintage, or a change of declared target","REDUNDANCY_GROUP R1 (|r|>=0.95): Stochastic_K,Stochastic_D | NO_DECLARED_TARGET_CONSTRUCTED: NO_ALIGNED_ASSET_PRICE: the declared d4 resource carries indicators and oracle labels but no price column"
Stochastic_D,inner_2,UNRANKED,R1,{},,,"re-enters on: PS5 inner-validation gain as a member of a group or pair, a later exploratory draw, a new vintage, or a change of declared target","REDUNDANCY_GROUP R1 (|r|>=0.95): Stochastic_K,Stochastic_D | NO_DECLARED_TARGET_CONSTRUCTED: NO_ALIGNED_ASSET_PRICE: the declared d4 resource carries indicators and oracle labels but no price column"
BB_Width,inner_2,UNRANKED,,{},,,"re-enters on: PS5 inner-validation gain as a member of a group or pair, a later exploratory draw, a new vintage, or a change of declared target",NO_DECLARED_TARGET_CONSTRUCTED: NO_ALIGNED_ASSET_PRICE: the declared d4 resource carries indicators and oracle labels but no price column
CCI,inner_2,UNRANKED,R2,{},,,"re-enters on: PS5 inner-validation gain as a member of a group or pair, a later exploratory draw, a new vintage, or a change of declared target","REDUNDANCY_GROUP R2 (|r|>=0.95): CCI,BB_position | NO_DECLARED_TARGET_CONSTRUCTED: NO_ALIGNED_ASSET_PRICE: the declared d4 resource carries indicators and oracle labels but no price column"
WilliamsR,inner_2,UNRANKED,,{},,,"re-enters on: PS5 inner-validation gain as a member of a group or pair, a later exploratory draw, a new vintage, or a change of declared target",NO_DECLARED_TARGET_CONSTRUCTED: NO_ALIGNED_ASSET_PRICE: the declared d4 resource carries indicators and oracle labels but no price column
ROC,inner_2,UNRANKED,,{},,,"re-enters on: PS5 inner-validation gain as a member of a group or pair, a later exploratory draw, a new vintage, or a change of declared target",NO_DECLARED_TARGET_CONSTRUCTED: NO_ALIGNED_ASSET_PRICE: the declared d4 resource carries indicators and oracle labels but no price column
ATR_ratio,inner_2,UNRANKED,,{},,,"re-enters on: PS5 inner-validation gain as a member of a group or pair, a later exploratory draw, a new vintage, or a change of declared target",NO_DECLARED_TARGET_CONSTRUCTED: NO_ALIGNED_ASSET_PRICE: the declared d4 resource carries indicators and oracle labels but no price column
BB_position,inner_2,UNRANKED,R2,{},,,"re-enters on: PS5 inner-validation gain as a member of a group or pair, a later exploratory draw, a new vintage, or a change of declared target","REDUNDANCY_GROUP R2 (|r|>=0.95): CCI,BB_position | NO_DECLARED_TARGET_CONSTRUCTED: NO_ALIGNED_ASSET_PRICE: the declared d4 resource carries indicators and oracle labels but no price column"
rolling_std_24,inner_2,UNRANKED,,{},,,"re-enters on: PS5 inner-validation gain as a member of a group or pair, a later exploratory draw, a new vintage, or a change of declared target",NO_DECLARED_TARGET_CONSTRUCTED: NO_ALIGNED_ASSET_PRICE: the declared d4 resource carries indicators and oracle labels but no price column
price_minus_ema,inner_2,UNRANKED,,{},,,"re-enters on: PS5 inner-validation gain as a member of a group or pair, a later exploratory draw, a new vintage, or a change of declared target",NO_DECLARED_TARGET_CONSTRUCTED: NO_ALIGNED_ASSET_PRICE: the declared d4 resource carries indicators and oracle labels but no price column
hod_sin,inner_2,UNRANKED,,{},,,"re-enters on: PS5 inner-validation gain as a member of a group or pair, a later exploratory draw, a new vintage, or a change of declared target",NO_DECLARED_TARGET_CONSTRUCTED: NO_ALIGNED_ASSET_PRICE: the declared d4 resource carries indicators and oracle labels but no price column
hod_cos,inner_2,UNRANKED,,{},,,"re-enters on: PS5 inner-validation gain as a member of a group or pair, a later exploratory draw, a new vintage, or a change of declared target",NO_DECLARED_TARGET_CONSTRUCTED: NO_ALIGNED_ASSET_PRICE: the declared d4 resource carries indicators and oracle labels but no price column
dow_sin,inner_2,UNRANKED,,{},,,"re-enters on: PS5 inner-validation gain as a member of a group or pair, a later exploratory draw, a new vintage, or a change of declared target",NO_DECLARED_TARGET_CONSTRUCTED: NO_ALIGNED_ASSET_PRICE: the declared d4 resource carries indicators and oracle labels but no price column
dow_cos,inner_2,UNRANKED,,{},,,"re-enters on: PS5 inner-validation gain as a member of a group or pair, a later exploratory draw, a new vintage, or a change of declared target",NO_DECLARED_TARGET_CONSTRUCTED: NO_ALIGNED_ASSET_PRICE: the declared d4 resource carries indicators and oracle labels but no price column
bars_to_friday,inner_2,UNRANKED,,{},,,"re-enters on: PS5 inner-validation gain as a member of a group or pair, a later exploratory draw, a new vintage, or a change of declared target",NO_DECLARED_TARGET_CONSTRUCTED: NO_ALIGNED_ASSET_PRICE: the declared d4 resource carries indicators and oracle labels but no price column
ATR,inner_3,UNRANKED,,{},,,"re-enters on: PS5 inner-validation gain as a member of a group or pair, a later exploratory draw, a new vintage, or a change of declared target",NO_DECLARED_TARGET_CONSTRUCTED: NO_ALIGNED_ASSET_PRICE: the declared d4 resource carries indicators and oracle labels but no price column
RSI,inner_3,UNRANKED,,{},,,"re-enters on: PS5 inner-validation gain as a member of a group or pair, a later exploratory draw, a new vintage, or a change of declared target",NO_DECLARED_TARGET_CONSTRUCTED: NO_ALIGNED_ASSET_PRICE: the declared d4 resource carries indicators and oracle labels but no price column
MACD,inner_3,UNRANKED,R0,{},,,"re-enters on: PS5 inner-validation gain as a member of a group or pair, a later exploratory draw, a new vintage, or a change of declared target","REDUNDANCY_GROUP R0 (|r|>=0.95): MACD,MACD_Signal | NO_DECLARED_TARGET_CONSTRUCTED: NO_ALIGNED_ASSET_PRICE: the declared d4 resource carries indicators and oracle labels but no price column"
MACD_Histogram,inner_3,UNRANKED,,{},,,"re-enters on: PS5 inner-validation gain as a member of a group or pair, a later exploratory draw, a new vintage, or a change of declared target",NO_DECLARED_TARGET_CONSTRUCTED: NO_ALIGNED_ASSET_PRICE: the declared d4 resource carries indicators and oracle labels but no price column
MACD_Signal,inner_3,UNRANKED,R0,{},,,"re-enters on: PS5 inner-validation gain as a member of a group or pair, a later exploratory draw, a new vintage, or a change of declared target","REDUNDANCY_GROUP R0 (|r|>=0.95): MACD,MACD_Signal | NO_DECLARED_TARGET_CONSTRUCTED: NO_ALIGNED_ASSET_PRICE: the declared d4 resource carries indicators and oracle labels but no price column"
ADX,inner_3,UNRANKED,,{},,,"re-enters on: PS5 inner-validation gain as a member of a group or pair, a later exploratory draw, a new vintage, or a change of declared target",NO_DECLARED_TARGET_CONSTRUCTED: NO_ALIGNED_ASSET_PRICE: the declared d4 resource carries indicators and oracle labels but no price column
DI_plus,inner_3,UNRANKED,,{},,,"re-enters on: PS5 inner-validation gain as a member of a group or pair, a later exploratory draw, a new vintage, or a change of declared target",NO_DECLARED_TARGET_CONSTRUCTED: NO_ALIGNED_ASSET_PRICE: the declared d4 resource carries indicators and oracle labels but no price column
DI_minus,inner_3,UNRANKED,,{},,,"re-enters on: PS5 inner-validation gain as a member of a group or pair, a later exploratory draw, a new vintage, or a change of declared target",NO_DECLARED_TARGET_CONSTRUCTED: NO_ALIGNED_ASSET_PRICE: the declared d4 resource carries indicators and oracle labels but no price column
Stochastic_K,inner_3,UNRANKED,R1,{},,,"re-enters on: PS5 inner-validation gain as a member of a group or pair, a later exploratory draw, a new vintage, or a change of declared target","REDUNDANCY_GROUP R1 (|r|>=0.95): Stochastic_K,Stochastic_D | NO_DECLARED_TARGET_CONSTRUCTED: NO_ALIGNED_ASSET_PRICE: the declared d4 resource carries indicators and oracle labels but no price column"
Stochastic_D,inner_3,UNRANKED,R1,{},,,"re-enters on: PS5 inner-validation gain as a member of a group or pair, a later exploratory draw, a new vintage, or a change of declared target","REDUNDANCY_GROUP R1 (|r|>=0.95): Stochastic_K,Stochastic_D | NO_DECLARED_TARGET_CONSTRUCTED: NO_ALIGNED_ASSET_PRICE: the declared d4 resource carries indicators and oracle labels but no price column"
BB_Width,inner_3,UNRANKED,,{},,,"re-enters on: PS5 inner-validation gain as a member of a group or pair, a later exploratory draw, a new vintage, or a change of declared target",NO_DECLARED_TARGET_CONSTRUCTED: NO_ALIGNED_ASSET_PRICE: the declared d4 resource carries indicators and oracle labels but no price column
CCI,inner_3,UNRANKED,R2,{},,,"re-enters on: PS5 inner-validation gain as a member of a group or pair, a later exploratory draw, a new vintage, or a change of declared target","REDUNDANCY_GROUP R2 (|r|>=0.95): CCI,BB_position | NO_DECLARED_TARGET_CONSTRUCTED: NO_ALIGNED_ASSET_PRICE: the declared d4 resource carries indicators and oracle labels but no price column"
WilliamsR,inner_3,UNRANKED,,{},,,"re-enters on: PS5 inner-validation gain as a member of a group or pair, a later exploratory draw, a new vintage, or a change of declared target",NO_DECLARED_TARGET_CONSTRUCTED: NO_ALIGNED_ASSET_PRICE: the declared d4 resource carries indicators and oracle labels but no price column
ROC,inner_3,UNRANKED,,{},,,"re-enters on: PS5 inner-validation gain as a member of a group or pair, a later exploratory draw, a new vintage, or a change of declared target",NO_DECLARED_TARGET_CONSTRUCTED: NO_ALIGNED_ASSET_PRICE: the declared d4 resource carries indicators and oracle labels but no price column
ATR_ratio,inner_3,UNRANKED,,{},,,"re-enters on: PS5 inner-validation gain as a member of a group or pair, a later exploratory draw, a new vintage, or a change of declared target",NO_DECLARED_TARGET_CONSTRUCTED: NO_ALIGNED_ASSET_PRICE: the declared d4 resource carries indicators and oracle labels but no price column
BB_position,inner_3,UNRANKED,R2,{},,,"re-enters on: PS5 inner-validation gain as a member of a group or pair, a later exploratory draw, a new vintage, or a change of declared target","REDUNDANCY_GROUP R2 (|r|>=0.95): CCI,BB_position | NO_DECLARED_TARGET_CONSTRUCTED: NO_ALIGNED_ASSET_PRICE: the declared d4 resource carries indicators and oracle labels but no price column"
rolling_std_24,inner_3,UNRANKED,,{},,,"re-enters on: PS5 inner-validation gain as a member of a group or pair, a later exploratory draw, a new vintage, or a change of declared target",NO_DECLARED_TARGET_CONSTRUCTED: NO_ALIGNED_ASSET_PRICE: the declared d4 resource carries indicators and oracle labels but no price column
price_minus_ema,inner_3,UNRANKED,,{},,,"re-enters on: PS5 inner-validation gain as a member of a group or pair, a later exploratory draw, a new vintage, or a change of declared target",NO_DECLARED_TARGET_CONSTRUCTED: NO_ALIGNED_ASSET_PRICE: the declared d4 resource carries indicators and oracle labels but no price column
hod_sin,inner_3,UNRANKED,,{},,,"re-enters on: PS5 inner-validation gain as a member of a group or pair, a later exploratory draw, a new vintage, or a change of declared target",NO_DECLARED_TARGET_CONSTRUCTED: NO_ALIGNED_ASSET_PRICE: the declared d4 resource carries indicators and oracle labels but no price column
hod_cos,inner_3,UNRANKED,,{},,,"re-enters on: PS5 inner-validation gain as a member of a group or pair, a later exploratory draw, a new vintage, or a change of declared target",NO_DECLARED_TARGET_CONSTRUCTED: NO_ALIGNED_ASSET_PRICE: the declared d4 resource carries indicators and oracle labels but no price column
dow_sin,inner_3,UNRANKED,,{},,,"re-enters on: PS5 inner-validation gain as a member of a group or pair, a later exploratory draw, a new vintage, or a change of declared target",NO_DECLARED_TARGET_CONSTRUCTED: NO_ALIGNED_ASSET_PRICE: the declared d4 resource carries indicators and oracle labels but no price column
dow_cos,inner_3,UNRANKED,,{},,,"re-enters on: PS5 inner-validation gain as a member of a group or pair, a later exploratory draw, a new vintage, or a change of declared target",NO_DECLARED_TARGET_CONSTRUCTED: NO_ALIGNED_ASSET_PRICE: the declared d4 resource carries indicators and oracle labels but no price column
bars_to_friday,inner_3,UNRANKED,,{},,,"re-enters on: PS5 inner-validation gain as a member of a group or pair, a later exploratory draw, a new vintage, or a change of declared target",NO_DECLARED_TARGET_CONSTRUCTED: NO_ALIGNED_ASSET_PRICE: the declared d4 resource carries indicators and oracle labels but no price column
