feature,fold,basic_complete,full_complete,fam_quality,fam_distribution,fam_volatility,fam_acf_selected,fam_seasonality,fam_cost,fam_stationarity,fam_spectral,fam_stl
return_1,outer_train,True,True,COMPLETE,COMPLETE,COMPLETE,COMPLETE,COMPLETE,COMPLETE,COMPLETE,COMPLETE,COMPLETE
return_1,inner_1,True,False,COMPLETE,COMPLETE,COMPLETE,COMPLETE,COMPLETE,COMPLETE,NOT_RUN,NOT_RUN,NOT_RUN
return_1,inner_2,True,False,COMPLETE,COMPLETE,COMPLETE,COMPLETE,COMPLETE,COMPLETE,NOT_RUN,NOT_RUN,NOT_RUN
return_1,inner_3,True,False,COMPLETE,COMPLETE,COMPLETE,COMPLETE,COMPLETE,COMPLETE,NOT_RUN,NOT_RUN,NOT_RUN
log_return_1,outer_train,True,True,COMPLETE,COMPLETE,COMPLETE,COMPLETE,COMPLETE,COMPLETE,COMPLETE,COMPLETE,COMPLETE
log_return_1,inner_1,True,False,COMPLETE,COMPLETE,COMPLETE,COMPLETE,COMPLETE,COMPLETE,NOT_RUN,NOT_RUN,NOT_RUN
log_return_1,inner_2,True,False,COMPLETE,COMPLETE,COMPLETE,COMPLETE,COMPLETE,COMPLETE,NOT_RUN,NOT_RUN,NOT_RUN
log_return_1,inner_3,True,False,COMPLETE,COMPLETE,COMPLETE,COMPLETE,COMPLETE,COMPLETE,NOT_RUN,NOT_RUN,NOT_RUN
return_5,outer_train,True,True,COMPLETE,COMPLETE,COMPLETE,COMPLETE,COMPLETE,COMPLETE,COMPLETE,COMPLETE,COMPLETE
return_5,inner_1,True,False,COMPLETE,COMPLETE,COMPLETE,COMPLETE,COMPLETE,COMPLETE,NOT_RUN,NOT_RUN,NOT_RUN
return_5,inner_2,True,False,COMPLETE,COMPLETE,COMPLETE,COMPLETE,COMPLETE,COMPLETE,NOT_RUN,NOT_RUN,NOT_RUN
return_5,inner_3,True,False,COMPLETE,COMPLETE,COMPLETE,COMPLETE,COMPLETE,COMPLETE,NOT_RUN,NOT_RUN,NOT_RUN
log_return_5,outer_train,True,True,COMPLETE,COMPLETE,COMPLETE,COMPLETE,COMPLETE,COMPLETE,COMPLETE,COMPLETE,COMPLETE
log_return_5,inner_1,True,False,COMPLETE,COMPLETE,COMPLETE,COMPLETE,COMPLETE,COMPLETE,NOT_RUN,NOT_RUN,NOT_RUN
log_return_5,inner_2,True,False,COMPLETE,COMPLETE,COMPLETE,COMPLETE,COMPLETE,COMPLETE,NOT_RUN,NOT_RUN,NOT_RUN
log_return_5,inner_3,True,False,COMPLETE,COMPLETE,COMPLETE,COMPLETE,COMPLETE,COMPLETE,NOT_RUN,NOT_RUN,NOT_RUN
return_10,outer_train,True,True,COMPLETE,COMPLETE,COMPLETE,COMPLETE,COMPLETE,COMPLETE,COMPLETE,COMPLETE,COMPLETE
return_10,inner_1,True,False,COMPLETE,COMPLETE,COMPLETE,COMPLETE,COMPLETE,COMPLETE,NOT_RUN,NOT_RUN,NOT_RUN
return_10,inner_2,True,False,COMPLETE,COMPLETE,COMPLETE,COMPLETE,COMPLETE,COMPLETE,NOT_RUN,NOT_RUN,NOT_RUN
return_10,inner_3,True,False,COMPLETE,COMPLETE,COMPLETE,COMPLETE,COMPLETE,COMPLETE,NOT_RUN,NOT_RUN,NOT_RUN
log_return_10,outer_train,True,True,COMPLETE,COMPLETE,COMPLETE,COMPLETE,COMPLETE,COMPLETE,COMPLETE,COMPLETE,COMPLETE
log_return_10,inner_1,True,False,COMPLETE,COMPLETE,COMPLETE,COMPLETE,COMPLETE,COMPLETE,NOT_RUN,NOT_RUN,NOT_RUN
log_return_10,inner_2,True,False,COMPLETE,COMPLETE,COMPLETE,COMPLETE,COMPLETE,COMPLETE,NOT_RUN,NOT_RUN,NOT_RUN
log_return_10,inner_3,True,False,COMPLETE,COMPLETE,COMPLETE,COMPLETE,COMPLETE,COMPLETE,NOT_RUN,NOT_RUN,NOT_RUN
return_20,outer_train,True,True,COMPLETE,COMPLETE,COMPLETE,COMPLETE,COMPLETE,COMPLETE,COMPLETE,COMPLETE,COMPLETE
return_20,inner_1,True,False,COMPLETE,COMPLETE,COMPLETE,COMPLETE,COMPLETE,COMPLETE,NOT_RUN,NOT_RUN,NOT_RUN
return_20,inner_2,True,False,COMPLETE,COMPLETE,COMPLETE,COMPLETE,COMPLETE,COMPLETE,NOT_RUN,NOT_RUN,NOT_RUN
return_20,inner_3,True,False,COMPLETE,COMPLETE,COMPLETE,COMPLETE,COMPLETE,COMPLETE,NOT_RUN,NOT_RUN,NOT_RUN
log_return_20,outer_train,True,True,COMPLETE,COMPLETE,COMPLETE,COMPLETE,COMPLETE,COMPLETE,COMPLETE,COMPLETE,COMPLETE
log_return_20,inner_1,True,False,COMPLETE,COMPLETE,COMPLETE,COMPLETE,COMPLETE,COMPLETE,NOT_RUN,NOT_RUN,NOT_RUN
log_return_20,inner_2,True,False,COMPLETE,COMPLETE,COMPLETE,COMPLETE,COMPLETE,COMPLETE,NOT_RUN,NOT_RUN,NOT_RUN
log_return_20,inner_3,True,False,COMPLETE,COMPLETE,COMPLETE,COMPLETE,COMPLETE,COMPLETE,NOT_RUN,NOT_RUN,NOT_RUN
return_60,outer_train,True,True,COMPLETE,COMPLETE,COMPLETE,COMPLETE,COMPLETE,COMPLETE,COMPLETE,COMPLETE,COMPLETE
return_60,inner_1,True,False,COMPLETE,COMPLETE,COMPLETE,COMPLETE,COMPLETE,COMPLETE,NOT_RUN,NOT_RUN,NOT_RUN
return_60,inner_2,True,False,COMPLETE,COMPLETE,COMPLETE,COMPLETE,COMPLETE,COMPLETE,NOT_RUN,NOT_RUN,NOT_RUN
return_60,inner_3,True,False,COMPLETE,COMPLETE,COMPLETE,COMPLETE,COMPLETE,COMPLETE,NOT_RUN,NOT_RUN,NOT_RUN
log_return_60,outer_train,True,True,COMPLETE,COMPLETE,COMPLETE,COMPLETE,COMPLETE,COMPLETE,COMPLETE,COMPLETE,COMPLETE
log_return_60,inner_1,True,False,COMPLETE,COMPLETE,COMPLETE,COMPLETE,COMPLETE,COMPLETE,NOT_RUN,NOT_RUN,NOT_RUN
log_return_60,inner_2,True,False,COMPLETE,COMPLETE,COMPLETE,COMPLETE,COMPLETE,COMPLETE,NOT_RUN,NOT_RUN,NOT_RUN
log_return_60,inner_3,True,False,COMPLETE,COMPLETE,COMPLETE,COMPLETE,COMPLETE,COMPLETE,NOT_RUN,NOT_RUN,NOT_RUN
sma_10,outer_train,True,True,COMPLETE,COMPLETE,COMPLETE,COMPLETE,COMPLETE,COMPLETE,COMPLETE,COMPLETE,COMPLETE
sma_10,inner_1,True,False,COMPLETE,COMPLETE,COMPLETE,COMPLETE,COMPLETE,COMPLETE,NOT_RUN,NOT_RUN,NOT_RUN
sma_10,inner_2,True,False,COMPLETE,COMPLETE,COMPLETE,COMPLETE,COMPLETE,COMPLETE,NOT_RUN,NOT_RUN,NOT_RUN
sma_10,inner_3,True,False,COMPLETE,COMPLETE,COMPLETE,COMPLETE,COMPLETE,COMPLETE,NOT_RUN,NOT_RUN,NOT_RUN
ema_10,outer_train,True,True,COMPLETE,COMPLETE,COMPLETE,COMPLETE,COMPLETE,COMPLETE,COMPLETE,COMPLETE,COMPLETE
ema_10,inner_1,True,False,COMPLETE,COMPLETE,COMPLETE,COMPLETE,COMPLETE,COMPLETE,NOT_RUN,NOT_RUN,NOT_RUN
ema_10,inner_2,True,False,COMPLETE,COMPLETE,COMPLETE,COMPLETE,COMPLETE,COMPLETE,NOT_RUN,NOT_RUN,NOT_RUN
ema_10,inner_3,True,False,COMPLETE,COMPLETE,COMPLETE,COMPLETE,COMPLETE,COMPLETE,NOT_RUN,NOT_RUN,NOT_RUN
close_sma_ratio_10,outer_train,True,True,COMPLETE,COMPLETE,COMPLETE,COMPLETE,COMPLETE,COMPLETE,COMPLETE,COMPLETE,COMPLETE
close_sma_ratio_10,inner_1,True,False,COMPLETE,COMPLETE,COMPLETE,COMPLETE,COMPLETE,COMPLETE,NOT_RUN,NOT_RUN,NOT_RUN
close_sma_ratio_10,inner_2,True,False,COMPLETE,COMPLETE,COMPLETE,COMPLETE,COMPLETE,COMPLETE,NOT_RUN,NOT_RUN,NOT_RUN
close_sma_ratio_10,inner_3,True,False,COMPLETE,COMPLETE,COMPLETE,COMPLETE,COMPLETE,COMPLETE,NOT_RUN,NOT_RUN,NOT_RUN
sma_20,outer_train,True,True,COMPLETE,COMPLETE,COMPLETE,COMPLETE,COMPLETE,COMPLETE,COMPLETE,COMPLETE,COMPLETE
sma_20,inner_1,True,False,COMPLETE,COMPLETE,COMPLETE,COMPLETE,COMPLETE,COMPLETE,NOT_RUN,NOT_RUN,NOT_RUN
sma_20,inner_2,True,False,COMPLETE,COMPLETE,COMPLETE,COMPLETE,COMPLETE,COMPLETE,NOT_RUN,NOT_RUN,NOT_RUN
sma_20,inner_3,True,False,COMPLETE,COMPLETE,COMPLETE,COMPLETE,COMPLETE,COMPLETE,NOT_RUN,NOT_RUN,NOT_RUN
ema_20,outer_train,True,True,COMPLETE,COMPLETE,COMPLETE,COMPLETE,COMPLETE,COMPLETE,COMPLETE,COMPLETE,COMPLETE
ema_20,inner_1,True,False,COMPLETE,COMPLETE,COMPLETE,COMPLETE,COMPLETE,COMPLETE,NOT_RUN,NOT_RUN,NOT_RUN
ema_20,inner_2,True,False,COMPLETE,COMPLETE,COMPLETE,COMPLETE,COMPLETE,COMPLETE,NOT_RUN,NOT_RUN,NOT_RUN
ema_20,inner_3,True,False,COMPLETE,COMPLETE,COMPLETE,COMPLETE,COMPLETE,COMPLETE,NOT_RUN,NOT_RUN,NOT_RUN
close_sma_ratio_20,outer_train,True,True,COMPLETE,COMPLETE,COMPLETE,COMPLETE,COMPLETE,COMPLETE,COMPLETE,COMPLETE,COMPLETE
close_sma_ratio_20,inner_1,True,False,COMPLETE,COMPLETE,COMPLETE,COMPLETE,COMPLETE,COMPLETE,NOT_RUN,NOT_RUN,NOT_RUN
close_sma_ratio_20,inner_2,True,False,COMPLETE,COMPLETE,COMPLETE,COMPLETE,COMPLETE,COMPLETE,NOT_RUN,NOT_RUN,NOT_RUN
close_sma_ratio_20,inner_3,True,False,COMPLETE,COMPLETE,COMPLETE,COMPLETE,COMPLETE,COMPLETE,NOT_RUN,NOT_RUN,NOT_RUN
sma_50,outer_train,True,True,COMPLETE,COMPLETE,COMPLETE,COMPLETE,COMPLETE,COMPLETE,COMPLETE,COMPLETE,COMPLETE
sma_50,inner_1,True,False,COMPLETE,COMPLETE,COMPLETE,COMPLETE,COMPLETE,COMPLETE,NOT_RUN,NOT_RUN,NOT_RUN
sma_50,inner_2,True,False,COMPLETE,COMPLETE,COMPLETE,COMPLETE,COMPLETE,COMPLETE,NOT_RUN,NOT_RUN,NOT_RUN
sma_50,inner_3,True,False,COMPLETE,COMPLETE,COMPLETE,COMPLETE,COMPLETE,COMPLETE,NOT_RUN,NOT_RUN,NOT_RUN
ema_50,outer_train,True,True,COMPLETE,COMPLETE,COMPLETE,COMPLETE,COMPLETE,COMPLETE,COMPLETE,COMPLETE,COMPLETE
ema_50,inner_1,True,False,COMPLETE,COMPLETE,COMPLETE,COMPLETE,COMPLETE,COMPLETE,NOT_RUN,NOT_RUN,NOT_RUN
ema_50,inner_2,True,False,COMPLETE,COMPLETE,COMPLETE,COMPLETE,COMPLETE,COMPLETE,NOT_RUN,NOT_RUN,NOT_RUN
ema_50,inner_3,True,False,COMPLETE,COMPLETE,COMPLETE,COMPLETE,COMPLETE,COMPLETE,NOT_RUN,NOT_RUN,NOT_RUN
close_sma_ratio_50,outer_train,True,True,COMPLETE,COMPLETE,COMPLETE,COMPLETE,COMPLETE,COMPLETE,COMPLETE,COMPLETE,COMPLETE
close_sma_ratio_50,inner_1,True,False,COMPLETE,COMPLETE,COMPLETE,COMPLETE,COMPLETE,COMPLETE,NOT_RUN,NOT_RUN,NOT_RUN
close_sma_ratio_50,inner_2,True,False,COMPLETE,COMPLETE,COMPLETE,COMPLETE,COMPLETE,COMPLETE,NOT_RUN,NOT_RUN,NOT_RUN
close_sma_ratio_50,inner_3,True,False,COMPLETE,COMPLETE,COMPLETE,COMPLETE,COMPLETE,COMPLETE,NOT_RUN,NOT_RUN,NOT_RUN
sma_100,outer_train,True,True,COMPLETE,COMPLETE,COMPLETE,COMPLETE,COMPLETE,COMPLETE,COMPLETE,COMPLETE,COMPLETE
sma_100,inner_1,True,False,COMPLETE,COMPLETE,COMPLETE,COMPLETE,COMPLETE,COMPLETE,NOT_RUN,NOT_RUN,NOT_RUN
sma_100,inner_2,True,False,COMPLETE,COMPLETE,COMPLETE,COMPLETE,COMPLETE,COMPLETE,NOT_RUN,NOT_RUN,NOT_RUN
sma_100,inner_3,True,False,COMPLETE,COMPLETE,COMPLETE,COMPLETE,COMPLETE,COMPLETE,NOT_RUN,NOT_RUN,NOT_RUN
ema_100,outer_train,True,True,COMPLETE,COMPLETE,COMPLETE,COMPLETE,COMPLETE,COMPLETE,COMPLETE,COMPLETE,COMPLETE
ema_100,inner_1,True,False,COMPLETE,COMPLETE,COMPLETE,COMPLETE,COMPLETE,COMPLETE,NOT_RUN,NOT_RUN,NOT_RUN
ema_100,inner_2,True,False,COMPLETE,COMPLETE,COMPLETE,COMPLETE,COMPLETE,COMPLETE,NOT_RUN,NOT_RUN,NOT_RUN
ema_100,inner_3,True,False,COMPLETE,COMPLETE,COMPLETE,COMPLETE,COMPLETE,COMPLETE,NOT_RUN,NOT_RUN,NOT_RUN
close_sma_ratio_100,outer_train,True,True,COMPLETE,COMPLETE,COMPLETE,COMPLETE,COMPLETE,COMPLETE,COMPLETE,COMPLETE,COMPLETE
close_sma_ratio_100,inner_1,True,False,COMPLETE,COMPLETE,COMPLETE,COMPLETE,COMPLETE,COMPLETE,NOT_RUN,NOT_RUN,NOT_RUN
close_sma_ratio_100,inner_2,True,False,COMPLETE,COMPLETE,COMPLETE,COMPLETE,COMPLETE,COMPLETE,NOT_RUN,NOT_RUN,NOT_RUN
close_sma_ratio_100,inner_3,True,False,COMPLETE,COMPLETE,COMPLETE,COMPLETE,COMPLETE,COMPLETE,NOT_RUN,NOT_RUN,NOT_RUN
sma_200,outer_train,True,True,COMPLETE,COMPLETE,COMPLETE,COMPLETE,COMPLETE,COMPLETE,COMPLETE,COMPLETE,COMPLETE
sma_200,inner_1,True,False,COMPLETE,COMPLETE,COMPLETE,COMPLETE,COMPLETE,COMPLETE,NOT_RUN,NOT_RUN,NOT_RUN
sma_200,inner_2,True,False,COMPLETE,COMPLETE,COMPLETE,COMPLETE,COMPLETE,COMPLETE,NOT_RUN,NOT_RUN,NOT_RUN
sma_200,inner_3,True,False,COMPLETE,COMPLETE,COMPLETE,COMPLETE,COMPLETE,COMPLETE,NOT_RUN,NOT_RUN,NOT_RUN
ema_200,outer_train,True,True,COMPLETE,COMPLETE,COMPLETE,COMPLETE,COMPLETE,COMPLETE,COMPLETE,COMPLETE,COMPLETE
ema_200,inner_1,True,False,COMPLETE,COMPLETE,COMPLETE,COMPLETE,COMPLETE,COMPLETE,NOT_RUN,NOT_RUN,NOT_RUN
ema_200,inner_2,True,False,COMPLETE,COMPLETE,COMPLETE,COMPLETE,COMPLETE,COMPLETE,NOT_RUN,NOT_RUN,NOT_RUN
ema_200,inner_3,True,False,COMPLETE,COMPLETE,COMPLETE,COMPLETE,COMPLETE,COMPLETE,NOT_RUN,NOT_RUN,NOT_RUN
close_sma_ratio_200,outer_train,True,True,COMPLETE,COMPLETE,COMPLETE,COMPLETE,COMPLETE,COMPLETE,COMPLETE,COMPLETE,COMPLETE
close_sma_ratio_200,inner_1,True,False,COMPLETE,COMPLETE,COMPLETE,COMPLETE,COMPLETE,COMPLETE,NOT_RUN,NOT_RUN,NOT_RUN
close_sma_ratio_200,inner_2,True,False,COMPLETE,COMPLETE,COMPLETE,COMPLETE,COMPLETE,COMPLETE,NOT_RUN,NOT_RUN,NOT_RUN
close_sma_ratio_200,inner_3,True,False,COMPLETE,COMPLETE,COMPLETE,COMPLETE,COMPLETE,COMPLETE,NOT_RUN,NOT_RUN,NOT_RUN
macd,outer_train,True,True,COMPLETE,COMPLETE,COMPLETE,COMPLETE,COMPLETE,COMPLETE,COMPLETE,COMPLETE,COMPLETE
macd,inner_1,True,False,COMPLETE,COMPLETE,COMPLETE,COMPLETE,COMPLETE,COMPLETE,NOT_RUN,NOT_RUN,NOT_RUN
macd,inner_2,True,False,COMPLETE,COMPLETE,COMPLETE,COMPLETE,COMPLETE,COMPLETE,NOT_RUN,NOT_RUN,NOT_RUN
macd,inner_3,True,False,COMPLETE,COMPLETE,COMPLETE,COMPLETE,COMPLETE,COMPLETE,NOT_RUN,NOT_RUN,NOT_RUN
macd_signal,outer_train,True,True,COMPLETE,COMPLETE,COMPLETE,COMPLETE,COMPLETE,COMPLETE,COMPLETE,COMPLETE,COMPLETE
macd_signal,inner_1,True,False,COMPLETE,COMPLETE,COMPLETE,COMPLETE,COMPLETE,COMPLETE,NOT_RUN,NOT_RUN,NOT_RUN
macd_signal,inner_2,True,False,COMPLETE,COMPLETE,COMPLETE,COMPLETE,COMPLETE,COMPLETE,NOT_RUN,NOT_RUN,NOT_RUN
macd_signal,inner_3,True,False,COMPLETE,COMPLETE,COMPLETE,COMPLETE,COMPLETE,COMPLETE,NOT_RUN,NOT_RUN,NOT_RUN
macd_hist,outer_train,True,True,COMPLETE,COMPLETE,COMPLETE,COMPLETE,COMPLETE,COMPLETE,COMPLETE,COMPLETE,COMPLETE
macd_hist,inner_1,True,False,COMPLETE,COMPLETE,COMPLETE,COMPLETE,COMPLETE,COMPLETE,NOT_RUN,NOT_RUN,NOT_RUN
macd_hist,inner_2,True,False,COMPLETE,COMPLETE,COMPLETE,COMPLETE,COMPLETE,COMPLETE,NOT_RUN,NOT_RUN,NOT_RUN
macd_hist,inner_3,True,False,COMPLETE,COMPLETE,COMPLETE,COMPLETE,COMPLETE,COMPLETE,NOT_RUN,NOT_RUN,NOT_RUN
rsi_7,outer_train,True,True,COMPLETE,COMPLETE,COMPLETE,COMPLETE,COMPLETE,COMPLETE,COMPLETE,COMPLETE,COMPLETE
rsi_7,inner_1,True,False,COMPLETE,COMPLETE,COMPLETE,COMPLETE,COMPLETE,COMPLETE,NOT_RUN,NOT_RUN,NOT_RUN
rsi_7,inner_2,True,False,COMPLETE,COMPLETE,COMPLETE,COMPLETE,COMPLETE,COMPLETE,NOT_RUN,NOT_RUN,NOT_RUN
rsi_7,inner_3,True,False,COMPLETE,COMPLETE,COMPLETE,COMPLETE,COMPLETE,COMPLETE,NOT_RUN,NOT_RUN,NOT_RUN
rsi_14,outer_train,True,True,COMPLETE,COMPLETE,COMPLETE,COMPLETE,COMPLETE,COMPLETE,COMPLETE,COMPLETE,COMPLETE
rsi_14,inner_1,True,False,COMPLETE,COMPLETE,COMPLETE,COMPLETE,COMPLETE,COMPLETE,NOT_RUN,NOT_RUN,NOT_RUN
rsi_14,inner_2,True,False,COMPLETE,COMPLETE,COMPLETE,COMPLETE,COMPLETE,COMPLETE,NOT_RUN,NOT_RUN,NOT_RUN
rsi_14,inner_3,True,False,COMPLETE,COMPLETE,COMPLETE,COMPLETE,COMPLETE,COMPLETE,NOT_RUN,NOT_RUN,NOT_RUN
rsi_21,outer_train,True,True,COMPLETE,COMPLETE,COMPLETE,COMPLETE,COMPLETE,COMPLETE,COMPLETE,COMPLETE,COMPLETE
rsi_21,inner_1,True,False,COMPLETE,COMPLETE,COMPLETE,COMPLETE,COMPLETE,COMPLETE,NOT_RUN,NOT_RUN,NOT_RUN
rsi_21,inner_2,True,False,COMPLETE,COMPLETE,COMPLETE,COMPLETE,COMPLETE,COMPLETE,NOT_RUN,NOT_RUN,NOT_RUN
rsi_21,inner_3,True,False,COMPLETE,COMPLETE,COMPLETE,COMPLETE,COMPLETE,COMPLETE,NOT_RUN,NOT_RUN,NOT_RUN
stoch_k,outer_train,True,True,COMPLETE,COMPLETE,COMPLETE,COMPLETE,COMPLETE,COMPLETE,COMPLETE,COMPLETE,COMPLETE
stoch_k,inner_1,True,False,COMPLETE,COMPLETE,COMPLETE,COMPLETE,COMPLETE,COMPLETE,NOT_RUN,NOT_RUN,NOT_RUN
stoch_k,inner_2,True,False,COMPLETE,COMPLETE,COMPLETE,COMPLETE,COMPLETE,COMPLETE,NOT_RUN,NOT_RUN,NOT_RUN
stoch_k,inner_3,True,False,COMPLETE,COMPLETE,COMPLETE,COMPLETE,COMPLETE,COMPLETE,NOT_RUN,NOT_RUN,NOT_RUN
stoch_d,outer_train,True,True,COMPLETE,COMPLETE,COMPLETE,COMPLETE,COMPLETE,COMPLETE,COMPLETE,COMPLETE,COMPLETE
stoch_d,inner_1,True,False,COMPLETE,COMPLETE,COMPLETE,COMPLETE,COMPLETE,COMPLETE,NOT_RUN,NOT_RUN,NOT_RUN
stoch_d,inner_2,True,False,COMPLETE,COMPLETE,COMPLETE,COMPLETE,COMPLETE,COMPLETE,NOT_RUN,NOT_RUN,NOT_RUN
stoch_d,inner_3,True,False,COMPLETE,COMPLETE,COMPLETE,COMPLETE,COMPLETE,COMPLETE,NOT_RUN,NOT_RUN,NOT_RUN
williams_r_14,outer_train,True,True,COMPLETE,COMPLETE,COMPLETE,COMPLETE,COMPLETE,COMPLETE,COMPLETE,COMPLETE,COMPLETE
williams_r_14,inner_1,True,False,COMPLETE,COMPLETE,COMPLETE,COMPLETE,COMPLETE,COMPLETE,NOT_RUN,NOT_RUN,NOT_RUN
williams_r_14,inner_2,True,False,COMPLETE,COMPLETE,COMPLETE,COMPLETE,COMPLETE,COMPLETE,NOT_RUN,NOT_RUN,NOT_RUN
williams_r_14,inner_3,True,False,COMPLETE,COMPLETE,COMPLETE,COMPLETE,COMPLETE,COMPLETE,NOT_RUN,NOT_RUN,NOT_RUN
cci_14,outer_train,True,True,COMPLETE,COMPLETE,COMPLETE,COMPLETE,COMPLETE,COMPLETE,COMPLETE,COMPLETE,COMPLETE
cci_14,inner_1,True,False,COMPLETE,COMPLETE,COMPLETE,COMPLETE,COMPLETE,COMPLETE,NOT_RUN,NOT_RUN,NOT_RUN
cci_14,inner_2,True,False,COMPLETE,COMPLETE,COMPLETE,COMPLETE,COMPLETE,COMPLETE,NOT_RUN,NOT_RUN,NOT_RUN
cci_14,inner_3,True,False,COMPLETE,COMPLETE,COMPLETE,COMPLETE,COMPLETE,COMPLETE,NOT_RUN,NOT_RUN,NOT_RUN
roc_10,outer_train,True,True,COMPLETE,COMPLETE,COMPLETE,COMPLETE,COMPLETE,COMPLETE,COMPLETE,COMPLETE,COMPLETE
roc_10,inner_1,True,False,COMPLETE,COMPLETE,COMPLETE,COMPLETE,COMPLETE,COMPLETE,NOT_RUN,NOT_RUN,NOT_RUN
roc_10,inner_2,True,False,COMPLETE,COMPLETE,COMPLETE,COMPLETE,COMPLETE,COMPLETE,NOT_RUN,NOT_RUN,NOT_RUN
roc_10,inner_3,True,False,COMPLETE,COMPLETE,COMPLETE,COMPLETE,COMPLETE,COMPLETE,NOT_RUN,NOT_RUN,NOT_RUN
roc_20,outer_train,True,True,COMPLETE,COMPLETE,COMPLETE,COMPLETE,COMPLETE,COMPLETE,COMPLETE,COMPLETE,COMPLETE
roc_20,inner_1,True,False,COMPLETE,COMPLETE,COMPLETE,COMPLETE,COMPLETE,COMPLETE,NOT_RUN,NOT_RUN,NOT_RUN
roc_20,inner_2,True,False,COMPLETE,COMPLETE,COMPLETE,COMPLETE,COMPLETE,COMPLETE,NOT_RUN,NOT_RUN,NOT_RUN
roc_20,inner_3,True,False,COMPLETE,COMPLETE,COMPLETE,COMPLETE,COMPLETE,COMPLETE,NOT_RUN,NOT_RUN,NOT_RUN
roc_60,outer_train,True,True,COMPLETE,COMPLETE,COMPLETE,COMPLETE,COMPLETE,COMPLETE,COMPLETE,COMPLETE,COMPLETE
roc_60,inner_1,True,False,COMPLETE,COMPLETE,COMPLETE,COMPLETE,COMPLETE,COMPLETE,NOT_RUN,NOT_RUN,NOT_RUN
roc_60,inner_2,True,False,COMPLETE,COMPLETE,COMPLETE,COMPLETE,COMPLETE,COMPLETE,NOT_RUN,NOT_RUN,NOT_RUN
roc_60,inner_3,True,False,COMPLETE,COMPLETE,COMPLETE,COMPLETE,COMPLETE,COMPLETE,NOT_RUN,NOT_RUN,NOT_RUN
mom_10,outer_train,True,True,COMPLETE,COMPLETE,COMPLETE,COMPLETE,COMPLETE,COMPLETE,COMPLETE,COMPLETE,COMPLETE
mom_10,inner_1,True,False,COMPLETE,COMPLETE,COMPLETE,COMPLETE,COMPLETE,COMPLETE,NOT_RUN,NOT_RUN,NOT_RUN
mom_10,inner_2,True,False,COMPLETE,COMPLETE,COMPLETE,COMPLETE,COMPLETE,COMPLETE,NOT_RUN,NOT_RUN,NOT_RUN
mom_10,inner_3,True,False,COMPLETE,COMPLETE,COMPLETE,COMPLETE,COMPLETE,COMPLETE,NOT_RUN,NOT_RUN,NOT_RUN
mom_20,outer_train,True,True,COMPLETE,COMPLETE,COMPLETE,COMPLETE,COMPLETE,COMPLETE,COMPLETE,COMPLETE,COMPLETE
mom_20,inner_1,True,False,COMPLETE,COMPLETE,COMPLETE,COMPLETE,COMPLETE,COMPLETE,NOT_RUN,NOT_RUN,NOT_RUN
mom_20,inner_2,True,False,COMPLETE,COMPLETE,COMPLETE,COMPLETE,COMPLETE,COMPLETE,NOT_RUN,NOT_RUN,NOT_RUN
mom_20,inner_3,True,False,COMPLETE,COMPLETE,COMPLETE,COMPLETE,COMPLETE,COMPLETE,NOT_RUN,NOT_RUN,NOT_RUN
bb_upper,outer_train,True,True,COMPLETE,COMPLETE,COMPLETE,COMPLETE,COMPLETE,COMPLETE,COMPLETE,COMPLETE,COMPLETE
bb_upper,inner_1,True,False,COMPLETE,COMPLETE,COMPLETE,COMPLETE,COMPLETE,COMPLETE,NOT_RUN,NOT_RUN,NOT_RUN
bb_upper,inner_2,True,False,COMPLETE,COMPLETE,COMPLETE,COMPLETE,COMPLETE,COMPLETE,NOT_RUN,NOT_RUN,NOT_RUN
bb_upper,inner_3,True,False,COMPLETE,COMPLETE,COMPLETE,COMPLETE,COMPLETE,COMPLETE,NOT_RUN,NOT_RUN,NOT_RUN
bb_middle,outer_train,True,True,COMPLETE,COMPLETE,COMPLETE,COMPLETE,COMPLETE,COMPLETE,COMPLETE,COMPLETE,COMPLETE
bb_middle,inner_1,True,False,COMPLETE,COMPLETE,COMPLETE,COMPLETE,COMPLETE,COMPLETE,NOT_RUN,NOT_RUN,NOT_RUN
bb_middle,inner_2,True,False,COMPLETE,COMPLETE,COMPLETE,COMPLETE,COMPLETE,COMPLETE,NOT_RUN,NOT_RUN,NOT_RUN
bb_middle,inner_3,True,False,COMPLETE,COMPLETE,COMPLETE,COMPLETE,COMPLETE,COMPLETE,NOT_RUN,NOT_RUN,NOT_RUN
bb_lower,outer_train,True,True,COMPLETE,COMPLETE,COMPLETE,COMPLETE,COMPLETE,COMPLETE,COMPLETE,COMPLETE,COMPLETE
bb_lower,inner_1,True,False,COMPLETE,COMPLETE,COMPLETE,COMPLETE,COMPLETE,COMPLETE,NOT_RUN,NOT_RUN,NOT_RUN
bb_lower,inner_2,True,False,COMPLETE,COMPLETE,COMPLETE,COMPLETE,COMPLETE,COMPLETE,NOT_RUN,NOT_RUN,NOT_RUN
bb_lower,inner_3,True,False,COMPLETE,COMPLETE,COMPLETE,COMPLETE,COMPLETE,COMPLETE,NOT_RUN,NOT_RUN,NOT_RUN
bb_pct_b,outer_train,True,True,COMPLETE,COMPLETE,COMPLETE,COMPLETE,COMPLETE,COMPLETE,COMPLETE,COMPLETE,COMPLETE
bb_pct_b,inner_1,True,False,COMPLETE,COMPLETE,COMPLETE,COMPLETE,COMPLETE,COMPLETE,NOT_RUN,NOT_RUN,NOT_RUN
bb_pct_b,inner_2,True,False,COMPLETE,COMPLETE,COMPLETE,COMPLETE,COMPLETE,COMPLETE,NOT_RUN,NOT_RUN,NOT_RUN
bb_pct_b,inner_3,True,False,COMPLETE,COMPLETE,COMPLETE,COMPLETE,COMPLETE,COMPLETE,NOT_RUN,NOT_RUN,NOT_RUN
bb_width,outer_train,True,True,COMPLETE,COMPLETE,COMPLETE,COMPLETE,COMPLETE,COMPLETE,COMPLETE,COMPLETE,COMPLETE
bb_width,inner_1,True,False,COMPLETE,COMPLETE,COMPLETE,COMPLETE,COMPLETE,COMPLETE,NOT_RUN,NOT_RUN,NOT_RUN
bb_width,inner_2,True,False,COMPLETE,COMPLETE,COMPLETE,COMPLETE,COMPLETE,COMPLETE,NOT_RUN,NOT_RUN,NOT_RUN
bb_width,inner_3,True,False,COMPLETE,COMPLETE,COMPLETE,COMPLETE,COMPLETE,COMPLETE,NOT_RUN,NOT_RUN,NOT_RUN
atr_14,outer_train,True,True,COMPLETE,COMPLETE,COMPLETE,COMPLETE,COMPLETE,COMPLETE,COMPLETE,COMPLETE,COMPLETE
atr_14,inner_1,True,False,COMPLETE,COMPLETE,COMPLETE,COMPLETE,COMPLETE,COMPLETE,NOT_RUN,NOT_RUN,NOT_RUN
atr_14,inner_2,True,False,COMPLETE,COMPLETE,COMPLETE,COMPLETE,COMPLETE,COMPLETE,NOT_RUN,NOT_RUN,NOT_RUN
atr_14,inner_3,True,False,COMPLETE,COMPLETE,COMPLETE,COMPLETE,COMPLETE,COMPLETE,NOT_RUN,NOT_RUN,NOT_RUN
natr_14,outer_train,True,True,COMPLETE,COMPLETE,COMPLETE,COMPLETE,COMPLETE,COMPLETE,COMPLETE,COMPLETE,COMPLETE
natr_14,inner_1,True,False,COMPLETE,COMPLETE,COMPLETE,COMPLETE,COMPLETE,COMPLETE,NOT_RUN,NOT_RUN,NOT_RUN
natr_14,inner_2,True,False,COMPLETE,COMPLETE,COMPLETE,COMPLETE,COMPLETE,COMPLETE,NOT_RUN,NOT_RUN,NOT_RUN
natr_14,inner_3,True,False,COMPLETE,COMPLETE,COMPLETE,COMPLETE,COMPLETE,COMPLETE,NOT_RUN,NOT_RUN,NOT_RUN
hist_vol_10,outer_train,True,True,COMPLETE,COMPLETE,COMPLETE,COMPLETE,COMPLETE,COMPLETE,COMPLETE,COMPLETE,COMPLETE
hist_vol_10,inner_1,True,False,COMPLETE,COMPLETE,COMPLETE,COMPLETE,COMPLETE,COMPLETE,NOT_RUN,NOT_RUN,NOT_RUN
hist_vol_10,inner_2,True,False,COMPLETE,COMPLETE,COMPLETE,COMPLETE,COMPLETE,COMPLETE,NOT_RUN,NOT_RUN,NOT_RUN
hist_vol_10,inner_3,True,False,COMPLETE,COMPLETE,COMPLETE,COMPLETE,COMPLETE,COMPLETE,NOT_RUN,NOT_RUN,NOT_RUN
hist_vol_20,outer_train,True,True,COMPLETE,COMPLETE,COMPLETE,COMPLETE,COMPLETE,COMPLETE,COMPLETE,COMPLETE,COMPLETE
hist_vol_20,inner_1,True,False,COMPLETE,COMPLETE,COMPLETE,COMPLETE,COMPLETE,COMPLETE,NOT_RUN,NOT_RUN,NOT_RUN
hist_vol_20,inner_2,True,False,COMPLETE,COMPLETE,COMPLETE,COMPLETE,COMPLETE,COMPLETE,NOT_RUN,NOT_RUN,NOT_RUN
hist_vol_20,inner_3,True,False,COMPLETE,COMPLETE,COMPLETE,COMPLETE,COMPLETE,COMPLETE,NOT_RUN,NOT_RUN,NOT_RUN
hist_vol_60,outer_train,True,True,COMPLETE,COMPLETE,COMPLETE,COMPLETE,COMPLETE,COMPLETE,COMPLETE,COMPLETE,COMPLETE
hist_vol_60,inner_1,True,False,COMPLETE,COMPLETE,COMPLETE,COMPLETE,COMPLETE,COMPLETE,NOT_RUN,NOT_RUN,NOT_RUN
hist_vol_60,inner_2,True,False,COMPLETE,COMPLETE,COMPLETE,COMPLETE,COMPLETE,COMPLETE,NOT_RUN,NOT_RUN,NOT_RUN
hist_vol_60,inner_3,True,False,COMPLETE,COMPLETE,COMPLETE,COMPLETE,COMPLETE,COMPLETE,NOT_RUN,NOT_RUN,NOT_RUN
ema_cross_10_50,outer_train,True,True,COMPLETE,COMPLETE,COMPLETE,COMPLETE,COMPLETE,COMPLETE,COMPLETE,COMPLETE,COMPLETE
ema_cross_10_50,inner_1,True,False,COMPLETE,COMPLETE,COMPLETE,COMPLETE,COMPLETE,COMPLETE,NOT_RUN,NOT_RUN,NOT_RUN
ema_cross_10_50,inner_2,True,False,COMPLETE,COMPLETE,COMPLETE,COMPLETE,COMPLETE,COMPLETE,NOT_RUN,NOT_RUN,NOT_RUN
ema_cross_10_50,inner_3,True,False,COMPLETE,COMPLETE,COMPLETE,COMPLETE,COMPLETE,COMPLETE,NOT_RUN,NOT_RUN,NOT_RUN
ema_cross_20_100,outer_train,True,True,COMPLETE,COMPLETE,COMPLETE,COMPLETE,COMPLETE,COMPLETE,COMPLETE,COMPLETE,COMPLETE
ema_cross_20_100,inner_1,True,False,COMPLETE,COMPLETE,COMPLETE,COMPLETE,COMPLETE,COMPLETE,NOT_RUN,NOT_RUN,NOT_RUN
ema_cross_20_100,inner_2,True,False,COMPLETE,COMPLETE,COMPLETE,COMPLETE,COMPLETE,COMPLETE,NOT_RUN,NOT_RUN,NOT_RUN
ema_cross_20_100,inner_3,True,False,COMPLETE,COMPLETE,COMPLETE,COMPLETE,COMPLETE,COMPLETE,NOT_RUN,NOT_RUN,NOT_RUN
trend_slope_50,outer_train,True,True,COMPLETE,COMPLETE,COMPLETE,COMPLETE,COMPLETE,COMPLETE,COMPLETE,COMPLETE,COMPLETE
trend_slope_50,inner_1,True,False,COMPLETE,COMPLETE,COMPLETE,COMPLETE,COMPLETE,COMPLETE,NOT_RUN,NOT_RUN,NOT_RUN
trend_slope_50,inner_2,True,False,COMPLETE,COMPLETE,COMPLETE,COMPLETE,COMPLETE,COMPLETE,NOT_RUN,NOT_RUN,NOT_RUN
trend_slope_50,inner_3,True,False,COMPLETE,COMPLETE,COMPLETE,COMPLETE,COMPLETE,COMPLETE,NOT_RUN,NOT_RUN,NOT_RUN
trend_strength_50,outer_train,True,True,COMPLETE,COMPLETE,COMPLETE,COMPLETE,COMPLETE,COMPLETE,COMPLETE,COMPLETE,COMPLETE
trend_strength_50,inner_1,True,False,COMPLETE,COMPLETE,COMPLETE,COMPLETE,COMPLETE,COMPLETE,NOT_RUN,NOT_RUN,NOT_RUN
trend_strength_50,inner_2,True,False,COMPLETE,COMPLETE,COMPLETE,COMPLETE,COMPLETE,COMPLETE,NOT_RUN,NOT_RUN,NOT_RUN
trend_strength_50,inner_3,True,False,COMPLETE,COMPLETE,COMPLETE,COMPLETE,COMPLETE,COMPLETE,NOT_RUN,NOT_RUN,NOT_RUN
obv,outer_train,True,True,COMPLETE,COMPLETE,COMPLETE,COMPLETE,COMPLETE,COMPLETE,COMPLETE,COMPLETE,COMPLETE
obv,inner_1,True,False,COMPLETE,COMPLETE,COMPLETE,COMPLETE,COMPLETE,COMPLETE,NOT_RUN,NOT_RUN,NOT_RUN
obv,inner_2,True,False,COMPLETE,COMPLETE,COMPLETE,COMPLETE,COMPLETE,COMPLETE,NOT_RUN,NOT_RUN,NOT_RUN
obv,inner_3,True,False,COMPLETE,COMPLETE,COMPLETE,COMPLETE,COMPLETE,COMPLETE,NOT_RUN,NOT_RUN,NOT_RUN
obv_delta_20,outer_train,True,True,COMPLETE,COMPLETE,COMPLETE,COMPLETE,COMPLETE,COMPLETE,COMPLETE,COMPLETE,COMPLETE
obv_delta_20,inner_1,True,False,COMPLETE,COMPLETE,COMPLETE,COMPLETE,COMPLETE,COMPLETE,NOT_RUN,NOT_RUN,NOT_RUN
obv_delta_20,inner_2,True,False,COMPLETE,COMPLETE,COMPLETE,COMPLETE,COMPLETE,COMPLETE,NOT_RUN,NOT_RUN,NOT_RUN
obv_delta_20,inner_3,True,False,COMPLETE,COMPLETE,COMPLETE,COMPLETE,COMPLETE,COMPLETE,NOT_RUN,NOT_RUN,NOT_RUN
volume_sma_10,outer_train,True,True,COMPLETE,COMPLETE,COMPLETE,COMPLETE,COMPLETE,COMPLETE,COMPLETE,COMPLETE,COMPLETE
volume_sma_10,inner_1,True,False,COMPLETE,COMPLETE,COMPLETE,COMPLETE,COMPLETE,COMPLETE,NOT_RUN,NOT_RUN,NOT_RUN
volume_sma_10,inner_2,True,False,COMPLETE,COMPLETE,COMPLETE,COMPLETE,COMPLETE,COMPLETE,NOT_RUN,NOT_RUN,NOT_RUN
volume_sma_10,inner_3,True,False,COMPLETE,COMPLETE,COMPLETE,COMPLETE,COMPLETE,COMPLETE,NOT_RUN,NOT_RUN,NOT_RUN
volume_sma_20,outer_train,True,True,COMPLETE,COMPLETE,COMPLETE,COMPLETE,COMPLETE,COMPLETE,COMPLETE,COMPLETE,COMPLETE
volume_sma_20,inner_1,True,False,COMPLETE,COMPLETE,COMPLETE,COMPLETE,COMPLETE,COMPLETE,NOT_RUN,NOT_RUN,NOT_RUN
volume_sma_20,inner_2,True,False,COMPLETE,COMPLETE,COMPLETE,COMPLETE,COMPLETE,COMPLETE,NOT_RUN,NOT_RUN,NOT_RUN
volume_sma_20,inner_3,True,False,COMPLETE,COMPLETE,COMPLETE,COMPLETE,COMPLETE,COMPLETE,NOT_RUN,NOT_RUN,NOT_RUN
volume_ratio_20,outer_train,True,True,COMPLETE,COMPLETE,COMPLETE,COMPLETE,COMPLETE,COMPLETE,COMPLETE,COMPLETE,COMPLETE
volume_ratio_20,inner_1,True,False,COMPLETE,COMPLETE,COMPLETE,COMPLETE,COMPLETE,COMPLETE,NOT_RUN,NOT_RUN,NOT_RUN
volume_ratio_20,inner_2,True,False,COMPLETE,COMPLETE,COMPLETE,COMPLETE,COMPLETE,COMPLETE,NOT_RUN,NOT_RUN,NOT_RUN
volume_ratio_20,inner_3,True,False,COMPLETE,COMPLETE,COMPLETE,COMPLETE,COMPLETE,COMPLETE,NOT_RUN,NOT_RUN,NOT_RUN
vwap_60,outer_train,True,True,COMPLETE,COMPLETE,COMPLETE,COMPLETE,COMPLETE,COMPLETE,COMPLETE,COMPLETE,COMPLETE
vwap_60,inner_1,True,False,COMPLETE,COMPLETE,COMPLETE,COMPLETE,COMPLETE,COMPLETE,NOT_RUN,NOT_RUN,NOT_RUN
vwap_60,inner_2,True,False,COMPLETE,COMPLETE,COMPLETE,COMPLETE,COMPLETE,COMPLETE,NOT_RUN,NOT_RUN,NOT_RUN
vwap_60,inner_3,True,False,COMPLETE,COMPLETE,COMPLETE,COMPLETE,COMPLETE,COMPLETE,NOT_RUN,NOT_RUN,NOT_RUN
mfi_14,outer_train,True,True,COMPLETE,COMPLETE,COMPLETE,COMPLETE,COMPLETE,COMPLETE,COMPLETE,COMPLETE,COMPLETE
mfi_14,inner_1,True,False,COMPLETE,COMPLETE,COMPLETE,COMPLETE,COMPLETE,COMPLETE,NOT_RUN,NOT_RUN,NOT_RUN
mfi_14,inner_2,True,False,COMPLETE,COMPLETE,COMPLETE,COMPLETE,COMPLETE,COMPLETE,NOT_RUN,NOT_RUN,NOT_RUN
mfi_14,inner_3,True,False,COMPLETE,COMPLETE,COMPLETE,COMPLETE,COMPLETE,COMPLETE,NOT_RUN,NOT_RUN,NOT_RUN
statistical__log_return_1,outer_train,True,True,COMPLETE,COMPLETE,COMPLETE,COMPLETE,COMPLETE,COMPLETE,COMPLETE,COMPLETE,COMPLETE
statistical__log_return_1,inner_1,True,False,COMPLETE,COMPLETE,COMPLETE,COMPLETE,COMPLETE,COMPLETE,NOT_RUN,NOT_RUN,NOT_RUN
statistical__log_return_1,inner_2,True,False,COMPLETE,COMPLETE,COMPLETE,COMPLETE,COMPLETE,COMPLETE,NOT_RUN,NOT_RUN,NOT_RUN
statistical__log_return_1,inner_3,True,False,COMPLETE,COMPLETE,COMPLETE,COMPLETE,COMPLETE,COMPLETE,NOT_RUN,NOT_RUN,NOT_RUN
roll_mean_ret_20,outer_train,True,True,COMPLETE,COMPLETE,COMPLETE,COMPLETE,COMPLETE,COMPLETE,COMPLETE,COMPLETE,COMPLETE
roll_mean_ret_20,inner_1,True,False,COMPLETE,COMPLETE,COMPLETE,COMPLETE,COMPLETE,COMPLETE,NOT_RUN,NOT_RUN,NOT_RUN
roll_mean_ret_20,inner_2,True,False,COMPLETE,COMPLETE,COMPLETE,COMPLETE,COMPLETE,COMPLETE,NOT_RUN,NOT_RUN,NOT_RUN
roll_mean_ret_20,inner_3,True,False,COMPLETE,COMPLETE,COMPLETE,COMPLETE,COMPLETE,COMPLETE,NOT_RUN,NOT_RUN,NOT_RUN
roll_std_ret_20,outer_train,True,True,COMPLETE,COMPLETE,COMPLETE,COMPLETE,COMPLETE,COMPLETE,COMPLETE,COMPLETE,COMPLETE
roll_std_ret_20,inner_1,True,False,COMPLETE,COMPLETE,COMPLETE,COMPLETE,COMPLETE,COMPLETE,NOT_RUN,NOT_RUN,NOT_RUN
roll_std_ret_20,inner_2,True,False,COMPLETE,COMPLETE,COMPLETE,COMPLETE,COMPLETE,COMPLETE,NOT_RUN,NOT_RUN,NOT_RUN
roll_std_ret_20,inner_3,True,False,COMPLETE,COMPLETE,COMPLETE,COMPLETE,COMPLETE,COMPLETE,NOT_RUN,NOT_RUN,NOT_RUN
roll_skew_ret_20,outer_train,True,True,COMPLETE,COMPLETE,COMPLETE,COMPLETE,COMPLETE,COMPLETE,COMPLETE,COMPLETE,COMPLETE
roll_skew_ret_20,inner_1,True,False,COMPLETE,COMPLETE,COMPLETE,COMPLETE,COMPLETE,COMPLETE,NOT_RUN,NOT_RUN,NOT_RUN
roll_skew_ret_20,inner_2,True,False,COMPLETE,COMPLETE,COMPLETE,COMPLETE,COMPLETE,COMPLETE,NOT_RUN,NOT_RUN,NOT_RUN
roll_skew_ret_20,inner_3,True,False,COMPLETE,COMPLETE,COMPLETE,COMPLETE,COMPLETE,COMPLETE,NOT_RUN,NOT_RUN,NOT_RUN
roll_kurt_ret_20,outer_train,True,True,COMPLETE,COMPLETE,COMPLETE,COMPLETE,COMPLETE,COMPLETE,COMPLETE,COMPLETE,COMPLETE
roll_kurt_ret_20,inner_1,True,False,COMPLETE,COMPLETE,COMPLETE,COMPLETE,COMPLETE,COMPLETE,NOT_RUN,NOT_RUN,NOT_RUN
roll_kurt_ret_20,inner_2,True,False,COMPLETE,COMPLETE,COMPLETE,COMPLETE,COMPLETE,COMPLETE,NOT_RUN,NOT_RUN,NOT_RUN
roll_kurt_ret_20,inner_3,True,False,COMPLETE,COMPLETE,COMPLETE,COMPLETE,COMPLETE,COMPLETE,NOT_RUN,NOT_RUN,NOT_RUN
roll_mean_ret_60,outer_train,True,True,COMPLETE,COMPLETE,COMPLETE,COMPLETE,COMPLETE,COMPLETE,COMPLETE,COMPLETE,COMPLETE
roll_mean_ret_60,inner_1,True,False,COMPLETE,COMPLETE,COMPLETE,COMPLETE,COMPLETE,COMPLETE,NOT_RUN,NOT_RUN,NOT_RUN
roll_mean_ret_60,inner_2,True,False,COMPLETE,COMPLETE,COMPLETE,COMPLETE,COMPLETE,COMPLETE,NOT_RUN,NOT_RUN,NOT_RUN
roll_mean_ret_60,inner_3,True,False,COMPLETE,COMPLETE,COMPLETE,COMPLETE,COMPLETE,COMPLETE,NOT_RUN,NOT_RUN,NOT_RUN
roll_std_ret_60,outer_train,True,True,COMPLETE,COMPLETE,COMPLETE,COMPLETE,COMPLETE,COMPLETE,COMPLETE,COMPLETE,COMPLETE
roll_std_ret_60,inner_1,True,False,COMPLETE,COMPLETE,COMPLETE,COMPLETE,COMPLETE,COMPLETE,NOT_RUN,NOT_RUN,NOT_RUN
roll_std_ret_60,inner_2,True,False,COMPLETE,COMPLETE,COMPLETE,COMPLETE,COMPLETE,COMPLETE,NOT_RUN,NOT_RUN,NOT_RUN
roll_std_ret_60,inner_3,True,False,COMPLETE,COMPLETE,COMPLETE,COMPLETE,COMPLETE,COMPLETE,NOT_RUN,NOT_RUN,NOT_RUN
roll_skew_ret_60,outer_train,True,True,COMPLETE,COMPLETE,COMPLETE,COMPLETE,COMPLETE,COMPLETE,COMPLETE,COMPLETE,COMPLETE
roll_skew_ret_60,inner_1,True,False,COMPLETE,COMPLETE,COMPLETE,COMPLETE,COMPLETE,COMPLETE,NOT_RUN,NOT_RUN,NOT_RUN
roll_skew_ret_60,inner_2,True,False,COMPLETE,COMPLETE,COMPLETE,COMPLETE,COMPLETE,COMPLETE,NOT_RUN,NOT_RUN,NOT_RUN
roll_skew_ret_60,inner_3,True,False,COMPLETE,COMPLETE,COMPLETE,COMPLETE,COMPLETE,COMPLETE,NOT_RUN,NOT_RUN,NOT_RUN
roll_kurt_ret_60,outer_train,True,True,COMPLETE,COMPLETE,COMPLETE,COMPLETE,COMPLETE,COMPLETE,COMPLETE,COMPLETE,COMPLETE
roll_kurt_ret_60,inner_1,True,False,COMPLETE,COMPLETE,COMPLETE,COMPLETE,COMPLETE,COMPLETE,NOT_RUN,NOT_RUN,NOT_RUN
roll_kurt_ret_60,inner_2,True,False,COMPLETE,COMPLETE,COMPLETE,COMPLETE,COMPLETE,COMPLETE,NOT_RUN,NOT_RUN,NOT_RUN
roll_kurt_ret_60,inner_3,True,False,COMPLETE,COMPLETE,COMPLETE,COMPLETE,COMPLETE,COMPLETE,NOT_RUN,NOT_RUN,NOT_RUN
roll_mean_ret_252,outer_train,True,True,COMPLETE,COMPLETE,COMPLETE,COMPLETE,COMPLETE,COMPLETE,COMPLETE,COMPLETE,COMPLETE
roll_mean_ret_252,inner_1,True,False,COMPLETE,COMPLETE,COMPLETE,COMPLETE,COMPLETE,COMPLETE,NOT_RUN,NOT_RUN,NOT_RUN
roll_mean_ret_252,inner_2,True,False,COMPLETE,COMPLETE,COMPLETE,COMPLETE,COMPLETE,COMPLETE,NOT_RUN,NOT_RUN,NOT_RUN
roll_mean_ret_252,inner_3,True,False,COMPLETE,COMPLETE,COMPLETE,COMPLETE,COMPLETE,COMPLETE,NOT_RUN,NOT_RUN,NOT_RUN
roll_std_ret_252,outer_train,True,True,COMPLETE,COMPLETE,COMPLETE,COMPLETE,COMPLETE,COMPLETE,COMPLETE,COMPLETE,COMPLETE
roll_std_ret_252,inner_1,True,False,COMPLETE,COMPLETE,COMPLETE,COMPLETE,COMPLETE,COMPLETE,NOT_RUN,NOT_RUN,NOT_RUN
roll_std_ret_252,inner_2,True,False,COMPLETE,COMPLETE,COMPLETE,COMPLETE,COMPLETE,COMPLETE,NOT_RUN,NOT_RUN,NOT_RUN
roll_std_ret_252,inner_3,True,False,COMPLETE,COMPLETE,COMPLETE,COMPLETE,COMPLETE,COMPLETE,NOT_RUN,NOT_RUN,NOT_RUN
roll_skew_ret_252,outer_train,True,True,COMPLETE,COMPLETE,COMPLETE,COMPLETE,COMPLETE,COMPLETE,COMPLETE,COMPLETE,COMPLETE
roll_skew_ret_252,inner_1,True,False,COMPLETE,COMPLETE,COMPLETE,COMPLETE,COMPLETE,COMPLETE,NOT_RUN,NOT_RUN,NOT_RUN
roll_skew_ret_252,inner_2,True,False,COMPLETE,COMPLETE,COMPLETE,COMPLETE,COMPLETE,COMPLETE,NOT_RUN,NOT_RUN,NOT_RUN
roll_skew_ret_252,inner_3,True,False,COMPLETE,COMPLETE,COMPLETE,COMPLETE,COMPLETE,COMPLETE,NOT_RUN,NOT_RUN,NOT_RUN
roll_kurt_ret_252,outer_train,True,True,COMPLETE,COMPLETE,COMPLETE,COMPLETE,COMPLETE,COMPLETE,COMPLETE,COMPLETE,COMPLETE
roll_kurt_ret_252,inner_1,True,False,COMPLETE,COMPLETE,COMPLETE,COMPLETE,COMPLETE,COMPLETE,NOT_RUN,NOT_RUN,NOT_RUN
roll_kurt_ret_252,inner_2,True,False,COMPLETE,COMPLETE,COMPLETE,COMPLETE,COMPLETE,COMPLETE,NOT_RUN,NOT_RUN,NOT_RUN
roll_kurt_ret_252,inner_3,True,False,COMPLETE,COMPLETE,COMPLETE,COMPLETE,COMPLETE,COMPLETE,NOT_RUN,NOT_RUN,NOT_RUN
realized_var_12,outer_train,True,True,COMPLETE,COMPLETE,COMPLETE,COMPLETE,COMPLETE,COMPLETE,COMPLETE,COMPLETE,COMPLETE
realized_var_12,inner_1,True,False,COMPLETE,COMPLETE,COMPLETE,COMPLETE,COMPLETE,COMPLETE,NOT_RUN,NOT_RUN,NOT_RUN
realized_var_12,inner_2,True,False,COMPLETE,COMPLETE,COMPLETE,COMPLETE,COMPLETE,COMPLETE,NOT_RUN,NOT_RUN,NOT_RUN
realized_var_12,inner_3,True,False,COMPLETE,COMPLETE,COMPLETE,COMPLETE,COMPLETE,COMPLETE,NOT_RUN,NOT_RUN,NOT_RUN
realized_var_48,outer_train,True,True,COMPLETE,COMPLETE,COMPLETE,COMPLETE,COMPLETE,COMPLETE,COMPLETE,COMPLETE,COMPLETE
realized_var_48,inner_1,True,False,COMPLETE,COMPLETE,COMPLETE,COMPLETE,COMPLETE,COMPLETE,NOT_RUN,NOT_RUN,NOT_RUN
realized_var_48,inner_2,True,False,COMPLETE,COMPLETE,COMPLETE,COMPLETE,COMPLETE,COMPLETE,NOT_RUN,NOT_RUN,NOT_RUN
realized_var_48,inner_3,True,False,COMPLETE,COMPLETE,COMPLETE,COMPLETE,COMPLETE,COMPLETE,NOT_RUN,NOT_RUN,NOT_RUN
autocorr_lag1_100,outer_train,True,True,COMPLETE,COMPLETE,COMPLETE,COMPLETE,COMPLETE,COMPLETE,COMPLETE,COMPLETE,COMPLETE
autocorr_lag1_100,inner_1,True,False,COMPLETE,COMPLETE,COMPLETE,COMPLETE,COMPLETE,COMPLETE,NOT_RUN,NOT_RUN,NOT_RUN
autocorr_lag1_100,inner_2,True,False,COMPLETE,COMPLETE,COMPLETE,COMPLETE,COMPLETE,COMPLETE,NOT_RUN,NOT_RUN,NOT_RUN
autocorr_lag1_100,inner_3,True,False,COMPLETE,COMPLETE,COMPLETE,COMPLETE,COMPLETE,COMPLETE,NOT_RUN,NOT_RUN,NOT_RUN
autocorr_lag5_100,outer_train,True,True,COMPLETE,COMPLETE,COMPLETE,COMPLETE,COMPLETE,COMPLETE,COMPLETE,COMPLETE,COMPLETE
autocorr_lag5_100,inner_1,True,False,COMPLETE,COMPLETE,COMPLETE,COMPLETE,COMPLETE,COMPLETE,NOT_RUN,NOT_RUN,NOT_RUN
autocorr_lag5_100,inner_2,True,False,COMPLETE,COMPLETE,COMPLETE,COMPLETE,COMPLETE,COMPLETE,NOT_RUN,NOT_RUN,NOT_RUN
autocorr_lag5_100,inner_3,True,False,COMPLETE,COMPLETE,COMPLETE,COMPLETE,COMPLETE,COMPLETE,NOT_RUN,NOT_RUN,NOT_RUN
sqret_autocorr_lag1_100,outer_train,True,True,COMPLETE,COMPLETE,COMPLETE,COMPLETE,COMPLETE,COMPLETE,COMPLETE,COMPLETE,COMPLETE
sqret_autocorr_lag1_100,inner_1,True,False,COMPLETE,COMPLETE,COMPLETE,COMPLETE,COMPLETE,COMPLETE,NOT_RUN,NOT_RUN,NOT_RUN
sqret_autocorr_lag1_100,inner_2,True,False,COMPLETE,COMPLETE,COMPLETE,COMPLETE,COMPLETE,COMPLETE,NOT_RUN,NOT_RUN,NOT_RUN
sqret_autocorr_lag1_100,inner_3,True,False,COMPLETE,COMPLETE,COMPLETE,COMPLETE,COMPLETE,COMPLETE,NOT_RUN,NOT_RUN,NOT_RUN
vol_regime_high,outer_train,False,False,COMPLETE,PARTIAL,COMPLETE,COMPLETE,COMPLETE,COMPLETE,COMPLETE,COMPLETE,COMPLETE
vol_regime_high,inner_1,False,False,COMPLETE,PARTIAL,COMPLETE,COMPLETE,COMPLETE,COMPLETE,NOT_RUN,NOT_RUN,NOT_RUN
vol_regime_high,inner_2,False,False,COMPLETE,PARTIAL,COMPLETE,COMPLETE,COMPLETE,COMPLETE,NOT_RUN,NOT_RUN,NOT_RUN
vol_regime_high,inner_3,False,False,COMPLETE,PARTIAL,COMPLETE,COMPLETE,COMPLETE,COMPLETE,NOT_RUN,NOT_RUN,NOT_RUN
vol_regime_low,outer_train,False,False,COMPLETE,PARTIAL,COMPLETE,COMPLETE,COMPLETE,COMPLETE,COMPLETE,COMPLETE,COMPLETE
vol_regime_low,inner_1,False,False,COMPLETE,PARTIAL,COMPLETE,COMPLETE,COMPLETE,COMPLETE,NOT_RUN,NOT_RUN,NOT_RUN
vol_regime_low,inner_2,False,False,COMPLETE,PARTIAL,COMPLETE,COMPLETE,COMPLETE,COMPLETE,NOT_RUN,NOT_RUN,NOT_RUN
vol_regime_low,inner_3,False,False,COMPLETE,PARTIAL,COMPLETE,COMPLETE,COMPLETE,COMPLETE,NOT_RUN,NOT_RUN,NOT_RUN
hurst_proxy_200,outer_train,True,True,COMPLETE,COMPLETE,COMPLETE,COMPLETE,COMPLETE,COMPLETE,COMPLETE,COMPLETE,COMPLETE
hurst_proxy_200,inner_1,True,False,COMPLETE,COMPLETE,COMPLETE,COMPLETE,COMPLETE,COMPLETE,NOT_RUN,NOT_RUN,NOT_RUN
hurst_proxy_200,inner_2,True,False,COMPLETE,COMPLETE,COMPLETE,COMPLETE,COMPLETE,COMPLETE,NOT_RUN,NOT_RUN,NOT_RUN
hurst_proxy_200,inner_3,True,False,COMPLETE,COMPLETE,COMPLETE,COMPLETE,COMPLETE,COMPLETE,NOT_RUN,NOT_RUN,NOT_RUN
zscore_close_100,outer_train,True,True,COMPLETE,COMPLETE,COMPLETE,COMPLETE,COMPLETE,COMPLETE,COMPLETE,COMPLETE,COMPLETE
zscore_close_100,inner_1,True,False,COMPLETE,COMPLETE,COMPLETE,COMPLETE,COMPLETE,COMPLETE,NOT_RUN,NOT_RUN,NOT_RUN
zscore_close_100,inner_2,True,False,COMPLETE,COMPLETE,COMPLETE,COMPLETE,COMPLETE,COMPLETE,NOT_RUN,NOT_RUN,NOT_RUN
zscore_close_100,inner_3,True,False,COMPLETE,COMPLETE,COMPLETE,COMPLETE,COMPLETE,COMPLETE,NOT_RUN,NOT_RUN,NOT_RUN
