column,position,role,target_channel,status,exclusion_reason,declared_reason
date,0,timestamp,False,EXCLUDED,time index; never a branch input,time index; never a branch input
0,1,feature,False,PROFILED_ADMISSIBLE,,
1,2,feature,False,PROFILED_ADMISSIBLE,,
2,3,feature,False,PROFILED_ADMISSIBLE,,
3,4,feature,False,PROFILED_ADMISSIBLE,,
4,5,feature,False,PROFILED_ADMISSIBLE,,
5,6,feature,False,PROFILED_ADMISSIBLE,,
6,7,feature,False,PROFILED_ADMISSIBLE,,
7,8,feature,False,PROFILED_ADMISSIBLE,,
8,9,feature,False,PROFILED_ADMISSIBLE,,
9,10,feature,False,PROFILED_ADMISSIBLE,,
10,11,feature,False,PROFILED_ADMISSIBLE,,
11,12,feature,False,PROFILED_ADMISSIBLE,,
12,13,feature,False,PROFILED_ADMISSIBLE,,
13,14,feature,False,PROFILED_ADMISSIBLE,,
14,15,feature,False,PROFILED_ADMISSIBLE,,
15,16,feature,False,PROFILED_ADMISSIBLE,,
16,17,feature,False,PROFILED_ADMISSIBLE,,
17,18,feature,False,PROFILED_ADMISSIBLE,,
18,19,feature,False,PROFILED_ADMISSIBLE,,
19,20,feature,False,PROFILED_ADMISSIBLE,,
20,21,feature,False,PROFILED_ADMISSIBLE,,
21,22,feature,False,PROFILED_ADMISSIBLE,,
22,23,feature,False,PROFILED_ADMISSIBLE,,
23,24,feature,False,PROFILED_ADMISSIBLE,,
24,25,feature,False,PROFILED_ADMISSIBLE,,
25,26,feature,False,PROFILED_ADMISSIBLE,,
26,27,feature,False,PROFILED_ADMISSIBLE,,
27,28,feature,False,PROFILED_ADMISSIBLE,,
28,29,feature,False,PROFILED_ADMISSIBLE,,
29,30,feature,False,PROFILED_ADMISSIBLE,,
30,31,feature,False,PROFILED_ADMISSIBLE,,
31,32,feature,False,PROFILED_ADMISSIBLE,,
32,33,feature,False,PROFILED_ADMISSIBLE,,
33,34,feature,False,PROFILED_ADMISSIBLE,,
34,35,feature,False,PROFILED_ADMISSIBLE,,
35,36,feature,False,PROFILED_ADMISSIBLE,,
36,37,feature,False,PROFILED_ADMISSIBLE,,
37,38,feature,False,PROFILED_ADMISSIBLE,,
38,39,feature,False,PROFILED_ADMISSIBLE,,
39,40,feature,False,PROFILED_ADMISSIBLE,,
40,41,feature,False,PROFILED_ADMISSIBLE,,
41,42,feature,False,PROFILED_ADMISSIBLE,,
42,43,feature,False,PROFILED_ADMISSIBLE,,
43,44,feature,False,PROFILED_ADMISSIBLE,,
44,45,feature,False,PROFILED_ADMISSIBLE,,
45,46,feature,False,PROFILED_ADMISSIBLE,,
46,47,feature,False,PROFILED_ADMISSIBLE,,
47,48,feature,False,PROFILED_ADMISSIBLE,,
48,49,feature,False,PROFILED_ADMISSIBLE,,
49,50,feature,False,PROFILED_ADMISSIBLE,,
50,51,feature,False,PROFILED_ADMISSIBLE,,
51,52,feature,False,PROFILED_ADMISSIBLE,,
52,53,feature,False,PROFILED_ADMISSIBLE,,
53,54,feature,False,PROFILED_ADMISSIBLE,,
54,55,feature,False,PROFILED_ADMISSIBLE,,
55,56,feature,False,PROFILED_ADMISSIBLE,,
56,57,feature,False,PROFILED_ADMISSIBLE,,
57,58,feature,False,PROFILED_ADMISSIBLE,,
58,59,feature,False,PROFILED_ADMISSIBLE,,
59,60,feature,False,PROFILED_ADMISSIBLE,,
60,61,feature,False,PROFILED_ADMISSIBLE,,
61,62,feature,False,PROFILED_ADMISSIBLE,,
62,63,feature,False,PROFILED_ADMISSIBLE,,
63,64,feature,False,PROFILED_ADMISSIBLE,,
64,65,feature,False,PROFILED_ADMISSIBLE,,
65,66,feature,False,PROFILED_ADMISSIBLE,,
66,67,feature,False,PROFILED_ADMISSIBLE,,
67,68,feature,False,PROFILED_ADMISSIBLE,,
68,69,feature,False,PROFILED_ADMISSIBLE,,
69,70,feature,False,PROFILED_ADMISSIBLE,,
70,71,feature,False,PROFILED_ADMISSIBLE,,
71,72,feature,False,PROFILED_ADMISSIBLE,,
72,73,feature,False,PROFILED_ADMISSIBLE,,
73,74,feature,False,PROFILED_ADMISSIBLE,,
74,75,feature,False,PROFILED_ADMISSIBLE,,
75,76,feature,False,PROFILED_ADMISSIBLE,,
76,77,feature,False,PROFILED_ADMISSIBLE,,
77,78,feature,False,PROFILED_ADMISSIBLE,,
78,79,feature,False,PROFILED_ADMISSIBLE,,
79,80,feature,False,PROFILED_ADMISSIBLE,,
80,81,feature,False,PROFILED_ADMISSIBLE,,
81,82,feature,False,PROFILED_ADMISSIBLE,,
82,83,feature,False,PROFILED_ADMISSIBLE,,
83,84,feature,False,PROFILED_ADMISSIBLE,,
84,85,feature,False,PROFILED_ADMISSIBLE,,
85,86,feature,False,PROFILED_ADMISSIBLE,,
86,87,feature,False,PROFILED_ADMISSIBLE,,
87,88,feature,False,PROFILED_ADMISSIBLE,,
88,89,feature,False,PROFILED_ADMISSIBLE,,
89,90,feature,False,PROFILED_ADMISSIBLE,,
90,91,feature,False,PROFILED_ADMISSIBLE,,
91,92,feature,False,PROFILED_ADMISSIBLE,,
92,93,feature,False,PROFILED_ADMISSIBLE,,
93,94,feature,False,PROFILED_ADMISSIBLE,,
94,95,feature,False,PROFILED_ADMISSIBLE,,
95,96,feature,False,PROFILED_ADMISSIBLE,,
96,97,feature,False,PROFILED_ADMISSIBLE,,
97,98,feature,False,PROFILED_ADMISSIBLE,,
98,99,feature,False,PROFILED_ADMISSIBLE,,
99,100,feature,False,PROFILED_ADMISSIBLE,,
100,101,feature,False,PROFILED_ADMISSIBLE,,
101,102,feature,False,PROFILED_ADMISSIBLE,,
102,103,feature,False,PROFILED_ADMISSIBLE,,
103,104,feature,False,PROFILED_ADMISSIBLE,,
104,105,feature,False,PROFILED_ADMISSIBLE,,
105,106,feature,False,PROFILED_ADMISSIBLE,,
106,107,feature,False,PROFILED_ADMISSIBLE,,
107,108,feature,False,PROFILED_ADMISSIBLE,,
108,109,feature,False,PROFILED_ADMISSIBLE,,
109,110,feature,False,PROFILED_ADMISSIBLE,,
110,111,feature,False,PROFILED_ADMISSIBLE,,
111,112,feature,False,PROFILED_ADMISSIBLE,,
112,113,feature,False,PROFILED_ADMISSIBLE,,
113,114,feature,False,PROFILED_ADMISSIBLE,,
114,115,feature,False,PROFILED_ADMISSIBLE,,
115,116,feature,False,PROFILED_ADMISSIBLE,,
116,117,feature,False,PROFILED_ADMISSIBLE,,
117,118,feature,False,PROFILED_ADMISSIBLE,,
118,119,feature,False,PROFILED_ADMISSIBLE,,
119,120,feature,False,PROFILED_ADMISSIBLE,,
120,121,feature,False,PROFILED_ADMISSIBLE,,
121,122,feature,False,PROFILED_ADMISSIBLE,,
122,123,feature,False,PROFILED_ADMISSIBLE,,
123,124,feature,False,PROFILED_ADMISSIBLE,,
124,125,feature,False,PROFILED_ADMISSIBLE,,
125,126,feature,False,PROFILED_ADMISSIBLE,,
126,127,feature,False,PROFILED_ADMISSIBLE,,
127,128,feature,False,PROFILED_ADMISSIBLE,,
128,129,feature,False,PROFILED_ADMISSIBLE,,
129,130,feature,False,PROFILED_ADMISSIBLE,,
130,131,feature,False,PROFILED_ADMISSIBLE,,
131,132,feature,False,PROFILED_ADMISSIBLE,,
132,133,feature,False,PROFILED_ADMISSIBLE,,
133,134,feature,False,PROFILED_ADMISSIBLE,,
134,135,feature,False,PROFILED_ADMISSIBLE,,
135,136,feature,False,PROFILED_ADMISSIBLE,,
136,137,feature,False,PROFILED_ADMISSIBLE,,
137,138,feature,False,PROFILED_ADMISSIBLE,,
138,139,feature,False,PROFILED_ADMISSIBLE,,
139,140,feature,False,PROFILED_ADMISSIBLE,,
140,141,feature,False,PROFILED_ADMISSIBLE,,
141,142,feature,False,PROFILED_ADMISSIBLE,,
142,143,feature,False,PROFILED_ADMISSIBLE,,
143,144,feature,False,PROFILED_ADMISSIBLE,,
144,145,feature,False,PROFILED_ADMISSIBLE,,
145,146,feature,False,PROFILED_ADMISSIBLE,,
146,147,feature,False,PROFILED_ADMISSIBLE,,
147,148,feature,False,PROFILED_ADMISSIBLE,,
148,149,feature,False,PROFILED_ADMISSIBLE,,
149,150,feature,False,PROFILED_ADMISSIBLE,,
150,151,feature,False,PROFILED_ADMISSIBLE,,
151,152,feature,False,PROFILED_ADMISSIBLE,,
152,153,feature,False,PROFILED_ADMISSIBLE,,
153,154,feature,False,PROFILED_ADMISSIBLE,,
154,155,feature,False,PROFILED_ADMISSIBLE,,
155,156,feature,False,PROFILED_ADMISSIBLE,,
156,157,feature,False,PROFILED_ADMISSIBLE,,
157,158,feature,False,PROFILED_ADMISSIBLE,,
158,159,feature,False,PROFILED_ADMISSIBLE,,
159,160,feature,False,PROFILED_ADMISSIBLE,,
160,161,feature,False,PROFILED_ADMISSIBLE,,
161,162,feature,False,PROFILED_ADMISSIBLE,,
162,163,feature,False,PROFILED_ADMISSIBLE,,
163,164,feature,False,PROFILED_ADMISSIBLE,,
164,165,feature,False,PROFILED_ADMISSIBLE,,
165,166,feature,False,PROFILED_ADMISSIBLE,,
166,167,feature,False,PROFILED_ADMISSIBLE,,
167,168,feature,False,PROFILED_ADMISSIBLE,,
168,169,feature,False,PROFILED_ADMISSIBLE,,
169,170,feature,False,PROFILED_ADMISSIBLE,,
170,171,feature,False,PROFILED_ADMISSIBLE,,
171,172,feature,False,PROFILED_ADMISSIBLE,,
172,173,feature,False,PROFILED_ADMISSIBLE,,
173,174,feature,False,PROFILED_ADMISSIBLE,,
174,175,feature,False,PROFILED_ADMISSIBLE,,
175,176,feature,False,PROFILED_ADMISSIBLE,,
176,177,feature,False,PROFILED_ADMISSIBLE,,
177,178,feature,False,PROFILED_ADMISSIBLE,,
178,179,feature,False,PROFILED_ADMISSIBLE,,
179,180,feature,False,PROFILED_ADMISSIBLE,,
180,181,feature,False,PROFILED_ADMISSIBLE,,
181,182,feature,False,PROFILED_ADMISSIBLE,,
182,183,feature,False,PROFILED_ADMISSIBLE,,
183,184,feature,False,PROFILED_ADMISSIBLE,,
184,185,feature,False,PROFILED_ADMISSIBLE,,
185,186,feature,False,PROFILED_ADMISSIBLE,,
186,187,feature,False,PROFILED_ADMISSIBLE,,
187,188,feature,False,PROFILED_ADMISSIBLE,,
188,189,feature,False,PROFILED_ADMISSIBLE,,
189,190,feature,False,PROFILED_ADMISSIBLE,,
190,191,feature,False,PROFILED_ADMISSIBLE,,
191,192,feature,False,PROFILED_ADMISSIBLE,,
192,193,feature,False,PROFILED_ADMISSIBLE,,
193,194,feature,False,PROFILED_ADMISSIBLE,,
194,195,feature,False,PROFILED_ADMISSIBLE,,
195,196,feature,False,PROFILED_ADMISSIBLE,,
196,197,feature,False,PROFILED_ADMISSIBLE,,
197,198,feature,False,PROFILED_ADMISSIBLE,,
198,199,feature,False,PROFILED_ADMISSIBLE,,
199,200,feature,False,PROFILED_ADMISSIBLE,,
200,201,feature,False,PROFILED_ADMISSIBLE,,
201,202,feature,False,PROFILED_ADMISSIBLE,,
202,203,feature,False,PROFILED_ADMISSIBLE,,
203,204,feature,False,PROFILED_ADMISSIBLE,,
204,205,feature,False,PROFILED_ADMISSIBLE,,
205,206,feature,False,PROFILED_ADMISSIBLE,,
206,207,feature,False,PROFILED_ADMISSIBLE,,
207,208,feature,False,PROFILED_ADMISSIBLE,,
208,209,feature,False,PROFILED_ADMISSIBLE,,
209,210,feature,False,PROFILED_ADMISSIBLE,,
210,211,feature,False,PROFILED_ADMISSIBLE,,
211,212,feature,False,PROFILED_ADMISSIBLE,,
212,213,feature,False,PROFILED_ADMISSIBLE,,
213,214,feature,False,PROFILED_ADMISSIBLE,,
214,215,feature,False,PROFILED_ADMISSIBLE,,
215,216,feature,False,PROFILED_ADMISSIBLE,,
216,217,feature,False,PROFILED_ADMISSIBLE,,
217,218,feature,False,PROFILED_ADMISSIBLE,,
218,219,feature,False,PROFILED_ADMISSIBLE,,
219,220,feature,False,PROFILED_ADMISSIBLE,,
220,221,feature,False,PROFILED_ADMISSIBLE,,
221,222,feature,False,PROFILED_ADMISSIBLE,,
222,223,feature,False,PROFILED_ADMISSIBLE,,
223,224,feature,False,PROFILED_ADMISSIBLE,,
224,225,feature,False,PROFILED_ADMISSIBLE,,
225,226,feature,False,PROFILED_ADMISSIBLE,,
226,227,feature,False,PROFILED_ADMISSIBLE,,
227,228,feature,False,PROFILED_ADMISSIBLE,,
228,229,feature,False,PROFILED_ADMISSIBLE,,
229,230,feature,False,PROFILED_ADMISSIBLE,,
230,231,feature,False,PROFILED_ADMISSIBLE,,
231,232,feature,False,PROFILED_ADMISSIBLE,,
232,233,feature,False,PROFILED_ADMISSIBLE,,
233,234,feature,False,PROFILED_ADMISSIBLE,,
234,235,feature,False,PROFILED_ADMISSIBLE,,
235,236,feature,False,PROFILED_ADMISSIBLE,,
236,237,feature,False,PROFILED_ADMISSIBLE,,
237,238,feature,False,PROFILED_ADMISSIBLE,,
238,239,feature,False,PROFILED_ADMISSIBLE,,
239,240,feature,False,PROFILED_ADMISSIBLE,,
240,241,feature,False,PROFILED_ADMISSIBLE,,
241,242,feature,False,PROFILED_ADMISSIBLE,,
242,243,feature,False,PROFILED_ADMISSIBLE,,
243,244,feature,False,PROFILED_ADMISSIBLE,,
244,245,feature,False,PROFILED_ADMISSIBLE,,
245,246,feature,False,PROFILED_ADMISSIBLE,,
246,247,feature,False,PROFILED_ADMISSIBLE,,
247,248,feature,False,PROFILED_ADMISSIBLE,,
248,249,feature,False,PROFILED_ADMISSIBLE,,
249,250,feature,False,PROFILED_ADMISSIBLE,,
250,251,feature,False,PROFILED_ADMISSIBLE,,
251,252,feature,False,PROFILED_ADMISSIBLE,,
252,253,feature,False,PROFILED_ADMISSIBLE,,
253,254,feature,False,PROFILED_ADMISSIBLE,,
254,255,feature,False,PROFILED_ADMISSIBLE,,
255,256,feature,False,PROFILED_ADMISSIBLE,,
256,257,feature,False,PROFILED_ADMISSIBLE,,
257,258,feature,False,PROFILED_ADMISSIBLE,,
258,259,feature,False,PROFILED_ADMISSIBLE,,
259,260,feature,False,PROFILED_ADMISSIBLE,,
260,261,feature,False,PROFILED_ADMISSIBLE,,
261,262,feature,False,PROFILED_ADMISSIBLE,,
262,263,feature,False,PROFILED_ADMISSIBLE,,
263,264,feature,False,PROFILED_ADMISSIBLE,,
264,265,feature,False,PROFILED_ADMISSIBLE,,
265,266,feature,False,PROFILED_ADMISSIBLE,,
266,267,feature,False,PROFILED_ADMISSIBLE,,
267,268,feature,False,PROFILED_ADMISSIBLE,,
268,269,feature,False,PROFILED_ADMISSIBLE,,
269,270,feature,False,PROFILED_ADMISSIBLE,,
270,271,feature,False,PROFILED_ADMISSIBLE,,
271,272,feature,False,PROFILED_ADMISSIBLE,,
272,273,feature,False,PROFILED_ADMISSIBLE,,
273,274,feature,False,PROFILED_ADMISSIBLE,,
274,275,feature,False,PROFILED_ADMISSIBLE,,
275,276,feature,False,PROFILED_ADMISSIBLE,,
276,277,feature,False,PROFILED_ADMISSIBLE,,
277,278,feature,False,PROFILED_ADMISSIBLE,,
278,279,feature,False,PROFILED_ADMISSIBLE,,
279,280,feature,False,PROFILED_ADMISSIBLE,,
280,281,feature,False,PROFILED_ADMISSIBLE,,
281,282,feature,False,PROFILED_ADMISSIBLE,,
282,283,feature,False,PROFILED_ADMISSIBLE,,
283,284,feature,False,PROFILED_ADMISSIBLE,,
284,285,feature,False,PROFILED_ADMISSIBLE,,
285,286,feature,False,PROFILED_ADMISSIBLE,,
286,287,feature,False,PROFILED_ADMISSIBLE,,
287,288,feature,False,PROFILED_ADMISSIBLE,,
288,289,feature,False,PROFILED_ADMISSIBLE,,
289,290,feature,False,PROFILED_ADMISSIBLE,,
290,291,feature,False,PROFILED_ADMISSIBLE,,
291,292,feature,False,PROFILED_ADMISSIBLE,,
292,293,feature,False,PROFILED_ADMISSIBLE,,
293,294,feature,False,PROFILED_ADMISSIBLE,,
294,295,feature,False,PROFILED_ADMISSIBLE,,
295,296,feature,False,PROFILED_ADMISSIBLE,,
296,297,feature,False,PROFILED_ADMISSIBLE,,
297,298,feature,False,PROFILED_ADMISSIBLE,,
298,299,feature,False,PROFILED_ADMISSIBLE,,
299,300,feature,False,PROFILED_ADMISSIBLE,,
300,301,feature,False,PROFILED_ADMISSIBLE,,
301,302,feature,False,PROFILED_ADMISSIBLE,,
302,303,feature,False,PROFILED_ADMISSIBLE,,
303,304,feature,False,PROFILED_ADMISSIBLE,,
304,305,feature,False,PROFILED_ADMISSIBLE,,
305,306,feature,False,PROFILED_ADMISSIBLE,,
306,307,feature,False,PROFILED_ADMISSIBLE,,
307,308,feature,False,PROFILED_ADMISSIBLE,,
308,309,feature,False,PROFILED_ADMISSIBLE,,
309,310,feature,False,PROFILED_ADMISSIBLE,,
310,311,feature,False,PROFILED_ADMISSIBLE,,
311,312,feature,False,PROFILED_ADMISSIBLE,,
312,313,feature,False,PROFILED_ADMISSIBLE,,
313,314,feature,False,PROFILED_ADMISSIBLE,,
314,315,feature,False,PROFILED_ADMISSIBLE,,
315,316,feature,False,PROFILED_ADMISSIBLE,,
316,317,feature,False,PROFILED_ADMISSIBLE,,
317,318,feature,False,PROFILED_ADMISSIBLE,,
318,319,feature,False,PROFILED_ADMISSIBLE,,
319,320,feature,False,PROFILED_ADMISSIBLE,,
320,321,feature,False,PROFILED_ADMISSIBLE,,
321,322,feature,False,PROFILED_ADMISSIBLE,,
322,323,feature,False,PROFILED_ADMISSIBLE,,
323,324,feature,False,PROFILED_ADMISSIBLE,,
324,325,feature,False,PROFILED_ADMISSIBLE,,
325,326,feature,False,PROFILED_ADMISSIBLE,,
326,327,feature,False,PROFILED_ADMISSIBLE,,
327,328,feature,False,PROFILED_ADMISSIBLE,,
328,329,feature,False,PROFILED_ADMISSIBLE,,
329,330,feature,False,PROFILED_ADMISSIBLE,,
330,331,feature,False,PROFILED_ADMISSIBLE,,
331,332,feature,False,PROFILED_ADMISSIBLE,,
332,333,feature,False,PROFILED_ADMISSIBLE,,
333,334,feature,False,PROFILED_ADMISSIBLE,,
334,335,feature,False,PROFILED_ADMISSIBLE,,
335,336,feature,False,PROFILED_ADMISSIBLE,,
336,337,feature,False,PROFILED_ADMISSIBLE,,
337,338,feature,False,PROFILED_ADMISSIBLE,,
338,339,feature,False,PROFILED_ADMISSIBLE,,
339,340,feature,False,PROFILED_ADMISSIBLE,,
340,341,feature,False,PROFILED_ADMISSIBLE,,
341,342,feature,False,PROFILED_ADMISSIBLE,,
342,343,feature,False,PROFILED_ADMISSIBLE,,
343,344,feature,False,PROFILED_ADMISSIBLE,,
344,345,feature,False,PROFILED_ADMISSIBLE,,
345,346,feature,False,PROFILED_ADMISSIBLE,,
346,347,feature,False,PROFILED_ADMISSIBLE,,
347,348,feature,False,PROFILED_ADMISSIBLE,,
348,349,feature,False,PROFILED_ADMISSIBLE,,
349,350,feature,False,PROFILED_ADMISSIBLE,,
350,351,feature,False,PROFILED_ADMISSIBLE,,
351,352,feature,False,PROFILED_ADMISSIBLE,,
352,353,feature,False,PROFILED_ADMISSIBLE,,
353,354,feature,False,PROFILED_ADMISSIBLE,,
354,355,feature,False,PROFILED_ADMISSIBLE,,
355,356,feature,False,PROFILED_ADMISSIBLE,,
356,357,feature,False,PROFILED_ADMISSIBLE,,
357,358,feature,False,PROFILED_ADMISSIBLE,,
358,359,feature,False,PROFILED_ADMISSIBLE,,
359,360,feature,False,PROFILED_ADMISSIBLE,,
360,361,feature,False,PROFILED_ADMISSIBLE,,
361,362,feature,False,PROFILED_ADMISSIBLE,,
362,363,feature,False,PROFILED_ADMISSIBLE,,
363,364,feature,False,PROFILED_ADMISSIBLE,,
364,365,feature,False,PROFILED_ADMISSIBLE,,
365,366,feature,False,PROFILED_ADMISSIBLE,,
366,367,feature,False,PROFILED_ADMISSIBLE,,
367,368,feature,False,PROFILED_ADMISSIBLE,,
368,369,feature,False,PROFILED_ADMISSIBLE,,
369,370,feature,False,PROFILED_ADMISSIBLE,,
370,371,feature,False,PROFILED_ADMISSIBLE,,
371,372,feature,False,PROFILED_ADMISSIBLE,,
372,373,feature,False,PROFILED_ADMISSIBLE,,
373,374,feature,False,PROFILED_ADMISSIBLE,,
374,375,feature,False,PROFILED_ADMISSIBLE,,
375,376,feature,False,PROFILED_ADMISSIBLE,,
376,377,feature,False,PROFILED_ADMISSIBLE,,
377,378,feature,False,PROFILED_ADMISSIBLE,,
378,379,feature,False,PROFILED_ADMISSIBLE,,
379,380,feature,False,PROFILED_ADMISSIBLE,,
380,381,feature,False,PROFILED_ADMISSIBLE,,
381,382,feature,False,PROFILED_ADMISSIBLE,,
382,383,feature,False,PROFILED_ADMISSIBLE,,
383,384,feature,False,PROFILED_ADMISSIBLE,,
384,385,feature,False,PROFILED_ADMISSIBLE,,
385,386,feature,False,PROFILED_ADMISSIBLE,,
386,387,feature,False,PROFILED_ADMISSIBLE,,
387,388,feature,False,PROFILED_ADMISSIBLE,,
388,389,feature,False,PROFILED_ADMISSIBLE,,
389,390,feature,False,PROFILED_ADMISSIBLE,,
390,391,feature,False,PROFILED_ADMISSIBLE,,
391,392,feature,False,PROFILED_ADMISSIBLE,,
392,393,feature,False,PROFILED_ADMISSIBLE,,
393,394,feature,False,PROFILED_ADMISSIBLE,,
394,395,feature,False,PROFILED_ADMISSIBLE,,
395,396,feature,False,PROFILED_ADMISSIBLE,,
396,397,feature,False,PROFILED_ADMISSIBLE,,
397,398,feature,False,PROFILED_ADMISSIBLE,,
398,399,feature,False,PROFILED_ADMISSIBLE,,
399,400,feature,False,PROFILED_ADMISSIBLE,,
400,401,feature,False,PROFILED_ADMISSIBLE,,
401,402,feature,False,PROFILED_ADMISSIBLE,,
402,403,feature,False,PROFILED_ADMISSIBLE,,
403,404,feature,False,PROFILED_ADMISSIBLE,,
404,405,feature,False,PROFILED_ADMISSIBLE,,
405,406,feature,False,PROFILED_ADMISSIBLE,,
406,407,feature,False,PROFILED_ADMISSIBLE,,
407,408,feature,False,PROFILED_ADMISSIBLE,,
408,409,feature,False,PROFILED_ADMISSIBLE,,
409,410,feature,False,PROFILED_ADMISSIBLE,,
410,411,feature,False,PROFILED_ADMISSIBLE,,
411,412,feature,False,PROFILED_ADMISSIBLE,,
412,413,feature,False,PROFILED_ADMISSIBLE,,
413,414,feature,False,PROFILED_ADMISSIBLE,,
414,415,feature,False,PROFILED_ADMISSIBLE,,
415,416,feature,False,PROFILED_ADMISSIBLE,,
416,417,feature,False,PROFILED_ADMISSIBLE,,
417,418,feature,False,PROFILED_ADMISSIBLE,,
418,419,feature,False,PROFILED_ADMISSIBLE,,
419,420,feature,False,PROFILED_ADMISSIBLE,,
420,421,feature,False,PROFILED_ADMISSIBLE,,
421,422,feature,False,PROFILED_ADMISSIBLE,,
422,423,feature,False,PROFILED_ADMISSIBLE,,
423,424,feature,False,PROFILED_ADMISSIBLE,,
424,425,feature,False,PROFILED_ADMISSIBLE,,
425,426,feature,False,PROFILED_ADMISSIBLE,,
426,427,feature,False,PROFILED_ADMISSIBLE,,
427,428,feature,False,PROFILED_ADMISSIBLE,,
428,429,feature,False,PROFILED_ADMISSIBLE,,
429,430,feature,False,PROFILED_ADMISSIBLE,,
430,431,feature,False,PROFILED_ADMISSIBLE,,
431,432,feature,False,PROFILED_ADMISSIBLE,,
432,433,feature,False,PROFILED_ADMISSIBLE,,
433,434,feature,False,PROFILED_ADMISSIBLE,,
434,435,feature,False,PROFILED_ADMISSIBLE,,
435,436,feature,False,PROFILED_ADMISSIBLE,,
436,437,feature,False,PROFILED_ADMISSIBLE,,
437,438,feature,False,PROFILED_ADMISSIBLE,,
438,439,feature,False,PROFILED_ADMISSIBLE,,
439,440,feature,False,PROFILED_ADMISSIBLE,,
440,441,feature,False,PROFILED_ADMISSIBLE,,
441,442,feature,False,PROFILED_ADMISSIBLE,,
442,443,feature,False,PROFILED_ADMISSIBLE,,
443,444,feature,False,PROFILED_ADMISSIBLE,,
444,445,feature,False,PROFILED_ADMISSIBLE,,
445,446,feature,False,PROFILED_ADMISSIBLE,,
446,447,feature,False,PROFILED_ADMISSIBLE,,
447,448,feature,False,PROFILED_ADMISSIBLE,,
448,449,feature,False,PROFILED_ADMISSIBLE,,
449,450,feature,False,PROFILED_ADMISSIBLE,,
450,451,feature,False,PROFILED_ADMISSIBLE,,
451,452,feature,False,PROFILED_ADMISSIBLE,,
452,453,feature,False,PROFILED_ADMISSIBLE,,
453,454,feature,False,PROFILED_ADMISSIBLE,,
454,455,feature,False,PROFILED_ADMISSIBLE,,
455,456,feature,False,PROFILED_ADMISSIBLE,,
456,457,feature,False,PROFILED_ADMISSIBLE,,
457,458,feature,False,PROFILED_ADMISSIBLE,,
458,459,feature,False,PROFILED_ADMISSIBLE,,
459,460,feature,False,PROFILED_ADMISSIBLE,,
460,461,feature,False,PROFILED_ADMISSIBLE,,
461,462,feature,False,PROFILED_ADMISSIBLE,,
462,463,feature,False,PROFILED_ADMISSIBLE,,
463,464,feature,False,PROFILED_ADMISSIBLE,,
464,465,feature,False,PROFILED_ADMISSIBLE,,
465,466,feature,False,PROFILED_ADMISSIBLE,,
466,467,feature,False,PROFILED_ADMISSIBLE,,
467,468,feature,False,PROFILED_ADMISSIBLE,,
468,469,feature,False,PROFILED_ADMISSIBLE,,
469,470,feature,False,PROFILED_ADMISSIBLE,,
470,471,feature,False,PROFILED_ADMISSIBLE,,
471,472,feature,False,PROFILED_ADMISSIBLE,,
472,473,feature,False,PROFILED_ADMISSIBLE,,
473,474,feature,False,PROFILED_ADMISSIBLE,,
474,475,feature,False,PROFILED_ADMISSIBLE,,
475,476,feature,False,PROFILED_ADMISSIBLE,,
476,477,feature,False,PROFILED_ADMISSIBLE,,
477,478,feature,False,PROFILED_ADMISSIBLE,,
478,479,feature,False,PROFILED_ADMISSIBLE,,
479,480,feature,False,PROFILED_ADMISSIBLE,,
480,481,feature,False,PROFILED_ADMISSIBLE,,
481,482,feature,False,PROFILED_ADMISSIBLE,,
482,483,feature,False,PROFILED_ADMISSIBLE,,
483,484,feature,False,PROFILED_ADMISSIBLE,,
484,485,feature,False,PROFILED_ADMISSIBLE,,
485,486,feature,False,PROFILED_ADMISSIBLE,,
486,487,feature,False,PROFILED_ADMISSIBLE,,
487,488,feature,False,PROFILED_ADMISSIBLE,,
488,489,feature,False,PROFILED_ADMISSIBLE,,
489,490,feature,False,PROFILED_ADMISSIBLE,,
490,491,feature,False,PROFILED_ADMISSIBLE,,
491,492,feature,False,PROFILED_ADMISSIBLE,,
492,493,feature,False,PROFILED_ADMISSIBLE,,
493,494,feature,False,PROFILED_ADMISSIBLE,,
494,495,feature,False,PROFILED_ADMISSIBLE,,
495,496,feature,False,PROFILED_ADMISSIBLE,,
496,497,feature,False,PROFILED_ADMISSIBLE,,
497,498,feature,False,PROFILED_ADMISSIBLE,,
498,499,feature,False,PROFILED_ADMISSIBLE,,
499,500,feature,False,PROFILED_ADMISSIBLE,,
500,501,feature,False,PROFILED_ADMISSIBLE,,
501,502,feature,False,PROFILED_ADMISSIBLE,,
502,503,feature,False,PROFILED_ADMISSIBLE,,
503,504,feature,False,PROFILED_ADMISSIBLE,,
504,505,feature,False,PROFILED_ADMISSIBLE,,
505,506,feature,False,PROFILED_ADMISSIBLE,,
506,507,feature,False,PROFILED_ADMISSIBLE,,
507,508,feature,False,PROFILED_ADMISSIBLE,,
508,509,feature,False,PROFILED_ADMISSIBLE,,
509,510,feature,False,PROFILED_ADMISSIBLE,,
510,511,feature,False,PROFILED_ADMISSIBLE,,
511,512,feature,False,PROFILED_ADMISSIBLE,,
512,513,feature,False,PROFILED_ADMISSIBLE,,
513,514,feature,False,PROFILED_ADMISSIBLE,,
514,515,feature,False,PROFILED_ADMISSIBLE,,
515,516,feature,False,PROFILED_ADMISSIBLE,,
516,517,feature,False,PROFILED_ADMISSIBLE,,
517,518,feature,False,PROFILED_ADMISSIBLE,,
518,519,feature,False,PROFILED_ADMISSIBLE,,
519,520,feature,False,PROFILED_ADMISSIBLE,,
520,521,feature,False,PROFILED_ADMISSIBLE,,
521,522,feature,False,PROFILED_ADMISSIBLE,,
522,523,feature,False,PROFILED_ADMISSIBLE,,
523,524,feature,False,PROFILED_ADMISSIBLE,,
524,525,feature,False,PROFILED_ADMISSIBLE,,
525,526,feature,False,PROFILED_ADMISSIBLE,,
526,527,feature,False,PROFILED_ADMISSIBLE,,
527,528,feature,False,PROFILED_ADMISSIBLE,,
528,529,feature,False,PROFILED_ADMISSIBLE,,
529,530,feature,False,PROFILED_ADMISSIBLE,,
530,531,feature,False,PROFILED_ADMISSIBLE,,
531,532,feature,False,PROFILED_ADMISSIBLE,,
532,533,feature,False,PROFILED_ADMISSIBLE,,
533,534,feature,False,PROFILED_ADMISSIBLE,,
534,535,feature,False,PROFILED_ADMISSIBLE,,
535,536,feature,False,PROFILED_ADMISSIBLE,,
536,537,feature,False,PROFILED_ADMISSIBLE,,
537,538,feature,False,PROFILED_ADMISSIBLE,,
538,539,feature,False,PROFILED_ADMISSIBLE,,
539,540,feature,False,PROFILED_ADMISSIBLE,,
540,541,feature,False,PROFILED_ADMISSIBLE,,
541,542,feature,False,PROFILED_ADMISSIBLE,,
542,543,feature,False,PROFILED_ADMISSIBLE,,
543,544,feature,False,PROFILED_ADMISSIBLE,,
544,545,feature,False,PROFILED_ADMISSIBLE,,
545,546,feature,False,PROFILED_ADMISSIBLE,,
546,547,feature,False,PROFILED_ADMISSIBLE,,
547,548,feature,False,PROFILED_ADMISSIBLE,,
548,549,feature,False,PROFILED_ADMISSIBLE,,
549,550,feature,False,PROFILED_ADMISSIBLE,,
550,551,feature,False,PROFILED_ADMISSIBLE,,
551,552,feature,False,PROFILED_ADMISSIBLE,,
552,553,feature,False,PROFILED_ADMISSIBLE,,
553,554,feature,False,PROFILED_ADMISSIBLE,,
554,555,feature,False,PROFILED_ADMISSIBLE,,
555,556,feature,False,PROFILED_ADMISSIBLE,,
556,557,feature,False,PROFILED_ADMISSIBLE,,
557,558,feature,False,PROFILED_ADMISSIBLE,,
558,559,feature,False,PROFILED_ADMISSIBLE,,
559,560,feature,False,PROFILED_ADMISSIBLE,,
560,561,feature,False,PROFILED_ADMISSIBLE,,
561,562,feature,False,PROFILED_ADMISSIBLE,,
562,563,feature,False,PROFILED_ADMISSIBLE,,
563,564,feature,False,PROFILED_ADMISSIBLE,,
564,565,feature,False,PROFILED_ADMISSIBLE,,
565,566,feature,False,PROFILED_ADMISSIBLE,,
566,567,feature,False,PROFILED_ADMISSIBLE,,
567,568,feature,False,PROFILED_ADMISSIBLE,,
568,569,feature,False,PROFILED_ADMISSIBLE,,
569,570,feature,False,PROFILED_ADMISSIBLE,,
570,571,feature,False,PROFILED_ADMISSIBLE,,
571,572,feature,False,PROFILED_ADMISSIBLE,,
572,573,feature,False,PROFILED_ADMISSIBLE,,
573,574,feature,False,PROFILED_ADMISSIBLE,,
574,575,feature,False,PROFILED_ADMISSIBLE,,
575,576,feature,False,PROFILED_ADMISSIBLE,,
576,577,feature,False,PROFILED_ADMISSIBLE,,
577,578,feature,False,PROFILED_ADMISSIBLE,,
578,579,feature,False,PROFILED_ADMISSIBLE,,
579,580,feature,False,PROFILED_ADMISSIBLE,,
580,581,feature,False,PROFILED_ADMISSIBLE,,
581,582,feature,False,PROFILED_ADMISSIBLE,,
582,583,feature,False,PROFILED_ADMISSIBLE,,
583,584,feature,False,PROFILED_ADMISSIBLE,,
584,585,feature,False,PROFILED_ADMISSIBLE,,
585,586,feature,False,PROFILED_ADMISSIBLE,,
586,587,feature,False,PROFILED_ADMISSIBLE,,
587,588,feature,False,PROFILED_ADMISSIBLE,,
588,589,feature,False,PROFILED_ADMISSIBLE,,
589,590,feature,False,PROFILED_ADMISSIBLE,,
590,591,feature,False,PROFILED_ADMISSIBLE,,
591,592,feature,False,PROFILED_ADMISSIBLE,,
592,593,feature,False,PROFILED_ADMISSIBLE,,
593,594,feature,False,PROFILED_ADMISSIBLE,,
594,595,feature,False,PROFILED_ADMISSIBLE,,
595,596,feature,False,PROFILED_ADMISSIBLE,,
596,597,feature,False,PROFILED_ADMISSIBLE,,
597,598,feature,False,PROFILED_ADMISSIBLE,,
598,599,feature,False,PROFILED_ADMISSIBLE,,
599,600,feature,False,PROFILED_ADMISSIBLE,,
600,601,feature,False,PROFILED_ADMISSIBLE,,
601,602,feature,False,PROFILED_ADMISSIBLE,,
602,603,feature,False,PROFILED_ADMISSIBLE,,
603,604,feature,False,PROFILED_ADMISSIBLE,,
604,605,feature,False,PROFILED_ADMISSIBLE,,
605,606,feature,False,PROFILED_ADMISSIBLE,,
606,607,feature,False,PROFILED_ADMISSIBLE,,
607,608,feature,False,PROFILED_ADMISSIBLE,,
608,609,feature,False,PROFILED_ADMISSIBLE,,
609,610,feature,False,PROFILED_ADMISSIBLE,,
610,611,feature,False,PROFILED_ADMISSIBLE,,
611,612,feature,False,PROFILED_ADMISSIBLE,,
612,613,feature,False,PROFILED_ADMISSIBLE,,
613,614,feature,False,PROFILED_ADMISSIBLE,,
614,615,feature,False,PROFILED_ADMISSIBLE,,
615,616,feature,False,PROFILED_ADMISSIBLE,,
616,617,feature,False,PROFILED_ADMISSIBLE,,
617,618,feature,False,PROFILED_ADMISSIBLE,,
618,619,feature,False,PROFILED_ADMISSIBLE,,
619,620,feature,False,PROFILED_ADMISSIBLE,,
620,621,feature,False,PROFILED_ADMISSIBLE,,
621,622,feature,False,PROFILED_ADMISSIBLE,,
622,623,feature,False,PROFILED_ADMISSIBLE,,
623,624,feature,False,PROFILED_ADMISSIBLE,,
624,625,feature,False,PROFILED_ADMISSIBLE,,
625,626,feature,False,PROFILED_ADMISSIBLE,,
626,627,feature,False,PROFILED_ADMISSIBLE,,
627,628,feature,False,PROFILED_ADMISSIBLE,,
628,629,feature,False,PROFILED_ADMISSIBLE,,
629,630,feature,False,PROFILED_ADMISSIBLE,,
630,631,feature,False,PROFILED_ADMISSIBLE,,
631,632,feature,False,PROFILED_ADMISSIBLE,,
632,633,feature,False,PROFILED_ADMISSIBLE,,
633,634,feature,False,PROFILED_ADMISSIBLE,,
634,635,feature,False,PROFILED_ADMISSIBLE,,
635,636,feature,False,PROFILED_ADMISSIBLE,,
636,637,feature,False,PROFILED_ADMISSIBLE,,
637,638,feature,False,PROFILED_ADMISSIBLE,,
638,639,feature,False,PROFILED_ADMISSIBLE,,
639,640,feature,False,PROFILED_ADMISSIBLE,,
640,641,feature,False,PROFILED_ADMISSIBLE,,
641,642,feature,False,PROFILED_ADMISSIBLE,,
642,643,feature,False,PROFILED_ADMISSIBLE,,
643,644,feature,False,PROFILED_ADMISSIBLE,,
644,645,feature,False,PROFILED_ADMISSIBLE,,
645,646,feature,False,PROFILED_ADMISSIBLE,,
646,647,feature,False,PROFILED_ADMISSIBLE,,
647,648,feature,False,PROFILED_ADMISSIBLE,,
648,649,feature,False,PROFILED_ADMISSIBLE,,
649,650,feature,False,PROFILED_ADMISSIBLE,,
650,651,feature,False,PROFILED_ADMISSIBLE,,
651,652,feature,False,PROFILED_ADMISSIBLE,,
652,653,feature,False,PROFILED_ADMISSIBLE,,
653,654,feature,False,PROFILED_ADMISSIBLE,,
654,655,feature,False,PROFILED_ADMISSIBLE,,
655,656,feature,False,PROFILED_ADMISSIBLE,,
656,657,feature,False,PROFILED_ADMISSIBLE,,
657,658,feature,False,PROFILED_ADMISSIBLE,,
658,659,feature,False,PROFILED_ADMISSIBLE,,
659,660,feature,False,PROFILED_ADMISSIBLE,,
660,661,feature,False,PROFILED_ADMISSIBLE,,
661,662,feature,False,PROFILED_ADMISSIBLE,,
662,663,feature,False,PROFILED_ADMISSIBLE,,
663,664,feature,False,PROFILED_ADMISSIBLE,,
664,665,feature,False,PROFILED_ADMISSIBLE,,
665,666,feature,False,PROFILED_ADMISSIBLE,,
666,667,feature,False,PROFILED_ADMISSIBLE,,
667,668,feature,False,PROFILED_ADMISSIBLE,,
668,669,feature,False,PROFILED_ADMISSIBLE,,
669,670,feature,False,PROFILED_ADMISSIBLE,,
670,671,feature,False,PROFILED_ADMISSIBLE,,
671,672,feature,False,PROFILED_ADMISSIBLE,,
672,673,feature,False,PROFILED_ADMISSIBLE,,
673,674,feature,False,PROFILED_ADMISSIBLE,,
674,675,feature,False,PROFILED_ADMISSIBLE,,
675,676,feature,False,PROFILED_ADMISSIBLE,,
676,677,feature,False,PROFILED_ADMISSIBLE,,
677,678,feature,False,PROFILED_ADMISSIBLE,,
678,679,feature,False,PROFILED_ADMISSIBLE,,
679,680,feature,False,PROFILED_ADMISSIBLE,,
680,681,feature,False,PROFILED_ADMISSIBLE,,
681,682,feature,False,PROFILED_ADMISSIBLE,,
682,683,feature,False,PROFILED_ADMISSIBLE,,
683,684,feature,False,PROFILED_ADMISSIBLE,,
684,685,feature,False,PROFILED_ADMISSIBLE,,
685,686,feature,False,PROFILED_ADMISSIBLE,,
686,687,feature,False,PROFILED_ADMISSIBLE,,
687,688,feature,False,PROFILED_ADMISSIBLE,,
688,689,feature,False,PROFILED_ADMISSIBLE,,
689,690,feature,False,PROFILED_ADMISSIBLE,,
690,691,feature,False,PROFILED_ADMISSIBLE,,
691,692,feature,False,PROFILED_ADMISSIBLE,,
692,693,feature,False,PROFILED_ADMISSIBLE,,
693,694,feature,False,PROFILED_ADMISSIBLE,,
694,695,feature,False,PROFILED_ADMISSIBLE,,
695,696,feature,False,PROFILED_ADMISSIBLE,,
696,697,feature,False,PROFILED_ADMISSIBLE,,
697,698,feature,False,PROFILED_ADMISSIBLE,,
698,699,feature,False,PROFILED_ADMISSIBLE,,
699,700,feature,False,PROFILED_ADMISSIBLE,,
700,701,feature,False,PROFILED_ADMISSIBLE,,
701,702,feature,False,PROFILED_ADMISSIBLE,,
702,703,feature,False,PROFILED_ADMISSIBLE,,
703,704,feature,False,PROFILED_ADMISSIBLE,,
704,705,feature,False,PROFILED_ADMISSIBLE,,
705,706,feature,False,PROFILED_ADMISSIBLE,,
706,707,feature,False,PROFILED_ADMISSIBLE,,
707,708,feature,False,PROFILED_ADMISSIBLE,,
708,709,feature,False,PROFILED_ADMISSIBLE,,
709,710,feature,False,PROFILED_ADMISSIBLE,,
710,711,feature,False,PROFILED_ADMISSIBLE,,
711,712,feature,False,PROFILED_ADMISSIBLE,,
712,713,feature,False,PROFILED_ADMISSIBLE,,
713,714,feature,False,PROFILED_ADMISSIBLE,,
714,715,feature,False,PROFILED_ADMISSIBLE,,
715,716,feature,False,PROFILED_ADMISSIBLE,,
716,717,feature,False,PROFILED_ADMISSIBLE,,
717,718,feature,False,PROFILED_ADMISSIBLE,,
718,719,feature,False,PROFILED_ADMISSIBLE,,
719,720,feature,False,PROFILED_ADMISSIBLE,,
720,721,feature,False,PROFILED_ADMISSIBLE,,
721,722,feature,False,PROFILED_ADMISSIBLE,,
722,723,feature,False,PROFILED_ADMISSIBLE,,
723,724,feature,False,PROFILED_ADMISSIBLE,,
724,725,feature,False,PROFILED_ADMISSIBLE,,
725,726,feature,False,PROFILED_ADMISSIBLE,,
726,727,feature,False,PROFILED_ADMISSIBLE,,
727,728,feature,False,PROFILED_ADMISSIBLE,,
728,729,feature,False,PROFILED_ADMISSIBLE,,
729,730,feature,False,PROFILED_ADMISSIBLE,,
730,731,feature,False,PROFILED_ADMISSIBLE,,
731,732,feature,False,PROFILED_ADMISSIBLE,,
732,733,feature,False,PROFILED_ADMISSIBLE,,
733,734,feature,False,PROFILED_ADMISSIBLE,,
734,735,feature,False,PROFILED_ADMISSIBLE,,
735,736,feature,False,PROFILED_ADMISSIBLE,,
736,737,feature,False,PROFILED_ADMISSIBLE,,
737,738,feature,False,PROFILED_ADMISSIBLE,,
738,739,feature,False,PROFILED_ADMISSIBLE,,
739,740,feature,False,PROFILED_ADMISSIBLE,,
740,741,feature,False,PROFILED_ADMISSIBLE,,
741,742,feature,False,PROFILED_ADMISSIBLE,,
742,743,feature,False,PROFILED_ADMISSIBLE,,
743,744,feature,False,PROFILED_ADMISSIBLE,,
744,745,feature,False,PROFILED_ADMISSIBLE,,
745,746,feature,False,PROFILED_ADMISSIBLE,,
746,747,feature,False,PROFILED_ADMISSIBLE,,
747,748,feature,False,PROFILED_ADMISSIBLE,,
748,749,feature,False,PROFILED_ADMISSIBLE,,
749,750,feature,False,PROFILED_ADMISSIBLE,,
750,751,feature,False,PROFILED_ADMISSIBLE,,
751,752,feature,False,PROFILED_ADMISSIBLE,,
752,753,feature,False,PROFILED_ADMISSIBLE,,
753,754,feature,False,PROFILED_ADMISSIBLE,,
754,755,feature,False,PROFILED_ADMISSIBLE,,
755,756,feature,False,PROFILED_ADMISSIBLE,,
756,757,feature,False,PROFILED_ADMISSIBLE,,
757,758,feature,False,PROFILED_ADMISSIBLE,,
758,759,feature,False,PROFILED_ADMISSIBLE,,
759,760,feature,False,PROFILED_ADMISSIBLE,,
760,761,feature,False,PROFILED_ADMISSIBLE,,
761,762,feature,False,PROFILED_ADMISSIBLE,,
762,763,feature,False,PROFILED_ADMISSIBLE,,
763,764,feature,False,PROFILED_ADMISSIBLE,,
764,765,feature,False,PROFILED_ADMISSIBLE,,
765,766,feature,False,PROFILED_ADMISSIBLE,,
766,767,feature,False,PROFILED_ADMISSIBLE,,
767,768,feature,False,PROFILED_ADMISSIBLE,,
768,769,feature,False,PROFILED_ADMISSIBLE,,
769,770,feature,False,PROFILED_ADMISSIBLE,,
770,771,feature,False,PROFILED_ADMISSIBLE,,
771,772,feature,False,PROFILED_ADMISSIBLE,,
772,773,feature,False,PROFILED_ADMISSIBLE,,
773,774,feature,False,PROFILED_ADMISSIBLE,,
774,775,feature,False,PROFILED_ADMISSIBLE,,
775,776,feature,False,PROFILED_ADMISSIBLE,,
776,777,feature,False,PROFILED_ADMISSIBLE,,
777,778,feature,False,PROFILED_ADMISSIBLE,,
778,779,feature,False,PROFILED_ADMISSIBLE,,
779,780,feature,False,PROFILED_ADMISSIBLE,,
780,781,feature,False,PROFILED_ADMISSIBLE,,
781,782,feature,False,PROFILED_ADMISSIBLE,,
782,783,feature,False,PROFILED_ADMISSIBLE,,
783,784,feature,False,PROFILED_ADMISSIBLE,,
784,785,feature,False,PROFILED_ADMISSIBLE,,
785,786,feature,False,PROFILED_ADMISSIBLE,,
786,787,feature,False,PROFILED_ADMISSIBLE,,
787,788,feature,False,PROFILED_ADMISSIBLE,,
788,789,feature,False,PROFILED_ADMISSIBLE,,
789,790,feature,False,PROFILED_ADMISSIBLE,,
790,791,feature,False,PROFILED_ADMISSIBLE,,
791,792,feature,False,PROFILED_ADMISSIBLE,,
792,793,feature,False,PROFILED_ADMISSIBLE,,
793,794,feature,False,PROFILED_ADMISSIBLE,,
794,795,feature,False,PROFILED_ADMISSIBLE,,
795,796,feature,False,PROFILED_ADMISSIBLE,,
796,797,feature,False,PROFILED_ADMISSIBLE,,
797,798,feature,False,PROFILED_ADMISSIBLE,,
798,799,feature,False,PROFILED_ADMISSIBLE,,
799,800,feature,False,PROFILED_ADMISSIBLE,,
800,801,feature,False,PROFILED_ADMISSIBLE,,
801,802,feature,False,PROFILED_ADMISSIBLE,,
802,803,feature,False,PROFILED_ADMISSIBLE,,
803,804,feature,False,PROFILED_ADMISSIBLE,,
804,805,feature,False,PROFILED_ADMISSIBLE,,
805,806,feature,False,PROFILED_ADMISSIBLE,,
806,807,feature,False,PROFILED_ADMISSIBLE,,
807,808,feature,False,PROFILED_ADMISSIBLE,,
808,809,feature,False,PROFILED_ADMISSIBLE,,
809,810,feature,False,PROFILED_ADMISSIBLE,,
810,811,feature,False,PROFILED_ADMISSIBLE,,
811,812,feature,False,PROFILED_ADMISSIBLE,,
812,813,feature,False,PROFILED_ADMISSIBLE,,
813,814,feature,False,PROFILED_ADMISSIBLE,,
814,815,feature,False,PROFILED_ADMISSIBLE,,
815,816,feature,False,PROFILED_ADMISSIBLE,,
816,817,feature,False,PROFILED_ADMISSIBLE,,
817,818,feature,False,PROFILED_ADMISSIBLE,,
818,819,feature,False,PROFILED_ADMISSIBLE,,
819,820,feature,False,PROFILED_ADMISSIBLE,,
820,821,feature,False,PROFILED_ADMISSIBLE,,
821,822,feature,False,PROFILED_ADMISSIBLE,,
822,823,feature,False,PROFILED_ADMISSIBLE,,
823,824,feature,False,PROFILED_ADMISSIBLE,,
824,825,feature,False,PROFILED_ADMISSIBLE,,
825,826,feature,False,PROFILED_ADMISSIBLE,,
826,827,feature,False,PROFILED_ADMISSIBLE,,
827,828,feature,False,PROFILED_ADMISSIBLE,,
828,829,feature,False,PROFILED_ADMISSIBLE,,
829,830,feature,False,PROFILED_ADMISSIBLE,,
830,831,feature,False,PROFILED_ADMISSIBLE,,
831,832,feature,False,PROFILED_ADMISSIBLE,,
832,833,feature,False,PROFILED_ADMISSIBLE,,
833,834,feature,False,PROFILED_ADMISSIBLE,,
834,835,feature,False,PROFILED_ADMISSIBLE,,
835,836,feature,False,PROFILED_ADMISSIBLE,,
836,837,feature,False,PROFILED_ADMISSIBLE,,
837,838,feature,False,PROFILED_ADMISSIBLE,,
838,839,feature,False,PROFILED_ADMISSIBLE,,
839,840,feature,False,PROFILED_ADMISSIBLE,,
840,841,feature,False,PROFILED_ADMISSIBLE,,
841,842,feature,False,PROFILED_ADMISSIBLE,,
842,843,feature,False,PROFILED_ADMISSIBLE,,
843,844,feature,False,PROFILED_ADMISSIBLE,,
844,845,feature,False,PROFILED_ADMISSIBLE,,
845,846,feature,False,PROFILED_ADMISSIBLE,,
846,847,feature,False,PROFILED_ADMISSIBLE,,
847,848,feature,False,PROFILED_ADMISSIBLE,,
848,849,feature,False,PROFILED_ADMISSIBLE,,
849,850,feature,False,PROFILED_ADMISSIBLE,,
850,851,feature,False,PROFILED_ADMISSIBLE,,
851,852,feature,False,PROFILED_ADMISSIBLE,,
852,853,feature,False,PROFILED_ADMISSIBLE,,
853,854,feature,False,PROFILED_ADMISSIBLE,,
854,855,feature,False,PROFILED_ADMISSIBLE,,
855,856,feature,False,PROFILED_ADMISSIBLE,,
856,857,feature,False,PROFILED_ADMISSIBLE,,
857,858,feature,False,PROFILED_ADMISSIBLE,,
858,859,feature,False,PROFILED_ADMISSIBLE,,
859,860,feature,False,PROFILED_ADMISSIBLE,,
860,861,feature,False,PROFILED_ADMISSIBLE,,
OT,862,feature,True,PROFILED_ADMISSIBLE,,
